timestamp, clocks.current.sm [MHz], clocks.current.memory [MHz], power.draw [W], temperature.gpu, utilization.gpu [%], clocks_event_reasons.active
2026/09/27 12:02:55.001, 2610 MHz, 15216 MHz, 41.67 W, 42, 0 %, 0x0000000000000400
2026/09/27 12:02:59.838, 2610 MHz, 15216 MHz, 41.78 W, 43, 0 %, 0x0000000000000400
2026/09/27 12:03:04.765, 2610 MHz, 15016 MHz, 45.79 W, 43, 2 %, 0x0000000000000400
2026/09/27 12:03:10.400, 2610 MHz, 15016 MHz, 43.83 W, 43, 0 %, 0x0000000000000400
2026/09/27 12:03:15.428, 2947 MHz, 15016 MHz, 58.42 W, 44, 0 %, 0x0000000000000400
2026/09/27 12:03:20.353, 2610 MHz, 15016 MHz, 44.58 W, 44, 0 %, 0x0000000000000400
2026/09/27 12:03:25.266, 2610 MHz, 15016 MHz, 44.68 W, 44, 0 %, 0x0000000000000400
2026/09/27 12:03:30.040, 2610 MHz, 15016 MHz, 44.25 W, 44, 0 %, 0x0000000000000400
2026/09/27 12:03:34.966, 2610 MHz, 15016 MHz, 44.74 W, 44, 0 %, 0x0000000000000400
2026/09/27 12:03:39.894, 2842 MHz, 15016 MHz, 52.88 W, 45, 0 %, 0x0000000000000400
2026/09/27 12:03:45.589, 2947 MHz, 15016 MHz, 85.75 W, 46, 0 %, 0x0000000000000400
2026/09/27 12:03:50.552, 2610 MHz, 15016 MHz, 49.06 W, 45, 0 %, 0x0000000000000400
2026/09/27 12:03:55.449, 2902 MHz, 15016 MHz, 237.52 W, 57, 0 %, 0x0000000000000400
2026/09/27 12:04:00.306, 2722 MHz, 15016 MHz, 53.29 W, 46, 0 %, 0x0000000000000400
2026/09/27 12:04:05.123, 2910 MHz, 15016 MHz, 219.42 W, 62, 100 %, 0x0000000000000004
2026/09/27 12:04:10.050, 2610 MHz, 15016 MHz, 45.34 W, 46, 0 %, 0x0000000000000400
2026/09/27 12:04:15.731, 2610 MHz, 15016 MHz, 45.17 W, 45, 0 %, 0x0000000000000400
2026/09/27 12:04:20.746, 2610 MHz, 15016 MHz, 44.89 W, 44, 0 %, 0x0000000000000400
2026/09/27 12:04:25.649, 2610 MHz, 15016 MHz, 43.48 W, 44, 0 %, 0x0000000000000400
2026/09/27 12:04:30.530, 2917 MHz, 15016 MHz, 214.10 W, 58, 95 %, 0x0000000000000400
2026/09/27 12:04:35.326, 2917 MHz, 15016 MHz, 201.61 W, 58, 97 %, 0x0000000000000400
2026/09/27 12:04:40.234, 2917 MHz, 15016 MHz, 196.97 W, 59, 97 %, 0x0000000000000400
2026/09/27 12:04:45.163, 2917 MHz, 15016 MHz, 199.20 W, 59, 97 %, 0x0000000000000400
2026/09/27 12:04:50.878, 2917 MHz, 15016 MHz, 198.42 W, 60, 96 %, 0x0000000000000400
2026/09/27 12:04:55.852, 2917 MHz, 15016 MHz, 211.73 W, 60, 97 %, 0x0000000000000400
2026/09/27 12:05:00.743, 2902 MHz, 15016 MHz, 207.31 W, 61, 97 %, 0x0000000000000400
2026/09/27 12:05:05.610, 2902 MHz, 15016 MHz, 221.53 W, 62, 97 %, 0x0000000000000400
2026/09/27 12:05:10.419, 2902 MHz, 15016 MHz, 220.29 W, 63, 97 %, 0x0000000000000400
2026/09/27 12:05:15.345, 2902 MHz, 15016 MHz, 189.73 W, 61, 97 %, 0x0000000000000400
2026/09/27 12:05:20.272, 2902 MHz, 15016 MHz, 199.46 W, 62, 97 %, 0x0000000000000400
2026/09/27 12:05:25.965, 2902 MHz, 15016 MHz, 213.82 W, 63, 97 %, 0x0000000000000400
2026/09/27 12:05:30.891, 2902 MHz, 15016 MHz, 198.62 W, 62, 98 %, 0x0000000000000400
2026/09/27 12:05:35.802, 2902 MHz, 15016 MHz, 206.92 W, 63, 96 %, 0x0000000000000400
2026/09/27 12:05:40.608, 2902 MHz, 15016 MHz, 221.24 W, 64, 97 %, 0x0000000000000400
2026/09/27 12:05:45.514, 2902 MHz, 15016 MHz, 214.35 W, 63, 97 %, 0x0000000000000400
2026/09/27 12:05:50.442, 2887 MHz, 15016 MHz, 305.10 W, 71, 100 %, 0x0000000000000400
2026/09/27 12:05:56.103, 2902 MHz, 15016 MHz, 211.23 W, 64, 96 %, 0x0000000000000400
2026/09/27 12:06:01.074, 2902 MHz, 15016 MHz, 218.21 W, 64, 98 %, 0x0000000000000400
2026/09/27 12:06:05.965, 2902 MHz, 15016 MHz, 205.94 W, 63, 97 %, 0x0000000000000400
2026/09/27 12:06:10.842, 2902 MHz, 15016 MHz, 218.27 W, 63, 97 %, 0x0000000000000400
2026/09/27 12:06:15.688, 2917 MHz, 15016 MHz, 150.01 W, 56, 0 %, 0x0000000000000400
2026/09/27 12:06:20.614, 2610 MHz, 15016 MHz, 49.26 W, 49, 0 %, 0x0000000000000400
2026/09/27 12:06:25.541, 2610 MHz, 15216 MHz, 45.72 W, 48, 0 %, 0x0000000000000400
2026/09/27 12:06:31.235, 2610 MHz, 15216 MHz, 44.76 W, 47, 0 %, 0x0000000000000400
2026/09/27 12:06:36.139, 2610 MHz, 15216 MHz, 44.57 W, 47, 0 %, 0x0000000000000400
2026/09/27 12:06:41.012, 2610 MHz, 15216 MHz, 43.98 W, 46, 0 %, 0x0000000000000400
2026/09/27 12:06:45.889, 2610 MHz, 15216 MHz, 43.70 W, 46, 0 %, 0x0000000000000400
2026/09/27 12:06:50.782, 2610 MHz, 15216 MHz, 43.46 W, 45, 0 %, 0x0000000000000400
2026/09/27 12:06:55.704, 2610 MHz, 15216 MHz, 43.23 W, 44, 0 %, 0x0000000000000400
2026/09/27 12:07:01.431, 2610 MHz, 15216 MHz, 43.06 W, 44, 0 %, 0x0000000000000400
2026/09/27 12:07:06.349, 2700 MHz, 15016 MHz, 48.56 W, 44, 0 %, 0x0000000000000400
2026/09/27 12:07:11.264, 2610 MHz, 15016 MHz, 44.78 W, 43, 0 %, 0x0000000000000400
2026/09/27 12:07:16.179, 2947 MHz, 15016 MHz, 56.27 W, 43, 0 %, 0x0000000000000400
2026/09/27 12:07:21.092, 2610 MHz, 15016 MHz, 45.22 W, 42, 0 %, 0x0000000000000400
2026/09/27 12:07:26.004, 2610 MHz, 15016 MHz, 45.25 W, 42, 0 %, 0x0000000000000400
2026/09/27 12:07:30.918, 2610 MHz, 15016 MHz, 43.99 W, 42, 0 %, 0x0000000000000400
2026/09/27 12:07:36.545, 2610 MHz, 15016 MHz, 43.93 W, 41, 0 %, 0x0000000000000400
2026/09/27 12:07:41.459, 2947 MHz, 15016 MHz, 56.77 W, 42, 0 %, 0x0000000000000400
2026/09/27 12:07:46.374, 2812 MHz, 15016 MHz, 69.37 W, 46, 98 %, 0x0000000000000400
2026/09/27 12:07:51.286, 2722 MHz, 15016 MHz, 51.20 W, 42, 0 %, 0x0000000000000400
2026/09/27 12:07:56.199, 2887 MHz, 15016 MHz, 325.75 W, 64, 100 %, 0x0000000000000004
2026/09/27 12:08:01.113, 2610 MHz, 15016 MHz, 45.38 W, 44, 0 %, 0x0000000000000400
2026/09/27 12:08:06.666, 2610 MHz, 15016 MHz, 44.30 W, 43, 0 %, 0x0000000000000400
2026/09/27 12:08:11.580, 2947 MHz, 15016 MHz, 125.16 W, 44, 55 %, 0x0000000000000004
2026/09/27 12:08:16.503, 2610 MHz, 15016 MHz, 44.35 W, 43, 0 %, 0x0000000000000400
2026/09/27 12:08:21.417, 2610 MHz, 15016 MHz, 43.90 W, 42, 0 %, 0x0000000000000400
2026/09/27 12:08:26.330, 2610 MHz, 15016 MHz, 43.64 W, 42, 0 %, 0x0000000000000400
2026/09/27 12:08:31.243, 2610 MHz, 15016 MHz, 42.92 W, 42, 0 %, 0x0000000000000400
2026/09/27 12:08:36.157, 2917 MHz, 15016 MHz, 219.28 W, 55, 96 %, 0x0000000000000400
2026/09/27 12:08:41.789, 2872 MHz, 15016 MHz, 341.62 W, 67, 100 %, 0x0000000000000004
2026/09/27 12:08:46.704, 2857 MHz, 15016 MHz, 340.02 W, 70, 100 %, 0x0000000000000004
2026/09/27 12:08:51.621, 2865 MHz, 15016 MHz, 338.28 W, 74, 100 %, 0x0000000000000004
2026/09/27 12:08:56.533, 2865 MHz, 15016 MHz, 339.94 W, 73, 100 %, 0x0000000000000004
2026/09/27 12:09:01.446, 2865 MHz, 15016 MHz, 340.14 W, 77, 99 %, 0x0000000000000004
2026/09/27 12:09:06.359, 2865 MHz, 15016 MHz, 327.27 W, 77, 77 %, 0x0000000000000004
2026/09/27 12:09:11.985, 2865 MHz, 15016 MHz, 340.89 W, 75, 99 %, 0x0000000000000004
2026/09/27 12:09:16.903, 2865 MHz, 15016 MHz, 341.37 W, 76, 100 %, 0x0000000000000004
2026/09/27 12:09:21.818, 2872 MHz, 15016 MHz, 341.56 W, 78, 100 %, 0x0000000000000004
2026/09/27 12:09:26.731, 2872 MHz, 15016 MHz, 341.91 W, 78, 98 %, 0x0000000000000004
2026/09/27 12:09:31.644, 2872 MHz, 15016 MHz, 341.62 W, 76, 100 %, 0x0000000000000004
2026/09/27 12:09:36.557, 2857 MHz, 15016 MHz, 343.60 W, 78, 100 %, 0x0000000000000004
2026/09/27 12:09:41.470, 2857 MHz, 15016 MHz, 341.12 W, 78, 100 %, 0x0000000000000004
2026/09/27 12:09:47.092, 2857 MHz, 15016 MHz, 342.36 W, 78, 100 %, 0x0000000000000004
2026/09/27 12:09:52.008, 2857 MHz, 15016 MHz, 341.68 W, 79, 98 %, 0x0000000000000004
2026/09/27 12:09:56.924, 2865 MHz, 15016 MHz, 340.92 W, 77, 100 %, 0x0000000000000004
2026/09/27 12:10:01.837, 2872 MHz, 15016 MHz, 342.40 W, 76, 100 %, 0x0000000000000004
2026/09/27 12:10:06.750, 2865 MHz, 15016 MHz, 342.95 W, 79, 100 %, 0x0000000000000004
2026/09/27 12:10:11.662, 2857 MHz, 15016 MHz, 341.93 W, 79, 100 %, 0x0000000000000004
2026/09/27 12:10:16.575, 2857 MHz, 15016 MHz, 343.30 W, 79, 100 %, 0x0000000000000004
2026/09/27 12:10:22.211, 2865 MHz, 15016 MHz, 342.51 W, 79, 100 %, 0x0000000000000004
2026/09/27 12:10:27.125, 2865 MHz, 15016 MHz, 341.31 W, 72, 100 %, 0x0000000000000004
2026/09/27 12:10:32.039, 2857 MHz, 15016 MHz, 341.64 W, 78, 100 %, 0x0000000000000004
2026/09/27 12:10:36.951, 2880 MHz, 15016 MHz, 320.82 W, 76, 100 %, 0x0000000000000004
2026/09/27 12:10:41.864, 2865 MHz, 15016 MHz, 340.07 W, 79, 100 %, 0x0000000000000004
2026/09/27 12:10:46.778, 2857 MHz, 15016 MHz, 341.07 W, 78, 100 %, 0x0000000000000004
2026/09/27 12:10:52.480, 2865 MHz, 15016 MHz, 341.08 W, 78, 100 %, 0x0000000000000004
2026/09/27 12:10:57.393, 2857 MHz, 15016 MHz, 341.44 W, 78, 99 %, 0x0000000000000004
2026/09/27 12:11:02.307, 2865 MHz, 15016 MHz, 342.68 W, 78, 100 %, 0x0000000000000004
2026/09/27 12:11:07.220, 2857 MHz, 15016 MHz, 342.35 W, 77, 100 %, 0x0000000000000004
2026/09/27 12:11:12.132, 2857 MHz, 15016 MHz, 340.88 W, 78, 100 %, 0x0000000000000004
2026/09/27 12:11:17.046, 2902 MHz, 15016 MHz, 249.80 W, 64, 98 %, 0x0000000000000400
2026/09/27 12:11:21.958, 2902 MHz, 15016 MHz, 227.05 W, 62, 97 %, 0x0000000000000400
2026/09/27 12:11:27.587, 2857 MHz, 15016 MHz, 345.74 W, 73, 99 %, 0x0000000000000004
2026/09/27 12:11:32.503, 2857 MHz, 15016 MHz, 342.53 W, 75, 100 %, 0x0000000000000004
2026/09/27 12:11:37.420, 2857 MHz, 15016 MHz, 342.17 W, 78, 100 %, 0x0000000000000004
2026/09/27 12:11:42.335, 2857 MHz, 15016 MHz, 344.97 W, 77, 100 %, 0x0000000000000004
2026/09/27 12:11:47.248, 2865 MHz, 15016 MHz, 343.60 W, 76, 100 %, 0x0000000000000004
2026/09/27 12:11:52.162, 2872 MHz, 15016 MHz, 326.13 W, 78, 100 %, 0x0000000000000004
2026/09/27 12:11:57.793, 2865 MHz, 15016 MHz, 342.63 W, 78, 100 %, 0x0000000000000004
2026/09/27 12:12:02.708, 2857 MHz, 15016 MHz, 344.27 W, 77, 100 %, 0x0000000000000004
2026/09/27 12:12:07.625, 2857 MHz, 15016 MHz, 343.02 W, 79, 100 %, 0x0000000000000004
2026/09/27 12:12:12.539, 2872 MHz, 15016 MHz, 343.14 W, 79, 100 %, 0x0000000000000004
2026/09/27 12:12:17.462, 2872 MHz, 15016 MHz, 343.84 W, 78, 100 %, 0x0000000000000004
2026/09/27 12:12:22.375, 2857 MHz, 15016 MHz, 341.43 W, 79, 100 %, 0x0000000000000004
2026/09/27 12:12:27.288, 2857 MHz, 15016 MHz, 342.51 W, 79, 100 %, 0x0000000000000004
2026/09/27 12:12:32.854, 2857 MHz, 15016 MHz, 343.26 W, 79, 100 %, 0x0000000000000004
2026/09/27 12:12:37.766, 2857 MHz, 15016 MHz, 343.01 W, 79, 100 %, 0x0000000000000004
2026/09/27 12:12:42.676, 2872 MHz, 15016 MHz, 343.25 W, 75, 100 %, 0x0000000000000004
2026/09/27 12:12:47.575, 2865 MHz, 15016 MHz, 342.62 W, 75, 100 %, 0x0000000000000004
2026/09/27 12:12:52.480, 2857 MHz, 15016 MHz, 344.04 W, 79, 100 %, 0x0000000000000004
2026/09/27 12:12:57.390, 2857 MHz, 15016 MHz, 343.43 W, 79, 100 %, 0x0000000000000004
2026/09/27 12:13:03.059, 2857 MHz, 15016 MHz, 344.02 W, 79, 100 %, 0x0000000000000004
2026/09/27 12:13:07.988, 2857 MHz, 15016 MHz, 342.19 W, 79, 100 %, 0x0000000000000004
2026/09/27 12:13:12.901, 2872 MHz, 15016 MHz, 341.58 W, 74, 100 %, 0x0000000000000004
2026/09/27 12:13:17.795, 2857 MHz, 15016 MHz, 340.68 W, 79, 100 %, 0x0000000000000004
2026/09/27 12:13:22.672, 2865 MHz, 15016 MHz, 317.62 W, 77, 100 %, 0x0000000000000004
2026/09/27 12:13:27.579, 2865 MHz, 15016 MHz, 340.14 W, 78, 100 %, 0x0000000000000004
2026/09/27 12:13:32.489, 2865 MHz, 15016 MHz, 339.91 W, 74, 100 %, 0x0000000000000004
2026/09/27 12:13:38.256, 2865 MHz, 15016 MHz, 341.95 W, 78, 100 %, 0x0000000000000004
2026/09/27 12:13:43.175, 2857 MHz, 15016 MHz, 340.95 W, 73, 100 %, 0x0000000000000004
2026/09/27 12:13:48.091, 2857 MHz, 15016 MHz, 343.82 W, 79, 100 %, 0x0000000000000004
2026/09/27 12:13:52.991, 2857 MHz, 15016 MHz, 342.17 W, 79, 100 %, 0x0000000000000004
2026/09/27 12:13:57.893, 2857 MHz, 15016 MHz, 341.45 W, 77, 100 %, 0x0000000000000004
2026/09/27 12:14:02.799, 2902 MHz, 15016 MHz, 247.29 W, 64, 98 %, 0x0000000000000400
2026/09/27 12:14:07.707, 2610 MHz, 15016 MHz, 51.38 W, 49, 0 %, 0x0000000000000400
2026/09/27 12:14:13.368, 2610 MHz, 15216 MHz, 46.15 W, 47, 0 %, 0x0000000000000400
2026/09/27 12:14:18.280, 2610 MHz, 15216 MHz, 44.97 W, 46, 0 %, 0x0000000000000400
2026/09/27 12:14:23.191, 2610 MHz, 15216 MHz, 44.27 W, 46, 0 %, 0x0000000000000400
2026/09/27 12:14:28.101, 2610 MHz, 15216 MHz, 44.08 W, 45, 0 %, 0x0000000000000400
2026/09/27 12:14:33.012, 2610 MHz, 15216 MHz, 43.76 W, 45, 0 %, 0x0000000000000400
2026/09/27 12:14:37.923, 2610 MHz, 15216 MHz, 43.20 W, 44, 0 %, 0x0000000000000400
2026/09/27 12:14:43.569, 2610 MHz, 15216 MHz, 43.12 W, 44, 0 %, 0x0000000000000400
2026/09/27 12:14:48.500, 2610 MHz, 15216 MHz, 42.92 W, 43, 0 %, 0x0000000000000400
2026/09/27 12:14:53.442, 2610 MHz, 15016 MHz, 45.01 W, 43, 0 %, 0x0000000000000400
2026/09/27 12:14:58.353, 2610 MHz, 15016 MHz, 45.83 W, 43, 2 %, 0x0000000000000400
2026/09/27 12:15:03.263, 2610 MHz, 15016 MHz, 45.14 W, 42, 0 %, 0x0000000000000400
2026/09/27 12:15:08.171, 2610 MHz, 15016 MHz, 44.87 W, 42, 0 %, 0x0000000000000400
2026/09/27 12:15:13.081, 2947 MHz, 15016 MHz, 56.38 W, 42, 0 %, 0x0000000000000400
2026/09/27 12:15:18.675, 2617 MHz, 15016 MHz, 43.75 W, 41, 0 %, 0x0000000000000400
2026/09/27 12:15:23.587, 2610 MHz, 15016 MHz, 43.88 W, 42, 0 %, 0x0000000000000400
2026/09/27 12:15:28.496, 2610 MHz, 15016 MHz, 43.80 W, 42, 0 %, 0x0000000000000400
2026/09/27 12:15:33.404, 2610 MHz, 15016 MHz, 44.23 W, 42, 0 %, 0x0000000000000400
2026/09/27 12:15:38.284, 2610 MHz, 15016 MHz, 50.26 W, 43, 36 %, 0x0000000000000400
2026/09/27 12:15:43.166, 2610 MHz, 15016 MHz, 44.39 W, 43, 0 %, 0x0000000000000400
2026/09/27 12:15:48.822, 2947 MHz, 15016 MHz, 57.53 W, 47, 0 %, 0x0000000000000400
2026/09/27 12:15:53.737, 2610 MHz, 15016 MHz, 45.13 W, 45, 0 %, 0x0000000000000400
2026/09/27 12:15:58.650, 2610 MHz, 15016 MHz, 44.54 W, 44, 0 %, 0x0000000000000400
2026/09/27 12:16:03.561, 2947 MHz, 15016 MHz, 57.91 W, 48, 0 %, 0x0000000000000400
2026/09/27 12:16:08.471, 2610 MHz, 15016 MHz, 45.24 W, 46, 0 %, 0x0000000000000400
2026/09/27 12:16:13.377, 2610 MHz, 15016 MHz, 45.22 W, 46, 0 %, 0x0000000000000400
2026/09/27 12:16:18.287, 2610 MHz, 15016 MHz, 45.42 W, 46, 0 %, 0x0000000000000400
2026/09/27 12:16:23.923, 2917 MHz, 15016 MHz, 153.70 W, 50, 88 %, 0x0000000000000400
2026/09/27 12:16:28.840, 2917 MHz, 15016 MHz, 276.62 W, 64, 100 %, 0x0000000000000004
2026/09/27 12:16:33.751, 2902 MHz, 15016 MHz, 259.36 W, 69, 100 %, 0x0000000000000400
2026/09/27 12:16:38.661, 2910 MHz, 15016 MHz, 237.51 W, 68, 100 %, 0x0000000000000400
2026/09/27 12:16:43.571, 2902 MHz, 15016 MHz, 240.20 W, 66, 100 %, 0x0000000000000400
2026/09/27 12:16:48.480, 2910 MHz, 15016 MHz, 204.62 W, 66, 76 %, 0x0000000000000400
2026/09/27 12:16:54.199, 2910 MHz, 15016 MHz, 190.41 W, 61, 100 %, 0x0000000000000400
2026/09/27 12:16:59.110, 2902 MHz, 15016 MHz, 186.36 W, 61, 100 %, 0x0000000000000400
2026/09/27 12:17:04.021, 2910 MHz, 15016 MHz, 169.25 W, 60, 100 %, 0x0000000000000400
2026/09/27 12:17:08.930, 2902 MHz, 15016 MHz, 184.53 W, 60, 100 %, 0x0000000000000400
2026/09/27 12:17:13.838, 2910 MHz, 15016 MHz, 168.46 W, 59, 100 %, 0x0000000000000400
2026/09/27 12:17:18.745, 2910 MHz, 15016 MHz, 167.92 W, 65, 100 %, 0x0000000000000400
2026/09/27 12:17:23.655, 2910 MHz, 15016 MHz, 169.54 W, 59, 100 %, 0x0000000000000400
2026/09/27 12:17:29.252, 2917 MHz, 15016 MHz, 182.94 W, 59, 100 %, 0x0000000000000400
2026/09/27 12:17:34.164, 2910 MHz, 15016 MHz, 167.32 W, 59, 100 %, 0x0000000000000400
2026/09/27 12:17:39.073, 2910 MHz, 15016 MHz, 167.02 W, 58, 100 %, 0x0000000000000400
2026/09/27 12:17:43.981, 2910 MHz, 15016 MHz, 167.00 W, 63, 100 %, 0x0000000000000400
2026/09/27 12:17:48.889, 2917 MHz, 15016 MHz, 167.53 W, 58, 100 %, 0x0000000000000400
2026/09/27 12:17:53.797, 2902 MHz, 15016 MHz, 167.91 W, 58, 100 %, 0x0000000000000400
2026/09/27 12:17:58.709, 2910 MHz, 15016 MHz, 165.15 W, 59, 100 %, 0x0000000000000400
2026/09/27 12:18:04.369, 2902 MHz, 15016 MHz, 165.54 W, 58, 100 %, 0x0000000000000400
2026/09/27 12:18:09.278, 2910 MHz, 15016 MHz, 164.96 W, 58, 100 %, 0x0000000000000400
2026/09/27 12:18:14.188, 2910 MHz, 15016 MHz, 166.97 W, 58, 100 %, 0x0000000000000400
2026/09/27 12:18:19.098, 2917 MHz, 15016 MHz, 166.66 W, 57, 100 %, 0x0000000000000400
2026/09/27 12:18:24.008, 2910 MHz, 15016 MHz, 166.22 W, 58, 100 %, 0x0000000000000400
2026/09/27 12:18:28.918, 2902 MHz, 15016 MHz, 166.26 W, 64, 100 %, 0x0000000000000400
2026/09/27 12:18:34.636, 2910 MHz, 15016 MHz, 164.18 W, 57, 100 %, 0x0000000000000400
2026/09/27 12:18:39.547, 2902 MHz, 15016 MHz, 166.07 W, 58, 100 %, 0x0000000000000400
2026/09/27 12:18:44.457, 2917 MHz, 15016 MHz, 148.85 W, 57, 100 %, 0x0000000000000004
2026/09/27 12:18:49.376, 2910 MHz, 15016 MHz, 164.00 W, 57, 100 %, 0x0000000000000400
2026/09/27 12:18:54.283, 2910 MHz, 15016 MHz, 164.26 W, 58, 100 %, 0x0000000000000400
2026/09/27 12:18:59.191, 2917 MHz, 15016 MHz, 147.90 W, 57, 100 %, 0x0000000000000004
2026/09/27 12:19:04.103, 2910 MHz, 15016 MHz, 164.07 W, 58, 100 %, 0x0000000000000400
2026/09/27 12:19:09.767, 2910 MHz, 15016 MHz, 165.47 W, 57, 100 %, 0x0000000000000400
2026/09/27 12:19:14.680, 2910 MHz, 15016 MHz, 163.81 W, 58, 100 %, 0x0000000000000400
2026/09/27 12:19:19.580, 2910 MHz, 15016 MHz, 147.98 W, 57, 100 %, 0x0000000000000400
2026/09/27 12:19:24.478, 2902 MHz, 15016 MHz, 166.10 W, 62, 100 %, 0x0000000000000400
2026/09/27 12:19:29.382, 2910 MHz, 15016 MHz, 164.04 W, 58, 100 %, 0x0000000000000400
2026/09/27 12:19:34.287, 2910 MHz, 15016 MHz, 154.66 W, 58, 100 %, 0x0000000000000400
2026/09/27 12:19:39.917, 2910 MHz, 15016 MHz, 148.56 W, 58, 100 %, 0x0000000000000004
2026/09/27 12:19:44.864, 2910 MHz, 15016 MHz, 165.68 W, 58, 100 %, 0x0000000000000400
2026/09/27 12:19:49.785, 2910 MHz, 15016 MHz, 166.34 W, 57, 100 %, 0x0000000000000400
2026/09/27 12:19:54.630, 2902 MHz, 15016 MHz, 164.72 W, 59, 100 %, 0x0000000000000400
2026/09/27 12:19:59.540, 2910 MHz, 15016 MHz, 164.41 W, 59, 100 %, 0x0000000000000400
2026/09/27 12:20:04.456, 2902 MHz, 15016 MHz, 165.93 W, 59, 100 %, 0x0000000000000400
2026/09/27 12:20:09.381, 2902 MHz, 15016 MHz, 164.24 W, 59, 100 %, 0x0000000000000400
2026/09/27 12:20:15.065, 2902 MHz, 15016 MHz, 165.54 W, 59, 100 %, 0x0000000000000400
2026/09/27 12:20:20.027, 2917 MHz, 15016 MHz, 165.18 W, 58, 100 %, 0x0000000000000400
2026/09/27 12:20:24.929, 2910 MHz, 15016 MHz, 165.46 W, 59, 100 %, 0x0000000000000400
2026/09/27 12:20:29.829, 2902 MHz, 15016 MHz, 165.54 W, 64, 100 %, 0x0000000000000400
2026/09/27 12:20:34.709, 2910 MHz, 15016 MHz, 148.01 W, 58, 100 %, 0x0000000000000400
2026/09/27 12:20:39.615, 2910 MHz, 15016 MHz, 148.57 W, 58, 100 %, 0x0000000000000400
2026/09/27 12:20:45.257, 2910 MHz, 15016 MHz, 164.56 W, 58, 100 %, 0x0000000000000400
2026/09/27 12:20:50.234, 2910 MHz, 15016 MHz, 164.79 W, 59, 100 %, 0x0000000000000400
2026/09/27 12:20:55.145, 2910 MHz, 15016 MHz, 147.63 W, 58, 100 %, 0x0000000000000400
2026/09/27 12:21:00.033, 2910 MHz, 15016 MHz, 149.00 W, 59, 100 %, 0x0000000000000400
2026/09/27 12:21:04.918, 2910 MHz, 15016 MHz, 165.47 W, 59, 100 %, 0x0000000000000400
2026/09/27 12:21:09.802, 2910 MHz, 15016 MHz, 158.79 W, 59, 100 %, 0x0000000000000004
2026/09/27 12:21:14.725, 2910 MHz, 15016 MHz, 149.23 W, 59, 100 %, 0x0000000000000400
2026/09/27 12:21:20.384, 2902 MHz, 15016 MHz, 166.90 W, 60, 100 %, 0x0000000000000400
2026/09/27 12:21:25.338, 2910 MHz, 15016 MHz, 149.52 W, 59, 100 %, 0x0000000000000400
2026/09/27 12:21:30.229, 2910 MHz, 15016 MHz, 166.60 W, 59, 100 %, 0x0000000000000400
2026/09/27 12:21:35.116, 2910 MHz, 15016 MHz, 148.99 W, 59, 100 %, 0x0000000000000400
2026/09/27 12:21:40.028, 2910 MHz, 15016 MHz, 165.83 W, 59, 100 %, 0x0000000000000400
2026/09/27 12:21:44.941, 2910 MHz, 15016 MHz, 150.02 W, 59, 100 %, 0x0000000000000400
2026/09/27 12:21:49.858, 2910 MHz, 15016 MHz, 165.24 W, 59, 100 %, 0x0000000000000400
2026/09/27 12:21:55.553, 2910 MHz, 15016 MHz, 149.66 W, 59, 100 %, 0x0000000000000400
2026/09/27 12:22:00.490, 2902 MHz, 15016 MHz, 166.13 W, 60, 100 %, 0x0000000000000400
2026/09/27 12:22:05.384, 2910 MHz, 15016 MHz, 150.40 W, 59, 100 %, 0x0000000000000400
2026/09/27 12:22:10.237, 2910 MHz, 15016 MHz, 165.42 W, 59, 100 %, 0x0000000000000400
2026/09/27 12:22:15.094, 2910 MHz, 15016 MHz, 149.98 W, 59, 100 %, 0x0000000000000400
2026/09/27 12:22:20.009, 2910 MHz, 15016 MHz, 150.12 W, 59, 100 %, 0x0000000000000400
2026/09/27 12:22:25.769, 2910 MHz, 15016 MHz, 167.63 W, 60, 100 %, 0x0000000000000400
2026/09/27 12:22:30.772, 2910 MHz, 15016 MHz, 150.09 W, 59, 100 %, 0x0000000000000400
2026/09/27 12:22:35.640, 2910 MHz, 15016 MHz, 149.53 W, 59, 100 %, 0x0000000000000400
2026/09/27 12:22:40.493, 2910 MHz, 15016 MHz, 168.09 W, 60, 100 %, 0x0000000000000400
2026/09/27 12:22:45.312, 2910 MHz, 15016 MHz, 150.73 W, 59, 100 %, 0x0000000000000400
2026/09/27 12:22:50.170, 2910 MHz, 15016 MHz, 150.19 W, 59, 100 %, 0x0000000000000400
2026/09/27 12:22:55.104, 2902 MHz, 15016 MHz, 167.15 W, 61, 100 %, 0x0000000000000400
2026/09/27 12:23:00.898, 2902 MHz, 15016 MHz, 167.32 W, 60, 100 %, 0x0000000000000400
2026/09/27 12:23:05.880, 2910 MHz, 15016 MHz, 150.40 W, 60, 100 %, 0x0000000000000400
2026/09/27 12:23:10.771, 2910 MHz, 15016 MHz, 151.00 W, 60, 100 %, 0x0000000000000400
2026/09/27 12:23:15.590, 2910 MHz, 15016 MHz, 166.32 W, 59, 100 %, 0x0000000000000400
2026/09/27 12:23:20.405, 2902 MHz, 15016 MHz, 166.22 W, 60, 100 %, 0x0000000000000400
2026/09/27 12:23:25.322, 2902 MHz, 15016 MHz, 166.07 W, 60, 100 %, 0x0000000000000400
2026/09/27 12:23:31.105, 2910 MHz, 15016 MHz, 150.22 W, 60, 100 %, 0x0000000000000400
2026/09/27 12:23:36.107, 2910 MHz, 15016 MHz, 150.64 W, 60, 100 %, 0x0000000000000400
2026/09/27 12:23:40.969, 2910 MHz, 15016 MHz, 150.72 W, 60, 100 %, 0x0000000000000400
2026/09/27 12:23:45.800, 2910 MHz, 15016 MHz, 167.50 W, 60, 100 %, 0x0000000000000400
2026/09/27 12:23:50.647, 2910 MHz, 15016 MHz, 166.53 W, 65, 100 %, 0x0000000000000400
2026/09/27 12:23:55.518, 2902 MHz, 15016 MHz, 168.40 W, 60, 100 %, 0x0000000000000400
2026/09/27 12:24:00.440, 2910 MHz, 15016 MHz, 166.12 W, 60, 100 %, 0x0000000000000400
2026/09/27 12:24:06.266, 2902 MHz, 15016 MHz, 149.81 W, 60, 100 %, 0x0000000000000400
2026/09/27 12:24:11.199, 2910 MHz, 15016 MHz, 150.64 W, 60, 100 %, 0x0000000000000400
2026/09/27 12:24:16.042, 2902 MHz, 15016 MHz, 150.03 W, 60, 100 %, 0x0000000000000400
2026/09/27 12:24:20.886, 2910 MHz, 15016 MHz, 150.65 W, 60, 100 %, 0x0000000000000400
2026/09/27 12:24:25.732, 2910 MHz, 15016 MHz, 150.63 W, 60, 100 %, 0x0000000000000400
2026/09/27 12:24:30.640, 2910 MHz, 15016 MHz, 150.80 W, 60, 100 %, 0x0000000000000400
2026/09/27 12:24:36.363, 2910 MHz, 15016 MHz, 150.82 W, 60, 100 %, 0x0000000000000400
2026/09/27 12:24:41.370, 2902 MHz, 15016 MHz, 150.26 W, 60, 100 %, 0x0000000000000400
2026/09/27 12:24:46.260, 2902 MHz, 15016 MHz, 150.54 W, 60, 100 %, 0x0000000000000400
2026/09/27 12:24:51.130, 2910 MHz, 15016 MHz, 150.71 W, 60, 100 %, 0x0000000000000400
2026/09/27 12:24:55.952, 2910 MHz, 15016 MHz, 150.25 W, 60, 100 %, 0x0000000000000400
2026/09/27 12:25:00.823, 2910 MHz, 15016 MHz, 150.85 W, 60, 100 %, 0x0000000000000400
2026/09/27 12:25:05.736, 2902 MHz, 15016 MHz, 150.44 W, 60, 100 %, 0x0000000000000400
2026/09/27 12:25:11.539, 2910 MHz, 15016 MHz, 151.21 W, 60, 100 %, 0x0000000000000400
2026/09/27 12:25:16.487, 2902 MHz, 15016 MHz, 150.41 W, 60, 100 %, 0x0000000000000400
2026/09/27 12:25:21.344, 2910 MHz, 15016 MHz, 150.25 W, 60, 100 %, 0x0000000000000400
2026/09/27 12:25:26.202, 2910 MHz, 15016 MHz, 153.29 W, 60, 100 %, 0x0000000000000400
2026/09/27 12:25:31.050, 2902 MHz, 15016 MHz, 168.04 W, 60, 100 %, 0x0000000000000400
2026/09/27 12:25:35.966, 2902 MHz, 15016 MHz, 167.98 W, 60, 100 %, 0x0000000000000400
2026/09/27 12:25:40.894, 2910 MHz, 15016 MHz, 165.64 W, 66, 100 %, 0x0000000000000400
2026/09/27 12:25:46.725, 2910 MHz, 15016 MHz, 167.19 W, 60, 100 %, 0x0000000000000400
2026/09/27 12:25:51.607, 2902 MHz, 15016 MHz, 150.42 W, 60, 100 %, 0x0000000000000400
2026/09/27 12:25:56.448, 2910 MHz, 15016 MHz, 150.27 W, 60, 100 %, 0x0000000000000400
2026/09/27 12:26:01.310, 2910 MHz, 15016 MHz, 150.34 W, 60, 100 %, 0x0000000000000400
2026/09/27 12:26:06.183, 2910 MHz, 15016 MHz, 150.78 W, 60, 100 %, 0x0000000000000400
2026/09/27 12:26:11.092, 2910 MHz, 15016 MHz, 169.28 W, 60, 100 %, 0x0000000000000400
2026/09/27 12:26:16.893, 2910 MHz, 15016 MHz, 165.67 W, 60, 100 %, 0x0000000000000400
2026/09/27 12:26:21.797, 2910 MHz, 15016 MHz, 166.21 W, 61, 100 %, 0x0000000000000400
2026/09/27 12:26:26.696, 2910 MHz, 15016 MHz, 150.82 W, 60, 100 %, 0x0000000000000400
2026/09/27 12:26:31.595, 2902 MHz, 15016 MHz, 149.60 W, 60, 100 %, 0x0000000000000400
2026/09/27 12:26:36.490, 2910 MHz, 15016 MHz, 150.76 W, 60, 100 %, 0x0000000000000400
2026/09/27 12:26:41.388, 2902 MHz, 15016 MHz, 165.30 W, 60, 100 %, 0x0000000000000400
2026/09/27 12:26:46.289, 2910 MHz, 15016 MHz, 167.43 W, 61, 100 %, 0x0000000000000400
2026/09/27 12:26:51.962, 2910 MHz, 15016 MHz, 150.35 W, 60, 100 %, 0x0000000000000400
2026/09/27 12:26:56.863, 2910 MHz, 15016 MHz, 150.36 W, 60, 100 %, 0x0000000000000400
2026/09/27 12:27:01.754, 2902 MHz, 15016 MHz, 150.46 W, 60, 100 %, 0x0000000000000400
2026/09/27 12:27:06.645, 2902 MHz, 15016 MHz, 167.01 W, 60, 100 %, 0x0000000000000400
2026/09/27 12:27:11.535, 2902 MHz, 15016 MHz, 156.30 W, 60, 100 %, 0x0000000000000400
2026/09/27 12:27:16.444, 2902 MHz, 15016 MHz, 149.97 W, 60, 100 %, 0x0000000000000400
2026/09/27 12:27:22.188, 2902 MHz, 15016 MHz, 150.16 W, 60, 100 %, 0x0000000000000400
2026/09/27 12:27:27.104, 2902 MHz, 15016 MHz, 167.39 W, 60, 100 %, 0x0000000000000400
2026/09/27 12:27:32.016, 2910 MHz, 15016 MHz, 158.12 W, 60, 98 %, 0x0000000000000400
2026/09/27 12:27:36.932, 2910 MHz, 15016 MHz, 149.94 W, 60, 100 %, 0x0000000000000400
2026/09/27 12:27:41.843, 2910 MHz, 15016 MHz, 149.90 W, 60, 100 %, 0x0000000000000400
2026/09/27 12:27:46.751, 2902 MHz, 15016 MHz, 165.95 W, 60, 100 %, 0x0000000000000400
2026/09/27 12:27:51.659, 2910 MHz, 15016 MHz, 150.82 W, 60, 100 %, 0x0000000000000400
2026/09/27 12:27:57.305, 2910 MHz, 15016 MHz, 150.64 W, 60, 100 %, 0x0000000000000400
2026/09/27 12:28:02.210, 2910 MHz, 15016 MHz, 164.54 W, 60, 100 %, 0x0000000000000400
2026/09/27 12:28:07.115, 2910 MHz, 15016 MHz, 165.60 W, 60, 100 %, 0x0000000000000400
2026/09/27 12:28:12.018, 2902 MHz, 15016 MHz, 165.76 W, 60, 100 %, 0x0000000000000400
2026/09/27 12:28:16.925, 2902 MHz, 15016 MHz, 166.02 W, 66, 100 %, 0x0000000000000400
2026/09/27 12:28:21.828, 2902 MHz, 15016 MHz, 149.71 W, 60, 100 %, 0x0000000000000400
2026/09/27 12:28:26.730, 2902 MHz, 15016 MHz, 150.30 W, 60, 100 %, 0x0000000000000400
2026/09/27 12:28:32.487, 2910 MHz, 15016 MHz, 252.29 W, 66, 98 %, 0x0000000000000400
2026/09/27 12:28:37.390, 2902 MHz, 15016 MHz, 227.84 W, 64, 97 %, 0x0000000000000400
2026/09/27 12:28:42.295, 2880 MHz, 15016 MHz, 299.31 W, 70, 100 %, 0x0000000000000400
2026/09/27 12:28:47.198, 2895 MHz, 15016 MHz, 250.41 W, 68, 100 %, 0x0000000000000400
2026/09/27 12:28:52.102, 2917 MHz, 15016 MHz, 241.84 W, 68, 100 %, 0x0000000000000400
2026/09/27 12:28:57.004, 2902 MHz, 15016 MHz, 207.60 W, 64, 100 %, 0x0000000000000400
2026/09/27 12:29:02.655, 2910 MHz, 15016 MHz, 190.77 W, 67, 100 %, 0x0000000000000400
2026/09/27 12:29:07.556, 2895 MHz, 15016 MHz, 190.38 W, 62, 100 %, 0x0000000000000400
2026/09/27 12:29:12.464, 2910 MHz, 15016 MHz, 172.91 W, 66, 100 %, 0x0000000000000400
2026/09/27 12:29:17.367, 2910 MHz, 15016 MHz, 169.89 W, 64, 100 %, 0x0000000000000400
2026/09/27 12:29:22.269, 2910 MHz, 15016 MHz, 184.58 W, 60, 100 %, 0x0000000000000400
2026/09/27 12:29:27.171, 2902 MHz, 15016 MHz, 169.33 W, 59, 100 %, 0x0000000000000400
2026/09/27 12:29:32.073, 2902 MHz, 15016 MHz, 169.77 W, 59, 100 %, 0x0000000000000400
2026/09/27 12:29:37.782, 2902 MHz, 15016 MHz, 169.11 W, 59, 100 %, 0x0000000000000400
2026/09/27 12:29:42.685, 2910 MHz, 15016 MHz, 168.80 W, 58, 100 %, 0x0000000000000400
2026/09/27 12:29:47.588, 2917 MHz, 15016 MHz, 170.33 W, 64, 100 %, 0x0000000000000400
2026/09/27 12:29:52.489, 2917 MHz, 15016 MHz, 167.50 W, 59, 100 %, 0x0000000000000400
2026/09/27 12:29:57.391, 2917 MHz, 15016 MHz, 165.68 W, 59, 100 %, 0x0000000000000400
2026/09/27 12:30:02.295, 2910 MHz, 15016 MHz, 167.26 W, 57, 100 %, 0x0000000000000400
2026/09/27 12:30:08.009, 2917 MHz, 15016 MHz, 161.35 W, 57, 100 %, 0x0000000000000400
2026/09/27 12:30:12.913, 2917 MHz, 15016 MHz, 166.69 W, 59, 100 %, 0x0000000000000400
2026/09/27 12:30:17.823, 2910 MHz, 15016 MHz, 164.06 W, 57, 100 %, 0x0000000000000400
2026/09/27 12:30:22.725, 2910 MHz, 15016 MHz, 163.42 W, 57, 100 %, 0x0000000000000400
2026/09/27 12:30:27.626, 2910 MHz, 15016 MHz, 166.06 W, 58, 100 %, 0x0000000000000400
2026/09/27 12:30:32.528, 2902 MHz, 15016 MHz, 165.40 W, 57, 100 %, 0x0000000000000400
2026/09/27 12:30:37.430, 2910 MHz, 15016 MHz, 165.65 W, 57, 100 %, 0x0000000000000400
2026/09/27 12:30:43.138, 2917 MHz, 15016 MHz, 163.68 W, 57, 100 %, 0x0000000000000400
2026/09/27 12:30:48.040, 2910 MHz, 15016 MHz, 163.45 W, 57, 100 %, 0x0000000000000400
2026/09/27 12:30:52.943, 2910 MHz, 15016 MHz, 165.26 W, 59, 100 %, 0x0000000000000400
2026/09/27 12:30:57.845, 2917 MHz, 15016 MHz, 162.71 W, 57, 100 %, 0x0000000000000400
2026/09/27 12:31:02.748, 2910 MHz, 15016 MHz, 147.07 W, 57, 100 %, 0x0000000000000400
2026/09/27 12:31:07.650, 2910 MHz, 15016 MHz, 162.99 W, 57, 100 %, 0x0000000000000400
2026/09/27 12:31:13.358, 2902 MHz, 15016 MHz, 162.06 W, 58, 100 %, 0x0000000000000400
2026/09/27 12:31:18.261, 2910 MHz, 15016 MHz, 165.19 W, 57, 100 %, 0x0000000000000400
2026/09/27 12:31:23.164, 2910 MHz, 15016 MHz, 164.39 W, 58, 100 %, 0x0000000000000400
2026/09/27 12:31:28.066, 2910 MHz, 15016 MHz, 164.22 W, 57, 100 %, 0x0000000000000400
2026/09/27 12:31:32.967, 2910 MHz, 15016 MHz, 146.61 W, 57, 100 %, 0x0000000000000400
2026/09/27 12:31:37.869, 2917 MHz, 15016 MHz, 162.96 W, 57, 100 %, 0x0000000000000400
2026/09/27 12:31:42.771, 2910 MHz, 15016 MHz, 164.41 W, 57, 100 %, 0x0000000000000400
2026/09/27 12:31:48.546, 2910 MHz, 15016 MHz, 146.68 W, 57, 100 %, 0x0000000000000400
2026/09/27 12:31:53.450, 2910 MHz, 15016 MHz, 157.54 W, 57, 74 %, 0x0000000000000004
2026/09/27 12:31:58.353, 2910 MHz, 15016 MHz, 164.33 W, 57, 100 %, 0x0000000000000400
2026/09/27 12:32:03.252, 2910 MHz, 15016 MHz, 165.00 W, 60, 100 %, 0x0000000000000400
2026/09/27 12:32:08.155, 2910 MHz, 15016 MHz, 164.93 W, 58, 100 %, 0x0000000000000400
2026/09/27 12:32:13.055, 2917 MHz, 15016 MHz, 163.17 W, 58, 100 %, 0x0000000000000400
2026/09/27 12:32:17.960, 2910 MHz, 15016 MHz, 165.03 W, 58, 100 %, 0x0000000000000400
2026/09/27 12:32:23.677, 2910 MHz, 15016 MHz, 163.91 W, 58, 100 %, 0x0000000000000400
2026/09/27 12:32:28.579, 2910 MHz, 15016 MHz, 165.29 W, 58, 100 %, 0x0000000000000400
2026/09/27 12:32:33.479, 2910 MHz, 15016 MHz, 163.88 W, 64, 100 %, 0x0000000000000400
2026/09/27 12:32:38.374, 2910 MHz, 15016 MHz, 165.55 W, 58, 100 %, 0x0000000000000400
2026/09/27 12:32:43.274, 2910 MHz, 15016 MHz, 158.45 W, 58, 98 %, 0x0000000000000400
2026/09/27 12:32:48.173, 2910 MHz, 15016 MHz, 147.75 W, 58, 100 %, 0x0000000000000400
2026/09/27 12:32:53.904, 2910 MHz, 15016 MHz, 154.26 W, 58, 100 %, 0x0000000000000400
2026/09/27 12:32:58.809, 2910 MHz, 15016 MHz, 166.20 W, 59, 100 %, 0x0000000000000400
2026/09/27 12:33:03.709, 2910 MHz, 15016 MHz, 165.80 W, 58, 100 %, 0x0000000000000400
2026/09/27 12:33:08.590, 2910 MHz, 15016 MHz, 147.91 W, 58, 100 %, 0x0000000000000400
2026/09/27 12:33:13.472, 2910 MHz, 15016 MHz, 165.05 W, 58, 100 %, 0x0000000000000400
2026/09/27 12:33:18.369, 2910 MHz, 15016 MHz, 164.76 W, 59, 100 %, 0x0000000000000400
2026/09/27 12:33:23.273, 2910 MHz, 15016 MHz, 148.41 W, 58, 100 %, 0x0000000000000400
2026/09/27 12:33:29.036, 2910 MHz, 15016 MHz, 164.40 W, 59, 100 %, 0x0000000000000400
2026/09/27 12:33:33.941, 2910 MHz, 15016 MHz, 166.17 W, 58, 100 %, 0x0000000000000400
2026/09/27 12:33:38.833, 2910 MHz, 15016 MHz, 149.21 W, 59, 100 %, 0x0000000000000400
2026/09/27 12:33:43.690, 2902 MHz, 15016 MHz, 165.24 W, 59, 100 %, 0x0000000000000400
2026/09/27 12:33:48.574, 2910 MHz, 15016 MHz, 149.09 W, 59, 100 %, 0x0000000000000400
2026/09/27 12:33:53.471, 2910 MHz, 15016 MHz, 165.55 W, 59, 100 %, 0x0000000000000400
2026/09/27 12:33:59.206, 2910 MHz, 15016 MHz, 150.05 W, 59, 100 %, 0x0000000000000400
2026/09/27 12:34:04.138, 2902 MHz, 15016 MHz, 167.01 W, 59, 100 %, 0x0000000000000400
2026/09/27 12:34:09.047, 2910 MHz, 15016 MHz, 150.59 W, 59, 100 %, 0x0000000000000400
2026/09/27 12:34:13.907, 2910 MHz, 15016 MHz, 167.77 W, 64, 100 %, 0x0000000000000400
2026/09/27 12:34:18.758, 2910 MHz, 15016 MHz, 150.17 W, 59, 100 %, 0x0000000000000400
2026/09/27 12:34:23.670, 2910 MHz, 15016 MHz, 148.79 W, 59, 100 %, 0x0000000000000004
2026/09/27 12:34:28.604, 2910 MHz, 15016 MHz, 166.90 W, 60, 100 %, 0x0000000000000400
2026/09/27 12:34:34.341, 2910 MHz, 15016 MHz, 150.20 W, 59, 100 %, 0x0000000000000400
2026/09/27 12:34:39.240, 2902 MHz, 15016 MHz, 165.68 W, 59, 100 %, 0x0000000000000400
2026/09/27 12:34:44.136, 2910 MHz, 15016 MHz, 164.77 W, 60, 100 %, 0x0000000000000400
2026/09/27 12:34:49.006, 2910 MHz, 15016 MHz, 150.15 W, 59, 100 %, 0x0000000000000400
2026/09/27 12:34:53.895, 2902 MHz, 15016 MHz, 166.04 W, 59, 100 %, 0x0000000000000400
2026/09/27 12:34:58.795, 2910 MHz, 15016 MHz, 166.14 W, 60, 100 %, 0x0000000000000400
2026/09/27 12:35:04.617, 2910 MHz, 15016 MHz, 150.91 W, 59, 100 %, 0x0000000000000400
2026/09/27 12:35:09.532, 2910 MHz, 15016 MHz, 150.26 W, 59, 100 %, 0x0000000000000400
2026/09/27 12:35:14.433, 2902 MHz, 15016 MHz, 167.60 W, 60, 100 %, 0x0000000000000400
2026/09/27 12:35:19.332, 2910 MHz, 15016 MHz, 166.10 W, 60, 100 %, 0x0000000000000400
2026/09/27 12:35:24.232, 2910 MHz, 15016 MHz, 150.62 W, 60, 100 %, 0x0000000000000400
2026/09/27 12:35:29.129, 2910 MHz, 15016 MHz, 149.92 W, 60, 100 %, 0x0000000000000400
2026/09/27 12:35:34.029, 2910 MHz, 15016 MHz, 166.99 W, 60, 100 %, 0x0000000000000400
2026/09/27 12:35:39.684, 2902 MHz, 15016 MHz, 166.15 W, 61, 100 %, 0x0000000000000400
2026/09/27 12:35:44.586, 2902 MHz, 15016 MHz, 166.33 W, 60, 100 %, 0x0000000000000400
2026/09/27 12:35:49.488, 2910 MHz, 15016 MHz, 150.78 W, 60, 100 %, 0x0000000000000400
2026/09/27 12:35:54.388, 2910 MHz, 15016 MHz, 149.55 W, 60, 100 %, 0x0000000000000400
2026/09/27 12:35:59.288, 2910 MHz, 15016 MHz, 150.35 W, 60, 100 %, 0x0000000000000400
2026/09/27 12:36:04.188, 2910 MHz, 15016 MHz, 150.35 W, 60, 100 %, 0x0000000000000400
2026/09/27 12:36:09.088, 2910 MHz, 15016 MHz, 167.94 W, 60, 100 %, 0x0000000000000400
2026/09/27 12:36:14.810, 2910 MHz, 15016 MHz, 166.25 W, 60, 100 %, 0x0000000000000400
2026/09/27 12:36:19.710, 2902 MHz, 15016 MHz, 165.79 W, 60, 100 %, 0x0000000000000400
2026/09/27 12:36:24.610, 2902 MHz, 15016 MHz, 166.07 W, 60, 100 %, 0x0000000000000400
2026/09/27 12:36:29.509, 2910 MHz, 15016 MHz, 166.16 W, 60, 100 %, 0x0000000000000400
2026/09/27 12:36:34.407, 2910 MHz, 15016 MHz, 164.61 W, 60, 100 %, 0x0000000000000400
2026/09/27 12:36:39.306, 2902 MHz, 15016 MHz, 151.01 W, 60, 100 %, 0x0000000000000400
2026/09/27 12:36:45.095, 2902 MHz, 15016 MHz, 150.26 W, 60, 100 %, 0x0000000000000400
2026/09/27 12:36:49.998, 2902 MHz, 15016 MHz, 150.62 W, 60, 100 %, 0x0000000000000400
2026/09/27 12:36:54.899, 2902 MHz, 15016 MHz, 151.29 W, 60, 100 %, 0x0000000000000400
2026/09/27 12:36:59.800, 2902 MHz, 15016 MHz, 150.96 W, 60, 100 %, 0x0000000000000400
2026/09/27 12:37:04.700, 2902 MHz, 15016 MHz, 150.66 W, 60, 100 %, 0x0000000000000400
2026/09/27 12:37:09.600, 2902 MHz, 15016 MHz, 150.12 W, 60, 100 %, 0x0000000000000400
2026/09/27 12:37:14.500, 2910 MHz, 15016 MHz, 151.34 W, 60, 100 %, 0x0000000000000400
2026/09/27 12:37:20.170, 2902 MHz, 15016 MHz, 166.71 W, 60, 100 %, 0x0000000000000400
2026/09/27 12:37:25.073, 2902 MHz, 15016 MHz, 166.33 W, 60, 100 %, 0x0000000000000400
2026/09/27 12:37:29.972, 2910 MHz, 15016 MHz, 166.01 W, 60, 100 %, 0x0000000000000400
2026/09/27 12:37:34.870, 2902 MHz, 15016 MHz, 167.61 W, 61, 100 %, 0x0000000000000400
2026/09/27 12:37:39.768, 2902 MHz, 15016 MHz, 165.91 W, 60, 100 %, 0x0000000000000400
2026/09/27 12:37:44.667, 2910 MHz, 15016 MHz, 167.54 W, 60, 100 %, 0x0000000000000400
2026/09/27 12:37:50.457, 2902 MHz, 15016 MHz, 150.48 W, 60, 100 %, 0x0000000000000400
2026/09/27 12:37:55.362, 2902 MHz, 15016 MHz, 150.42 W, 60, 100 %, 0x0000000000000400
2026/09/27 12:38:00.262, 2902 MHz, 15016 MHz, 149.27 W, 60, 100 %, 0x0000000000000400
2026/09/27 12:38:05.165, 2902 MHz, 15016 MHz, 150.55 W, 60, 100 %, 0x0000000000000400
2026/09/27 12:38:10.065, 2902 MHz, 15016 MHz, 150.72 W, 60, 100 %, 0x0000000000000400
2026/09/27 12:38:14.966, 2902 MHz, 15016 MHz, 166.54 W, 60, 100 %, 0x0000000000000400
2026/09/27 12:38:19.865, 2910 MHz, 15016 MHz, 167.51 W, 60, 100 %, 0x0000000000000400
2026/09/27 12:38:25.590, 2910 MHz, 15016 MHz, 167.90 W, 66, 100 %, 0x0000000000000400
2026/09/27 12:38:30.493, 2910 MHz, 15016 MHz, 150.99 W, 60, 100 %, 0x0000000000000400
2026/09/27 12:38:35.391, 2910 MHz, 15016 MHz, 150.94 W, 60, 100 %, 0x0000000000000400
2026/09/27 12:38:40.285, 2910 MHz, 15016 MHz, 151.23 W, 60, 100 %, 0x0000000000000400
2026/09/27 12:38:45.177, 2902 MHz, 15016 MHz, 151.32 W, 60, 100 %, 0x0000000000000400
2026/09/27 12:38:50.069, 2902 MHz, 15016 MHz, 166.20 W, 61, 100 %, 0x0000000000000400
2026/09/27 12:38:54.970, 2910 MHz, 15016 MHz, 153.19 W, 60, 100 %, 0x0000000000000004
2026/09/27 12:39:00.670, 2902 MHz, 15016 MHz, 150.70 W, 60, 100 %, 0x0000000000000400
2026/09/27 12:39:05.596, 2910 MHz, 15016 MHz, 150.96 W, 60, 100 %, 0x0000000000000400
2026/09/27 12:39:10.457, 2902 MHz, 15016 MHz, 167.29 W, 60, 100 %, 0x0000000000000400
2026/09/27 12:39:15.332, 2902 MHz, 15016 MHz, 166.18 W, 66, 100 %, 0x0000000000000400
2026/09/27 12:39:20.230, 2902 MHz, 15016 MHz, 150.67 W, 60, 100 %, 0x0000000000000400
2026/09/27 12:39:25.137, 2910 MHz, 15016 MHz, 150.86 W, 60, 100 %, 0x0000000000000400
2026/09/27 12:39:30.885, 2902 MHz, 15016 MHz, 151.03 W, 60, 100 %, 0x0000000000000400
2026/09/27 12:39:35.860, 2902 MHz, 15016 MHz, 167.98 W, 59, 100 %, 0x0000000000000400
2026/09/27 12:39:40.756, 2902 MHz, 15016 MHz, 151.18 W, 60, 100 %, 0x0000000000000400
2026/09/27 12:39:45.644, 2902 MHz, 15016 MHz, 150.92 W, 60, 100 %, 0x0000000000000400
2026/09/27 12:39:50.515, 2902 MHz, 15016 MHz, 162.72 W, 60, 100 %, 0x0000000000000400
2026/09/27 12:39:55.393, 2902 MHz, 15016 MHz, 167.55 W, 60, 100 %, 0x0000000000000400
2026/09/27 12:40:00.293, 2910 MHz, 15016 MHz, 151.24 W, 60, 100 %, 0x0000000000000400
2026/09/27 12:40:06.035, 2902 MHz, 15016 MHz, 150.92 W, 60, 100 %, 0x0000000000000400
2026/09/27 12:40:10.975, 2902 MHz, 15016 MHz, 167.82 W, 60, 100 %, 0x0000000000000400
2026/09/27 12:40:15.853, 2902 MHz, 15016 MHz, 166.06 W, 60, 100 %, 0x0000000000000400
2026/09/27 12:40:20.730, 2910 MHz, 15016 MHz, 150.52 W, 60, 100 %, 0x0000000000000400
2026/09/27 12:40:25.606, 2902 MHz, 15016 MHz, 150.50 W, 60, 100 %, 0x0000000000000400
2026/09/27 12:40:30.508, 2902 MHz, 15016 MHz, 150.54 W, 60, 100 %, 0x0000000000000400
2026/09/27 12:40:36.222, 2902 MHz, 15016 MHz, 150.52 W, 60, 100 %, 0x0000000000000400
2026/09/27 12:40:41.199, 2917 MHz, 15016 MHz, 254.66 W, 65, 98 %, 0x0000000000000400
2026/09/27 12:40:46.092, 2910 MHz, 15016 MHz, 235.91 W, 66, 94 %, 0x0000000000000400
2026/09/27 12:40:50.964, 2610 MHz, 15016 MHz, 49.33 W, 50, 0 %, 0x0000000000000400
2026/09/27 12:40:55.862, 2610 MHz, 15216 MHz, 46.29 W, 49, 0 %, 0x0000000000000400
2026/09/27 12:41:00.763, 2610 MHz, 15216 MHz, 45.42 W, 48, 0 %, 0x0000000000000400
2026/09/27 12:41:05.671, 2610 MHz, 15216 MHz, 44.92 W, 47, 0 %, 0x0000000000000400
2026/09/27 12:41:11.441, 2610 MHz, 15216 MHz, 44.59 W, 47, 0 %, 0x0000000000000400
2026/09/27 12:41:16.378, 2610 MHz, 15216 MHz, 44.04 W, 46, 0 %, 0x0000000000000400
2026/09/27 12:41:21.230, 2610 MHz, 15216 MHz, 43.63 W, 45, 0 %, 0x0000000000000400
2026/09/27 12:41:26.119, 2610 MHz, 15216 MHz, 43.88 W, 45, 0 %, 0x0000000000000400
2026/09/27 12:41:31.016, 2610 MHz, 15216 MHz, 43.55 W, 44, 0 %, 0x0000000000000400
2026/09/27 12:41:35.916, 2610 MHz, 15016 MHz, 45.83 W, 44, 0 %, 0x0000000000000400
2026/09/27 12:41:41.556, 2610 MHz, 15016 MHz, 49.72 W, 44, 36 %, 0x0000000000000400
2026/09/27 12:41:46.512, 2610 MHz, 15016 MHz, 45.13 W, 43, 0 %, 0x0000000000000400
2026/09/27 12:41:51.444, 2610 MHz, 15016 MHz, 45.16 W, 43, 0 %, 0x0000000000000400
2026/09/27 12:41:56.347, 2610 MHz, 15016 MHz, 45.20 W, 42, 0 %, 0x0000000000000400
2026/09/27 12:42:01.209, 2610 MHz, 15016 MHz, 44.68 W, 42, 0 %, 0x0000000000000400
2026/09/27 12:42:06.068, 2835 MHz, 15016 MHz, 54.30 W, 42, 0 %, 0x0000000000000400
2026/09/27 12:42:10.972, 2610 MHz, 15016 MHz, 44.41 W, 42, 0 %, 0x0000000000000400
2026/09/27 12:42:16.785, 2857 MHz, 15016 MHz, 49.71 W, 42, 0 %, 0x0000000000000400
2026/09/27 12:42:21.743, 2947 MHz, 15016 MHz, 55.61 W, 43, 0 %, 0x0000000000000400
2026/09/27 12:42:26.595, 2610 MHz, 15016 MHz, 45.01 W, 42, 0 %, 0x0000000000000400
2026/09/27 12:42:31.437, 2902 MHz, 15016 MHz, 278.17 W, 62, 84 %, 0x0000000000000400
2026/09/27 12:42:36.290, 2947 MHz, 15016 MHz, 56.24 W, 45, 0 %, 0x0000000000000400
2026/09/27 12:42:41.164, 2610 MHz, 15016 MHz, 51.97 W, 44, 22 %, 0x0000000000000400
2026/09/27 12:42:46.077, 2610 MHz, 15016 MHz, 47.27 W, 45, 0 %, 0x0000000000000400
2026/09/27 12:42:51.928, 2610 MHz, 15016 MHz, 44.40 W, 45, 0 %, 0x0000000000000400
2026/09/27 12:42:56.832, 2610 MHz, 15016 MHz, 44.63 W, 45, 0 %, 0x0000000000000400
2026/09/27 12:43:01.684, 2610 MHz, 15016 MHz, 44.63 W, 45, 0 %, 0x0000000000000400
2026/09/27 12:43:06.526, 2917 MHz, 15016 MHz, 221.40 W, 57, 97 %, 0x0000000000000400
2026/09/27 12:43:11.360, 2895 MHz, 15016 MHz, 299.33 W, 65, 100 %, 0x0000000000000400
2026/09/27 12:43:16.282, 2910 MHz, 15016 MHz, 250.24 W, 65, 100 %, 0x0000000000000004
2026/09/27 12:43:22.084, 2910 MHz, 15016 MHz, 233.69 W, 65, 100 %, 0x0000000000000400
2026/09/27 12:43:27.086, 2910 MHz, 15016 MHz, 232.34 W, 65, 100 %, 0x0000000000000400
2026/09/27 12:43:31.951, 2910 MHz, 15016 MHz, 218.06 W, 66, 100 %, 0x0000000000000400
2026/09/27 12:43:36.797, 2910 MHz, 15016 MHz, 223.40 W, 65, 100 %, 0x0000000000000400
2026/09/27 12:43:41.635, 2925 MHz, 15016 MHz, 212.82 W, 65, 100 %, 0x0000000000000400
2026/09/27 12:43:46.504, 2910 MHz, 15016 MHz, 213.79 W, 65, 100 %, 0x0000000000000400
2026/09/27 12:43:51.428, 2910 MHz, 15016 MHz, 198.52 W, 63, 100 %, 0x0000000000000400
2026/09/27 12:43:57.339, 2910 MHz, 15016 MHz, 180.07 W, 61, 100 %, 0x0000000000000400
2026/09/27 12:44:02.245, 2917 MHz, 15016 MHz, 193.61 W, 62, 100 %, 0x0000000000000400
2026/09/27 12:44:07.081, 2917 MHz, 15016 MHz, 172.79 W, 61, 100 %, 0x0000000000000400
2026/09/27 12:44:11.917, 2925 MHz, 15016 MHz, 179.59 W, 61, 100 %, 0x0000000000000400
2026/09/27 12:44:16.756, 2910 MHz, 15016 MHz, 170.78 W, 60, 100 %, 0x0000000000000400
2026/09/27 12:44:21.659, 2917 MHz, 15016 MHz, 184.05 W, 61, 100 %, 0x0000000000000400
2026/09/27 12:44:27.420, 2925 MHz, 15016 MHz, 170.83 W, 60, 100 %, 0x0000000000000400
2026/09/27 12:44:32.424, 2925 MHz, 15016 MHz, 168.72 W, 60, 100 %, 0x0000000000000400
2026/09/27 12:44:37.293, 2917 MHz, 15016 MHz, 173.89 W, 59, 100 %, 0x0000000000000400
2026/09/27 12:44:42.139, 2917 MHz, 15016 MHz, 169.54 W, 59, 100 %, 0x0000000000000400
2026/09/27 12:44:46.984, 2917 MHz, 15016 MHz, 169.99 W, 59, 100 %, 0x0000000000000400
2026/09/27 12:44:51.846, 2925 MHz, 15016 MHz, 160.89 W, 58, 100 %, 0x0000000000000400
2026/09/27 12:44:56.771, 2917 MHz, 15016 MHz, 167.78 W, 59, 100 %, 0x0000000000000400
2026/09/27 12:45:02.612, 2925 MHz, 15016 MHz, 169.40 W, 58, 100 %, 0x0000000000000400
2026/09/27 12:45:07.530, 2925 MHz, 15016 MHz, 157.09 W, 58, 100 %, 0x0000000000000004
2026/09/27 12:45:12.374, 2925 MHz, 15016 MHz, 168.97 W, 60, 100 %, 0x0000000000000400
2026/09/27 12:45:17.223, 2910 MHz, 15016 MHz, 167.19 W, 59, 100 %, 0x0000000000000400
2026/09/27 12:45:22.082, 2910 MHz, 15016 MHz, 167.75 W, 59, 100 %, 0x0000000000000400
2026/09/27 12:45:26.992, 2910 MHz, 15016 MHz, 166.72 W, 59, 100 %, 0x0000000000000400
2026/09/27 12:45:31.926, 2925 MHz, 15016 MHz, 168.48 W, 58, 100 %, 0x0000000000000400
2026/09/27 12:45:37.805, 2925 MHz, 15016 MHz, 161.37 W, 58, 100 %, 0x0000000000000004
2026/09/27 12:45:42.656, 2925 MHz, 15016 MHz, 166.85 W, 58, 100 %, 0x0000000000000400
2026/09/27 12:45:47.469, 2910 MHz, 15016 MHz, 167.24 W, 59, 100 %, 0x0000000000000400
2026/09/27 12:45:52.370, 2925 MHz, 15016 MHz, 167.19 W, 58, 100 %, 0x0000000000000400
2026/09/27 12:45:57.269, 2925 MHz, 15016 MHz, 166.63 W, 58, 100 %, 0x0000000000000400
2026/09/27 12:46:02.173, 2925 MHz, 15016 MHz, 168.78 W, 58, 100 %, 0x0000000000000400
2026/09/27 12:46:07.927, 2925 MHz, 15016 MHz, 164.35 W, 58, 100 %, 0x0000000000000400
2026/09/27 12:46:12.851, 2925 MHz, 15016 MHz, 167.79 W, 58, 100 %, 0x0000000000000400
2026/09/27 12:46:17.685, 2917 MHz, 15016 MHz, 168.06 W, 59, 100 %, 0x0000000000000400
2026/09/27 12:46:22.553, 2925 MHz, 15016 MHz, 164.14 W, 58, 98 %, 0x0000000000000400
2026/09/27 12:46:27.458, 2925 MHz, 15016 MHz, 168.64 W, 58, 100 %, 0x0000000000000400
2026/09/27 12:46:32.360, 2925 MHz, 15016 MHz, 166.82 W, 58, 100 %, 0x0000000000000400
2026/09/27 12:46:37.261, 2925 MHz, 15016 MHz, 151.99 W, 58, 100 %, 0x0000000000000400
2026/09/27 12:46:43.029, 2925 MHz, 15016 MHz, 168.18 W, 64, 100 %, 0x0000000000000400
2026/09/27 12:46:47.930, 2910 MHz, 15016 MHz, 168.57 W, 59, 100 %, 0x0000000000000400
2026/09/27 12:46:52.831, 2925 MHz, 15016 MHz, 168.46 W, 59, 100 %, 0x0000000000000400
2026/09/27 12:46:57.732, 2925 MHz, 15016 MHz, 167.99 W, 59, 100 %, 0x0000000000000400
2026/09/27 12:47:02.633, 2925 MHz, 15016 MHz, 167.32 W, 59, 100 %, 0x0000000000000400
2026/09/27 12:47:07.532, 2925 MHz, 15016 MHz, 167.37 W, 59, 100 %, 0x0000000000000400
2026/09/27 12:47:13.251, 2925 MHz, 15016 MHz, 161.69 W, 59, 100 %, 0x0000000000000400
2026/09/27 12:47:18.151, 2925 MHz, 15016 MHz, 157.36 W, 59, 100 %, 0x0000000000000400
2026/09/27 12:47:23.051, 2925 MHz, 15016 MHz, 166.73 W, 59, 100 %, 0x0000000000000400
2026/09/27 12:47:27.950, 2925 MHz, 15016 MHz, 166.71 W, 59, 100 %, 0x0000000000000400
2026/09/27 12:47:32.850, 2917 MHz, 15016 MHz, 166.62 W, 59, 100 %, 0x0000000000000400
2026/09/27 12:47:37.750, 2910 MHz, 15016 MHz, 167.20 W, 59, 100 %, 0x0000000000000400
2026/09/27 12:47:42.650, 2925 MHz, 15016 MHz, 168.61 W, 65, 100 %, 0x0000000000000400
2026/09/27 12:47:48.378, 2925 MHz, 15016 MHz, 157.89 W, 59, 100 %, 0x0000000000000400
2026/09/27 12:47:53.279, 2925 MHz, 15016 MHz, 151.78 W, 59, 100 %, 0x0000000000000400
2026/09/27 12:47:58.179, 2925 MHz, 15016 MHz, 162.68 W, 59, 100 %, 0x0000000000000400
2026/09/27 12:48:03.080, 2925 MHz, 15016 MHz, 162.34 W, 60, 100 %, 0x0000000000000400
2026/09/27 12:48:07.979, 2925 MHz, 15016 MHz, 167.42 W, 59, 100 %, 0x0000000000000400
2026/09/27 12:48:12.878, 2925 MHz, 15016 MHz, 152.15 W, 59, 100 %, 0x0000000000000400
2026/09/27 12:48:17.777, 2917 MHz, 15016 MHz, 169.13 W, 59, 100 %, 0x0000000000000400
2026/09/27 12:48:23.568, 2917 MHz, 15016 MHz, 167.47 W, 60, 100 %, 0x0000000000000400
2026/09/27 12:48:28.467, 2925 MHz, 15016 MHz, 152.12 W, 59, 100 %, 0x0000000000000400
2026/09/27 12:48:33.367, 2917 MHz, 15016 MHz, 169.43 W, 60, 100 %, 0x0000000000000400
2026/09/27 12:48:38.267, 2925 MHz, 15016 MHz, 168.13 W, 59, 100 %, 0x0000000000000400
2026/09/27 12:48:43.166, 2925 MHz, 15016 MHz, 152.36 W, 59, 100 %, 0x0000000000000400
2026/09/27 12:48:48.065, 2925 MHz, 15016 MHz, 169.22 W, 60, 100 %, 0x0000000000000400
2026/09/27 12:48:53.732, 2917 MHz, 15016 MHz, 151.89 W, 60, 100 %, 0x0000000000000400
2026/09/27 12:48:58.632, 2910 MHz, 15016 MHz, 169.72 W, 60, 100 %, 0x0000000000000400
2026/09/27 12:49:03.531, 2925 MHz, 15016 MHz, 152.23 W, 60, 100 %, 0x0000000000000400
2026/09/27 12:49:08.430, 2910 MHz, 15016 MHz, 169.85 W, 60, 100 %, 0x0000000000000400
2026/09/27 12:49:13.329, 2925 MHz, 15016 MHz, 153.10 W, 60, 100 %, 0x0000000000000400
2026/09/27 12:49:18.230, 2902 MHz, 15016 MHz, 169.86 W, 61, 100 %, 0x0000000000000400
2026/09/27 12:49:23.130, 2917 MHz, 15016 MHz, 152.89 W, 60, 100 %, 0x0000000000000400
2026/09/27 12:49:28.921, 2925 MHz, 15016 MHz, 169.05 W, 60, 100 %, 0x0000000000000400
2026/09/27 12:49:33.820, 2917 MHz, 15016 MHz, 164.39 W, 60, 100 %, 0x0000000000000400
2026/09/27 12:49:38.719, 2925 MHz, 15016 MHz, 153.50 W, 60, 100 %, 0x0000000000000400
2026/09/27 12:49:43.619, 2917 MHz, 15016 MHz, 169.46 W, 61, 100 %, 0x0000000000000400
2026/09/27 12:49:48.518, 2917 MHz, 15016 MHz, 152.76 W, 60, 100 %, 0x0000000000000400
2026/09/27 12:49:53.417, 2925 MHz, 15016 MHz, 169.65 W, 60, 100 %, 0x0000000000000400
2026/09/27 12:49:59.083, 2917 MHz, 15016 MHz, 169.96 W, 61, 100 %, 0x0000000000000400
2026/09/27 12:50:03.982, 2925 MHz, 15016 MHz, 153.16 W, 60, 100 %, 0x0000000000000400
2026/09/27 12:50:08.882, 2917 MHz, 15016 MHz, 159.49 W, 60, 100 %, 0x0000000000000400
2026/09/27 12:50:13.782, 2917 MHz, 15016 MHz, 168.88 W, 61, 100 %, 0x0000000000000400
2026/09/27 12:50:18.681, 2917 MHz, 15016 MHz, 152.48 W, 60, 100 %, 0x0000000000000400
2026/09/27 12:50:23.580, 2917 MHz, 15016 MHz, 153.79 W, 60, 100 %, 0x0000000000000400
2026/09/27 12:50:28.478, 2910 MHz, 15016 MHz, 170.12 W, 61, 100 %, 0x0000000000000400
2026/09/27 12:50:34.203, 2917 MHz, 15016 MHz, 168.50 W, 60, 100 %, 0x0000000000000400
2026/09/27 12:50:39.101, 2917 MHz, 15016 MHz, 152.98 W, 60, 100 %, 0x0000000000000400
2026/09/27 12:50:44.000, 2917 MHz, 15016 MHz, 153.59 W, 60, 100 %, 0x0000000000000400
2026/09/27 12:50:48.899, 2917 MHz, 15016 MHz, 168.12 W, 60, 100 %, 0x0000000000000400
2026/09/27 12:50:53.798, 2917 MHz, 15016 MHz, 168.07 W, 61, 100 %, 0x0000000000000400
2026/09/27 12:50:58.697, 2917 MHz, 15016 MHz, 168.88 W, 60, 100 %, 0x0000000000000400
2026/09/27 12:51:04.433, 2917 MHz, 15016 MHz, 152.72 W, 60, 100 %, 0x0000000000000400
2026/09/27 12:51:09.332, 2917 MHz, 15016 MHz, 153.79 W, 60, 100 %, 0x0000000000000400
2026/09/27 12:51:14.232, 2925 MHz, 15016 MHz, 152.73 W, 60, 100 %, 0x0000000000000400
2026/09/27 12:51:19.131, 2925 MHz, 15016 MHz, 169.90 W, 60, 100 %, 0x0000000000000400
2026/09/27 12:51:24.030, 2910 MHz, 15016 MHz, 168.14 W, 61, 100 %, 0x0000000000000400
2026/09/27 12:51:28.929, 2917 MHz, 15016 MHz, 169.94 W, 61, 100 %, 0x0000000000000400
2026/09/27 12:51:33.829, 2917 MHz, 15016 MHz, 152.88 W, 60, 100 %, 0x0000000000000400
2026/09/27 12:51:39.560, 2917 MHz, 15016 MHz, 153.11 W, 60, 100 %, 0x0000000000000400
2026/09/27 12:51:44.460, 2917 MHz, 15016 MHz, 152.76 W, 60, 100 %, 0x0000000000000400
2026/09/27 12:51:49.360, 2917 MHz, 15016 MHz, 153.40 W, 60, 100 %, 0x0000000000000400
2026/09/27 12:51:54.262, 2917 MHz, 15016 MHz, 153.26 W, 60, 100 %, 0x0000000000000400
2026/09/27 12:51:59.165, 2925 MHz, 15016 MHz, 153.42 W, 60, 100 %, 0x0000000000000400
2026/09/27 12:52:04.063, 2917 MHz, 15016 MHz, 153.13 W, 60, 100 %, 0x0000000000000400
2026/09/27 12:52:08.962, 2917 MHz, 15016 MHz, 166.84 W, 60, 100 %, 0x0000000000000004
2026/09/27 12:52:14.761, 2917 MHz, 15016 MHz, 169.74 W, 60, 100 %, 0x0000000000000400
2026/09/27 12:52:19.660, 2910 MHz, 15016 MHz, 169.51 W, 60, 100 %, 0x0000000000000400
2026/09/27 12:52:24.559, 2910 MHz, 15016 MHz, 168.07 W, 60, 100 %, 0x0000000000000400
2026/09/27 12:52:29.455, 2917 MHz, 15016 MHz, 167.91 W, 60, 100 %, 0x0000000000000400
2026/09/27 12:52:34.352, 2917 MHz, 15016 MHz, 169.03 W, 60, 100 %, 0x0000000000000400
2026/09/27 12:52:39.250, 2917 MHz, 15016 MHz, 167.81 W, 60, 100 %, 0x0000000000000400
2026/09/27 12:52:44.925, 2917 MHz, 15016 MHz, 169.17 W, 60, 100 %, 0x0000000000000400
2026/09/27 12:52:49.825, 2917 MHz, 15016 MHz, 169.24 W, 60, 100 %, 0x0000000000000400
2026/09/27 12:52:54.723, 2925 MHz, 15016 MHz, 165.07 W, 60, 100 %, 0x0000000000000400
2026/09/27 12:52:59.608, 2917 MHz, 15016 MHz, 152.29 W, 60, 100 %, 0x0000000000000400
2026/09/27 12:53:04.493, 2917 MHz, 15016 MHz, 152.57 W, 60, 100 %, 0x0000000000000400
2026/09/27 12:53:09.382, 2917 MHz, 15016 MHz, 152.96 W, 60, 100 %, 0x0000000000000400
2026/09/27 12:53:14.278, 2917 MHz, 15016 MHz, 152.93 W, 60, 100 %, 0x0000000000000400
2026/09/27 12:53:20.124, 2925 MHz, 15016 MHz, 167.65 W, 60, 100 %, 0x0000000000000400
2026/09/27 12:53:25.016, 2917 MHz, 15016 MHz, 166.73 W, 62, 100 %, 0x0000000000000400
2026/09/27 12:53:29.910, 2917 MHz, 15016 MHz, 165.02 W, 61, 100 %, 0x0000000000000400
2026/09/27 12:53:34.813, 2917 MHz, 15016 MHz, 153.44 W, 60, 100 %, 0x0000000000000400
2026/09/27 12:53:39.715, 2910 MHz, 15016 MHz, 258.08 W, 66, 98 %, 0x0000000000000400
2026/09/27 12:53:44.618, 2902 MHz, 15016 MHz, 229.15 W, 64, 96 %, 0x0000000000000400
2026/09/27 12:53:50.349, 2902 MHz, 15016 MHz, 276.45 W, 68, 100 %, 0x0000000000000004
2026/09/27 12:53:55.253, 2902 MHz, 15016 MHz, 249.23 W, 69, 100 %, 0x0000000000000400
2026/09/27 12:54:00.153, 2910 MHz, 15016 MHz, 232.33 W, 71, 100 %, 0x0000000000000004
2026/09/27 12:54:05.060, 2910 MHz, 15016 MHz, 223.91 W, 71, 100 %, 0x0000000000000400
2026/09/27 12:54:09.959, 2910 MHz, 15016 MHz, 229.22 W, 67, 98 %, 0x0000000000000400
2026/09/27 12:54:14.857, 2910 MHz, 15016 MHz, 222.80 W, 66, 100 %, 0x0000000000000004
2026/09/27 12:54:19.756, 2902 MHz, 15016 MHz, 212.61 W, 66, 100 %, 0x0000000000000004
2026/09/27 12:54:25.484, 2910 MHz, 15016 MHz, 206.25 W, 65, 100 %, 0x0000000000000400
2026/09/27 12:54:30.396, 2917 MHz, 15016 MHz, 199.70 W, 62, 100 %, 0x0000000000000400
2026/09/27 12:54:35.295, 2917 MHz, 15016 MHz, 193.63 W, 61, 100 %, 0x0000000000000400
2026/09/27 12:54:40.194, 2917 MHz, 15016 MHz, 173.29 W, 61, 100 %, 0x0000000000000400
2026/09/27 12:54:45.091, 2910 MHz, 15016 MHz, 174.13 W, 61, 100 %, 0x0000000000000400
2026/09/27 12:54:49.987, 2917 MHz, 15016 MHz, 169.86 W, 63, 100 %, 0x0000000000000400
2026/09/27 12:54:54.887, 2917 MHz, 15016 MHz, 170.72 W, 59, 100 %, 0x0000000000000004
2026/09/27 12:55:00.571, 2910 MHz, 15016 MHz, 170.29 W, 60, 100 %, 0x0000000000000400
2026/09/27 12:55:05.469, 2910 MHz, 15016 MHz, 170.38 W, 59, 100 %, 0x0000000000000400
2026/09/27 12:55:10.368, 2910 MHz, 15016 MHz, 168.12 W, 59, 100 %, 0x0000000000000400
2026/09/27 12:55:15.264, 2925 MHz, 15016 MHz, 164.98 W, 62, 100 %, 0x0000000000000400
2026/09/27 12:55:20.161, 2925 MHz, 15016 MHz, 167.55 W, 58, 100 %, 0x0000000000000400
2026/09/27 12:55:25.058, 2910 MHz, 15016 MHz, 169.08 W, 58, 100 %, 0x0000000000000400
2026/09/27 12:55:30.805, 2925 MHz, 15016 MHz, 167.01 W, 58, 100 %, 0x0000000000000400
2026/09/27 12:55:35.703, 2910 MHz, 15016 MHz, 168.90 W, 59, 100 %, 0x0000000000000400
2026/09/27 12:55:40.601, 2925 MHz, 15016 MHz, 166.41 W, 58, 100 %, 0x0000000000000400
2026/09/27 12:55:45.497, 2925 MHz, 15016 MHz, 168.21 W, 57, 100 %, 0x0000000000000400
2026/09/27 12:55:50.392, 2925 MHz, 15016 MHz, 152.04 W, 57, 100 %, 0x0000000000000004
2026/09/27 12:55:55.293, 2925 MHz, 15016 MHz, 167.40 W, 57, 100 %, 0x0000000000000400
2026/09/27 12:56:00.191, 2925 MHz, 15016 MHz, 165.86 W, 57, 100 %, 0x0000000000000400
2026/09/27 12:56:05.942, 2925 MHz, 15016 MHz, 150.46 W, 57, 100 %, 0x0000000000000004
2026/09/27 12:56:10.840, 2925 MHz, 15016 MHz, 165.98 W, 57, 100 %, 0x0000000000000400
2026/09/27 12:56:15.738, 2925 MHz, 15016 MHz, 167.24 W, 57, 100 %, 0x0000000000000400
2026/09/27 12:56:20.634, 2917 MHz, 15016 MHz, 166.38 W, 58, 100 %, 0x0000000000000400
2026/09/27 12:56:25.530, 2925 MHz, 15016 MHz, 167.51 W, 57, 100 %, 0x0000000000000400
2026/09/27 12:56:30.428, 2925 MHz, 15016 MHz, 165.78 W, 57, 100 %, 0x0000000000000400
2026/09/27 12:56:36.176, 2925 MHz, 15016 MHz, 165.21 W, 57, 100 %, 0x0000000000000400
2026/09/27 12:56:41.073, 2925 MHz, 15016 MHz, 161.75 W, 57, 100 %, 0x0000000000000400
2026/09/27 12:56:45.972, 2925 MHz, 15016 MHz, 165.17 W, 58, 100 %, 0x0000000000000400
2026/09/27 12:56:50.868, 2925 MHz, 15016 MHz, 164.48 W, 57, 100 %, 0x0000000000000400
2026/09/27 12:56:55.764, 2917 MHz, 15016 MHz, 165.95 W, 60, 100 %, 0x0000000000000400
2026/09/27 12:57:00.660, 2925 MHz, 15016 MHz, 166.92 W, 58, 100 %, 0x0000000000000400
2026/09/27 12:57:05.558, 2925 MHz, 15016 MHz, 150.45 W, 57, 100 %, 0x0000000000000400
2026/09/27 12:57:11.307, 2925 MHz, 15016 MHz, 165.76 W, 57, 100 %, 0x0000000000000400
2026/09/27 12:57:16.206, 2910 MHz, 15016 MHz, 165.25 W, 58, 100 %, 0x0000000000000400
2026/09/27 12:57:21.103, 2925 MHz, 15016 MHz, 166.88 W, 58, 100 %, 0x0000000000000400
2026/09/27 12:57:25.999, 2925 MHz, 15016 MHz, 165.27 W, 58, 100 %, 0x0000000000000400
2026/09/27 12:57:30.894, 2925 MHz, 15016 MHz, 150.87 W, 58, 100 %, 0x0000000000000400
2026/09/27 12:57:35.790, 2925 MHz, 15016 MHz, 150.22 W, 58, 100 %, 0x0000000000000400
2026/09/27 12:57:40.689, 2925 MHz, 15016 MHz, 151.43 W, 58, 100 %, 0x0000000000000400
2026/09/27 12:57:46.445, 2925 MHz, 15016 MHz, 156.77 W, 58, 100 %, 0x0000000000000400
2026/09/27 12:57:51.352, 2925 MHz, 15016 MHz, 167.16 W, 58, 100 %, 0x0000000000000400
2026/09/27 12:57:56.233, 2925 MHz, 15016 MHz, 152.24 W, 58, 100 %, 0x0000000000000004
2026/09/27 12:58:01.115, 2925 MHz, 15016 MHz, 150.91 W, 58, 100 %, 0x0000000000000400
2026/09/27 12:58:06.010, 2925 MHz, 15016 MHz, 151.06 W, 58, 100 %, 0x0000000000000400
2026/09/27 12:58:10.907, 2925 MHz, 15016 MHz, 150.85 W, 58, 100 %, 0x0000000000000400
2026/09/27 12:58:16.745, 2925 MHz, 15016 MHz, 162.54 W, 58, 100 %, 0x0000000000000400
2026/09/27 12:58:21.692, 2925 MHz, 15016 MHz, 168.92 W, 59, 100 %, 0x0000000000000400
2026/09/27 12:58:26.605, 2917 MHz, 15016 MHz, 168.66 W, 60, 100 %, 0x0000000000000400
2026/09/27 12:58:31.506, 2925 MHz, 15016 MHz, 166.79 W, 59, 100 %, 0x0000000000000400
2026/09/27 12:58:36.364, 2925 MHz, 15016 MHz, 151.07 W, 59, 100 %, 0x0000000000000400
2026/09/27 12:58:41.235, 2925 MHz, 15016 MHz, 162.64 W, 59, 100 %, 0x0000000000000400
2026/09/27 12:58:46.133, 2917 MHz, 15016 MHz, 166.97 W, 59, 100 %, 0x0000000000000400
2026/09/27 12:58:51.873, 2925 MHz, 15016 MHz, 155.84 W, 59, 100 %, 0x0000000000000004
2026/09/27 12:58:56.804, 2925 MHz, 15016 MHz, 152.43 W, 59, 100 %, 0x0000000000000400
2026/09/27 12:59:01.565, 2917 MHz, 15016 MHz, 167.20 W, 59, 100 %, 0x0000000000000400
2026/09/27 12:59:06.463, 2925 MHz, 15016 MHz, 152.22 W, 59, 100 %, 0x0000000000000400
2026/09/27 12:59:11.359, 2925 MHz, 15016 MHz, 153.99 W, 60, 100 %, 0x0000000000000400
2026/09/27 12:59:16.260, 2917 MHz, 15016 MHz, 169.35 W, 59, 100 %, 0x0000000000000400
2026/09/27 12:59:22.017, 2925 MHz, 15016 MHz, 151.99 W, 59, 100 %, 0x0000000000000400
2026/09/27 12:59:26.996, 2910 MHz, 15016 MHz, 169.26 W, 60, 100 %, 0x0000000000000400
2026/09/27 12:59:31.887, 2925 MHz, 15016 MHz, 152.56 W, 59, 100 %, 0x0000000000000400
2026/09/27 12:59:36.756, 2917 MHz, 15016 MHz, 169.41 W, 60, 100 %, 0x0000000000000400
2026/09/27 12:59:41.622, 2925 MHz, 15016 MHz, 152.35 W, 60, 100 %, 0x0000000000000400
2026/09/27 12:59:46.492, 2910 MHz, 15016 MHz, 169.63 W, 60, 100 %, 0x0000000000000400
2026/09/27 12:59:51.388, 2925 MHz, 15016 MHz, 153.13 W, 60, 100 %, 0x0000000000000400
2026/09/27 12:59:57.180, 2910 MHz, 15016 MHz, 168.12 W, 61, 100 %, 0x0000000000000400
2026/09/27 13:00:02.127, 2925 MHz, 15016 MHz, 152.74 W, 60, 100 %, 0x0000000000000400
2026/09/27 13:00:06.991, 2917 MHz, 15016 MHz, 168.16 W, 60, 100 %, 0x0000000000000400
2026/09/27 13:00:11.864, 2917 MHz, 15016 MHz, 152.92 W, 60, 100 %, 0x0000000000000400
2026/09/27 13:00:16.761, 2925 MHz, 15016 MHz, 169.77 W, 60, 100 %, 0x0000000000000400
2026/09/27 13:00:21.659, 2917 MHz, 15016 MHz, 167.92 W, 61, 100 %, 0x0000000000000400
2026/09/27 13:00:27.372, 2917 MHz, 15016 MHz, 152.80 W, 60, 100 %, 0x0000000000000400
2026/09/27 13:00:32.345, 2917 MHz, 15016 MHz, 170.03 W, 60, 100 %, 0x0000000000000400
2026/09/27 13:00:37.234, 2917 MHz, 15016 MHz, 168.78 W, 60, 100 %, 0x0000000000000400
2026/09/27 13:00:42.085, 2917 MHz, 15016 MHz, 152.87 W, 60, 100 %, 0x0000000000000400
2026/09/27 13:00:46.982, 2925 MHz, 15016 MHz, 168.35 W, 60, 100 %, 0x0000000000000400
2026/09/27 13:00:51.879, 2917 MHz, 15016 MHz, 168.65 W, 60, 100 %, 0x0000000000000400
2026/09/27 13:00:56.778, 2917 MHz, 15016 MHz, 153.11 W, 60, 100 %, 0x0000000000000400
2026/09/27 13:01:02.523, 2917 MHz, 15016 MHz, 153.76 W, 60, 100 %, 0x0000000000000400
2026/09/27 13:01:07.511, 2910 MHz, 15016 MHz, 169.29 W, 63, 100 %, 0x0000000000000400
2026/09/27 13:01:12.399, 2917 MHz, 15016 MHz, 168.26 W, 60, 100 %, 0x0000000000000400
2026/09/27 13:01:17.285, 2917 MHz, 15016 MHz, 153.50 W, 60, 100 %, 0x0000000000000400
2026/09/27 13:01:22.064, 2917 MHz, 15016 MHz, 153.87 W, 60, 100 %, 0x0000000000000400
2026/09/27 13:01:26.965, 2917 MHz, 15016 MHz, 168.51 W, 60, 100 %, 0x0000000000000400
2026/09/27 13:01:31.869, 2910 MHz, 15016 MHz, 170.32 W, 62, 100 %, 0x0000000000000400
2026/09/27 13:01:37.734, 2917 MHz, 15016 MHz, 168.88 W, 61, 100 %, 0x0000000000000400
2026/09/27 13:01:42.625, 2917 MHz, 15016 MHz, 152.84 W, 60, 100 %, 0x0000000000000400
2026/09/27 13:01:47.456, 2917 MHz, 15016 MHz, 154.02 W, 60, 100 %, 0x0000000000000400
2026/09/27 13:01:52.308, 2917 MHz, 15016 MHz, 153.36 W, 60, 100 %, 0x0000000000000400
2026/09/27 13:01:57.171, 2917 MHz, 15016 MHz, 168.41 W, 64, 100 %, 0x0000000000000400
2026/09/27 13:02:02.081, 2917 MHz, 15016 MHz, 168.95 W, 61, 100 %, 0x0000000000000400
2026/09/27 13:02:07.894, 2917 MHz, 15016 MHz, 170.35 W, 61, 100 %, 0x0000000000000400
2026/09/27 13:02:12.857, 2917 MHz, 15016 MHz, 158.15 W, 61, 100 %, 0x0000000000000400
2026/09/27 13:02:17.707, 2917 MHz, 15016 MHz, 153.66 W, 60, 100 %, 0x0000000000000400
2026/09/27 13:02:22.542, 2917 MHz, 15016 MHz, 153.05 W, 60, 100 %, 0x0000000000000400
2026/09/27 13:02:27.439, 2917 MHz, 15016 MHz, 154.24 W, 61, 100 %, 0x0000000000000400
2026/09/27 13:02:32.338, 2917 MHz, 15016 MHz, 154.06 W, 61, 100 %, 0x0000000000000400
2026/09/27 13:02:37.238, 2917 MHz, 15016 MHz, 154.06 W, 60, 100 %, 0x0000000000000400
2026/09/27 13:02:43.028, 2917 MHz, 15016 MHz, 153.72 W, 61, 100 %, 0x0000000000000400
2026/09/27 13:02:47.966, 2917 MHz, 15016 MHz, 153.58 W, 60, 100 %, 0x0000000000000400
2026/09/27 13:02:52.859, 2917 MHz, 15016 MHz, 153.36 W, 61, 100 %, 0x0000000000000004
2026/09/27 13:02:57.722, 2917 MHz, 15016 MHz, 163.28 W, 61, 100 %, 0x0000000000000400
2026/09/27 13:03:02.555, 2917 MHz, 15016 MHz, 168.88 W, 61, 100 %, 0x0000000000000400
2026/09/27 13:03:07.455, 2917 MHz, 15016 MHz, 170.18 W, 61, 100 %, 0x0000000000000400
2026/09/27 13:03:13.284, 2917 MHz, 15016 MHz, 166.15 W, 61, 100 %, 0x0000000000000400
2026/09/27 13:03:18.265, 2917 MHz, 15016 MHz, 159.40 W, 61, 100 %, 0x0000000000000400
2026/09/27 13:03:23.135, 2917 MHz, 15016 MHz, 168.49 W, 67, 100 %, 0x0000000000000400
2026/09/27 13:03:27.974, 2917 MHz, 15016 MHz, 152.59 W, 60, 100 %, 0x0000000000000004
2026/09/27 13:03:32.829, 2917 MHz, 15016 MHz, 152.74 W, 60, 100 %, 0x0000000000000400
2026/09/27 13:03:37.685, 2917 MHz, 15016 MHz, 153.11 W, 60, 100 %, 0x0000000000000400
2026/09/27 13:03:42.586, 2917 MHz, 15016 MHz, 153.80 W, 61, 100 %, 0x0000000000000400
2026/09/27 13:03:48.413, 2917 MHz, 15016 MHz, 153.61 W, 61, 100 %, 0x0000000000000400
2026/09/27 13:03:53.357, 2917 MHz, 15016 MHz, 153.50 W, 61, 100 %, 0x0000000000000400
2026/09/27 13:03:58.232, 2917 MHz, 15016 MHz, 163.04 W, 60, 100 %, 0x0000000000000004
2026/09/27 13:04:03.087, 2910 MHz, 15016 MHz, 167.05 W, 61, 100 %, 0x0000000000000400
2026/09/27 13:04:07.892, 2917 MHz, 15016 MHz, 168.66 W, 61, 100 %, 0x0000000000000400
2026/09/27 13:04:12.792, 2917 MHz, 15016 MHz, 153.99 W, 61, 100 %, 0x0000000000000400
2026/09/27 13:04:17.694, 2910 MHz, 15016 MHz, 260.81 W, 66, 98 %, 0x0000000000000400
2026/09/27 13:04:23.636, 2610 MHz, 15016 MHz, 49.60 W, 51, 0 %, 0x0000000000000400
2026/09/27 13:04:28.506, 2610 MHz, 15216 MHz, 47.49 W, 49, 0 %, 0x0000000000000400
2026/09/27 13:04:33.336, 2610 MHz, 15216 MHz, 45.82 W, 48, 0 %, 0x0000000000000400
2026/09/27 13:04:38.168, 2610 MHz, 15216 MHz, 44.78 W, 48, 0 %, 0x0000000000000400
2026/09/27 13:04:43.003, 2610 MHz, 15216 MHz, 44.65 W, 47, 0 %, 0x0000000000000400
2026/09/27 13:04:47.911, 2610 MHz, 15216 MHz, 43.97 W, 46, 0 %, 0x0000000000000400
2026/09/27 13:04:53.767, 2610 MHz, 15216 MHz, 43.68 W, 46, 0 %, 0x0000000000000400
2026/09/27 13:04:58.732, 2610 MHz, 15216 MHz, 43.56 W, 45, 0 %, 0x0000000000000400
2026/09/27 13:05:03.582, 2610 MHz, 15216 MHz, 43.28 W, 45, 0 %, 0x0000000000000400
2026/09/27 13:05:08.424, 2610 MHz, 15216 MHz, 43.11 W, 44, 0 %, 0x0000000000000400
2026/09/27 13:05:13.238, 2610 MHz, 15216 MHz, 42.77 W, 44, 0 %, 0x0000000000000400
2026/09/27 13:05:18.122, 2610 MHz, 15216 MHz, 42.54 W, 43, 0 %, 0x0000000000000400
2026/09/27 13:05:23.018, 2610 MHz, 15216 MHz, 42.46 W, 43, 0 %, 0x0000000000000400
2026/09/27 13:05:28.949, 2610 MHz, 15216 MHz, 42.32 W, 42, 0 %, 0x0000000000000400
2026/09/27 13:05:33.841, 2610 MHz, 15216 MHz, 42.10 W, 42, 0 %, 0x0000000000000400
2026/09/27 13:05:38.727, 2610 MHz, 15216 MHz, 42.01 W, 42, 0 %, 0x0000000000000400
2026/09/27 13:05:43.609, 2610 MHz, 15216 MHz, 41.71 W, 41, 0 %, 0x0000000000000400
2026/09/27 13:05:48.489, 2610 MHz, 15216 MHz, 41.58 W, 42, 0 %, 0x0000000000000400
2026/09/27 13:05:53.376, 2610 MHz, 15216 MHz, 41.50 W, 42, 0 %, 0x0000000000000400
2026/09/27 13:05:59.140, 2610 MHz, 15216 MHz, 41.55 W, 42, 0 %, 0x0000000000000400
2026/09/27 13:06:04.036, 2610 MHz, 15216 MHz, 41.64 W, 42, 0 %, 0x0000000000000400
2026/09/27 13:06:08.930, 2610 MHz, 15216 MHz, 41.57 W, 43, 0 %, 0x0000000000000400
2026/09/27 13:06:13.823, 2610 MHz, 15216 MHz, 41.71 W, 43, 0 %, 0x0000000000000400
2026/09/27 13:06:18.713, 2610 MHz, 15216 MHz, 41.87 W, 43, 0 %, 0x0000000000000400
2026/09/27 13:06:23.601, 2610 MHz, 15216 MHz, 41.90 W, 43, 0 %, 0x0000000000000400
2026/09/27 13:06:28.490, 2610 MHz, 15216 MHz, 41.94 W, 43, 0 %, 0x0000000000000400
2026/09/27 13:06:34.331, 2610 MHz, 15216 MHz, 42.16 W, 44, 0 %, 0x0000000000000400
2026/09/27 13:06:39.218, 2610 MHz, 15216 MHz, 42.31 W, 44, 0 %, 0x0000000000000400
2026/09/27 13:06:44.107, 2610 MHz, 15216 MHz, 42.53 W, 44, 0 %, 0x0000000000000400
2026/09/27 13:06:48.996, 2610 MHz, 15216 MHz, 42.42 W, 44, 0 %, 0x0000000000000400
2026/09/27 13:06:53.884, 2610 MHz, 15216 MHz, 42.45 W, 44, 0 %, 0x0000000000000400
2026/09/27 13:06:58.770, 2610 MHz, 15216 MHz, 42.58 W, 45, 0 %, 0x0000000000000400
2026/09/27 13:07:03.658, 2610 MHz, 15216 MHz, 42.55 W, 45, 0 %, 0x0000000000000400
2026/09/27 13:07:09.466, 2610 MHz, 15216 MHz, 42.55 W, 45, 0 %, 0x0000000000000400
2026/09/27 13:07:14.355, 2610 MHz, 15216 MHz, 42.66 W, 45, 0 %, 0x0000000000000400
2026/09/27 13:07:19.243, 2610 MHz, 15216 MHz, 42.55 W, 45, 0 %, 0x0000000000000400
2026/09/27 13:07:24.131, 2610 MHz, 15216 MHz, 42.88 W, 46, 0 %, 0x0000000000000400
2026/09/27 13:07:29.018, 2610 MHz, 15216 MHz, 42.72 W, 46, 0 %, 0x0000000000000400
2026/09/27 13:07:33.904, 2610 MHz, 15216 MHz, 43.32 W, 46, 0 %, 0x0000000000000400
2026/09/27 13:07:39.658, 2610 MHz, 15216 MHz, 43.19 W, 46, 0 %, 0x0000000000000400
2026/09/27 13:07:44.544, 2610 MHz, 15216 MHz, 43.28 W, 46, 0 %, 0x0000000000000400
2026/09/27 13:07:49.433, 2610 MHz, 15216 MHz, 43.70 W, 46, 0 %, 0x0000000000000400
2026/09/27 13:07:54.321, 2610 MHz, 15216 MHz, 43.35 W, 47, 0 %, 0x0000000000000400
2026/09/27 13:07:59.207, 2617 MHz, 15016 MHz, 48.09 W, 47, 1 %, 0x0000000000000400
2026/09/27 13:08:04.094, 2610 MHz, 15016 MHz, 48.09 W, 47, 23 %, 0x0000000000000400
2026/09/27 13:08:08.981, 2610 MHz, 15016 MHz, 45.64 W, 47, 0 %, 0x0000000000000400
2026/09/27 13:08:14.857, 2610 MHz, 15016 MHz, 45.76 W, 47, 0 %, 0x0000000000000400
2026/09/27 13:08:19.745, 2610 MHz, 15016 MHz, 52.03 W, 48, 38 %, 0x0000000000000400
2026/09/27 13:08:24.633, 2610 MHz, 15016 MHz, 45.87 W, 48, 0 %, 0x0000000000000400
2026/09/27 13:08:29.520, 2775 MHz, 15016 MHz, 55.82 W, 48, 0 %, 0x0000000000000400
2026/09/27 13:08:34.407, 2610 MHz, 15016 MHz, 46.44 W, 48, 0 %, 0x0000000000000400
2026/09/27 13:08:39.294, 2947 MHz, 15016 MHz, 55.93 W, 49, 0 %, 0x0000000000000400
2026/09/27 13:08:45.045, 2947 MHz, 15016 MHz, 65.00 W, 49, 0 %, 0x0000000000000400
2026/09/27 13:08:49.931, 2610 MHz, 15016 MHz, 46.61 W, 48, 0 %, 0x0000000000000400
2026/09/27 13:08:54.819, 2902 MHz, 15016 MHz, 293.38 W, 69, 100 %, 0x0000000000000400
2026/09/27 13:08:59.710, 2947 MHz, 15016 MHz, 58.54 W, 50, 0 %, 0x0000000000000400
2026/09/27 13:09:04.596, 2610 MHz, 15016 MHz, 47.86 W, 48, 0 %, 0x0000000000000400
2026/09/27 13:09:09.483, 2902 MHz, 15016 MHz, 228.43 W, 60, 59 %, 0x0000000000000400
2026/09/27 13:09:14.370, 2610 MHz, 15016 MHz, 47.39 W, 48, 0 %, 0x0000000000000400
2026/09/27 13:09:20.246, 2610 MHz, 15016 MHz, 46.38 W, 47, 0 %, 0x0000000000000400
2026/09/27 13:09:25.133, 2610 MHz, 15016 MHz, 46.18 W, 46, 0 %, 0x0000000000000400
2026/09/27 13:09:30.022, 2610 MHz, 15016 MHz, 46.04 W, 46, 0 %, 0x0000000000000400
2026/09/27 13:09:34.910, 2925 MHz, 15016 MHz, 150.53 W, 55, 79 %, 0x0000000000000400
2026/09/27 13:09:39.799, 2917 MHz, 15016 MHz, 203.93 W, 58, 97 %, 0x0000000000000400
2026/09/27 13:09:44.692, 2917 MHz, 15016 MHz, 199.22 W, 58, 97 %, 0x0000000000000400
2026/09/27 13:09:49.578, 2917 MHz, 15016 MHz, 195.12 W, 59, 96 %, 0x0000000000000400
2026/09/27 13:09:55.323, 2917 MHz, 15016 MHz, 195.01 W, 58, 95 %, 0x0000000000000400
2026/09/27 13:10:00.212, 2917 MHz, 15016 MHz, 208.04 W, 60, 95 %, 0x0000000000000400
2026/09/27 13:10:05.104, 2902 MHz, 15016 MHz, 212.34 W, 61, 96 %, 0x0000000000000400
2026/09/27 13:10:09.991, 2902 MHz, 15016 MHz, 220.88 W, 62, 96 %, 0x0000000000000400
2026/09/27 13:10:14.878, 2902 MHz, 15016 MHz, 218.11 W, 62, 97 %, 0x0000000000000400
2026/09/27 13:10:19.765, 2902 MHz, 15016 MHz, 193.18 W, 61, 97 %, 0x0000000000000400
2026/09/27 13:10:25.586, 2902 MHz, 15016 MHz, 201.21 W, 62, 97 %, 0x0000000000000400
2026/09/27 13:10:30.474, 2902 MHz, 15016 MHz, 206.49 W, 63, 97 %, 0x0000000000000400
2026/09/27 13:10:35.363, 2902 MHz, 15016 MHz, 196.87 W, 62, 97 %, 0x0000000000000400
2026/09/27 13:10:40.250, 2902 MHz, 15016 MHz, 209.60 W, 63, 97 %, 0x0000000000000400
2026/09/27 13:10:45.137, 2902 MHz, 15016 MHz, 217.83 W, 64, 97 %, 0x0000000000000400
2026/09/27 13:10:50.024, 2902 MHz, 15016 MHz, 204.41 W, 63, 96 %, 0x0000000000000400
2026/09/27 13:10:54.912, 2872 MHz, 15016 MHz, 295.51 W, 71, 98 %, 0x0000000000000400
2026/09/27 13:11:00.721, 2902 MHz, 15016 MHz, 204.93 W, 64, 97 %, 0x0000000000000400
2026/09/27 13:11:05.609, 2902 MHz, 15016 MHz, 210.78 W, 64, 96 %, 0x0000000000000400
2026/09/27 13:11:10.497, 2902 MHz, 15016 MHz, 217.38 W, 64, 97 %, 0x0000000000000400
2026/09/27 13:11:15.385, 2902 MHz, 15016 MHz, 211.35 W, 63, 97 %, 0x0000000000000400
2026/09/27 13:11:20.271, 2932 MHz, 15016 MHz, 62.24 W, 52, 0 %, 0x0000000000000400
2026/09/27 13:11:25.159, 2610 MHz, 15016 MHz, 49.97 W, 49, 1 %, 0x0000000000000400
2026/09/27 13:11:30.976, 2610 MHz, 15216 MHz, 45.33 W, 48, 0 %, 0x0000000000000400
2026/09/27 13:11:35.862, 2610 MHz, 15216 MHz, 44.83 W, 47, 0 %, 0x0000000000000400
2026/09/27 13:11:40.750, 2610 MHz, 15216 MHz, 44.31 W, 46, 0 %, 0x0000000000000400
2026/09/27 13:11:45.637, 2610 MHz, 15216 MHz, 44.16 W, 46, 0 %, 0x0000000000000400
2026/09/27 13:11:50.527, 2610 MHz, 15216 MHz, 43.81 W, 45, 0 %, 0x0000000000000400
2026/09/27 13:11:55.414, 2610 MHz, 15216 MHz, 43.44 W, 45, 0 %, 0x0000000000000400
2026/09/27 13:12:00.300, 2610 MHz, 15216 MHz, 42.85 W, 44, 0 %, 0x0000000000000400
2026/09/27 13:12:06.179, 2610 MHz, 15216 MHz, 43.05 W, 44, 0 %, 0x0000000000000400
2026/09/27 13:12:11.051, 2610 MHz, 15216 MHz, 42.65 W, 43, 0 %, 0x0000000000000400
2026/09/27 13:12:15.914, 2610 MHz, 15216 MHz, 42.49 W, 43, 0 %, 0x0000000000000400
2026/09/27 13:12:20.789, 2610 MHz, 15016 MHz, 46.18 W, 43, 0 %, 0x0000000000000400
2026/09/27 13:12:25.663, 2610 MHz, 15016 MHz, 51.82 W, 43, 11 %, 0x0000000000000400
2026/09/27 13:12:30.544, 2610 MHz, 15216 MHz, 43.42 W, 42, 0 %, 0x0000000000000400
2026/09/27 13:12:35.426, 2610 MHz, 15216 MHz, 42.48 W, 42, 0 %, 0x0000000000000400
2026/09/27 13:12:41.259, 2610 MHz, 15216 MHz, 42.07 W, 42, 0 %, 0x0000000000000400
2026/09/27 13:12:46.158, 2610 MHz, 15216 MHz, 41.62 W, 41, 0 %, 0x0000000000000400
2026/09/27 13:12:51.057, 2610 MHz, 15216 MHz, 41.85 W, 42, 0 %, 0x0000000000000400
2026/09/27 13:12:55.955, 2610 MHz, 15216 MHz, 41.62 W, 42, 0 %, 0x0000000000000400
2026/09/27 13:13:00.853, 2610 MHz, 15216 MHz, 41.80 W, 42, 0 %, 0x0000000000000400
2026/09/27 13:13:05.751, 2610 MHz, 15216 MHz, 42.04 W, 42, 0 %, 0x0000000000000400
2026/09/27 13:13:11.509, 2610 MHz, 15216 MHz, 42.11 W, 43, 0 %, 0x0000000000000400
2026/09/27 13:13:16.401, 2610 MHz, 15216 MHz, 42.08 W, 43, 0 %, 0x0000000000000400
2026/09/27 13:13:21.290, 2610 MHz, 15216 MHz, 42.39 W, 43, 0 %, 0x0000000000000400
2026/09/27 13:13:26.177, 2610 MHz, 15216 MHz, 42.47 W, 43, 0 %, 0x0000000000000400
2026/09/27 13:13:31.064, 2610 MHz, 15216 MHz, 42.60 W, 43, 0 %, 0x0000000000000400
2026/09/27 13:13:35.951, 2610 MHz, 15216 MHz, 42.89 W, 44, 0 %, 0x0000000000000400
2026/09/27 13:13:40.840, 277 MHz, 405 MHz, 15.70 W, 42, 0 %, 0x0000000000000400
2026/09/27 13:13:46.648, 277 MHz, 405 MHz, 15.41 W, 42, 0 %, 0x0000000000000400
2026/09/27 13:13:51.536, 277 MHz, 405 MHz, 15.55 W, 42, 0 %, 0x0000000000000400
2026/09/27 13:13:56.434, 277 MHz, 405 MHz, 15.42 W, 42, 0 %, 0x0000000000000400
2026/09/27 13:14:01.322, 277 MHz, 405 MHz, 15.39 W, 42, 0 %, 0x0000000000000400
2026/09/27 13:14:06.210, 2625 MHz, 15016 MHz, 44.65 W, 44, 1 %, 0x0000000000000400
2026/09/27 13:14:11.100, 2610 MHz, 15016 MHz, 38.21 W, 44, 3 %, 0x0000000000000400
2026/09/27 13:14:16.974, 277 MHz, 405 MHz, 16.17 W, 43, 0 %, 0x0000000000000400
2026/09/27 13:14:21.863, 2340 MHz, 7001 MHz, 53.62 W, 45, 0 %, 0x0000000000000400
2026/09/27 13:14:26.750, 615 MHz, 405 MHz, 21.35 W, 43, 0 %, 0x0000000000000400
2026/09/27 13:14:31.638, 525 MHz, 7001 MHz, 40.19 W, 45, 0 %, 0x0000000000000400
2026/09/27 13:14:36.525, 277 MHz, 405 MHz, 16.89 W, 43, 0 %, 0x0000000000000400
2026/09/27 13:14:41.411, 2340 MHz, 7001 MHz, 49.09 W, 45, 0 %, 0x0000000000000400
2026/09/27 13:14:46.297, 405 MHz, 810 MHz, 23.72 W, 43, 0 %, 0x0000000000000400
2026/09/27 13:14:52.120, 277 MHz, 405 MHz, 19.91 W, 43, 22 %, 0x0000000000000400
2026/09/27 13:14:57.031, 277 MHz, 810 MHz, 17.03 W, 43, 0 %, 0x0000000000000400
2026/09/27 13:15:01.922, 562 MHz, 7001 MHz, 41.56 W, 44, 13 %, 0x0000000000000400
2026/09/27 13:15:06.804, 277 MHz, 810 MHz, 18.52 W, 44, 7 %, 0x0000000000000400
2026/09/27 13:15:11.687, 525 MHz, 7001 MHz, 38.89 W, 46, 0 %, 0x0000000000000400
2026/09/27 13:15:16.568, 292 MHz, 7001 MHz, 28.90 W, 45, 0 %, 0x0000000000000400
2026/09/27 13:15:21.456, 277 MHz, 405 MHz, 16.43 W, 43, 0 %, 0x0000000000000400
2026/09/27 13:15:27.222, 2850 MHz, 15016 MHz, 350.94 W, 70, 100 %, 0x0000000000000004
2026/09/27 13:15:32.110, 2850 MHz, 15016 MHz, 348.83 W, 75, 99 %, 0x0000000000000004
2026/09/27 13:15:36.996, 2857 MHz, 15016 MHz, 349.51 W, 74, 99 %, 0x0000000000000004
2026/09/27 13:15:41.889, 2850 MHz, 15016 MHz, 355.51 W, 70, 100 %, 0x0000000000000004
2026/09/27 13:15:46.773, 2850 MHz, 15016 MHz, 350.45 W, 74, 100 %, 0x0000000000000004
2026/09/27 13:15:51.661, 2850 MHz, 15016 MHz, 336.13 W, 76, 100 %, 0x0000000000000004
2026/09/27 13:15:57.492, 2850 MHz, 15016 MHz, 351.72 W, 76, 100 %, 0x0000000000000004
2026/09/27 13:16:02.384, 2850 MHz, 15016 MHz, 351.41 W, 79, 100 %, 0x0000000000000004
2026/09/27 13:16:07.271, 2850 MHz, 15016 MHz, 352.59 W, 80, 100 %, 0x0000000000000004
2026/09/27 13:16:12.157, 2850 MHz, 15016 MHz, 351.23 W, 80, 100 %, 0x0000000000000004
2026/09/27 13:16:17.042, 2857 MHz, 15016 MHz, 352.14 W, 79, 100 %, 0x0000000000000004
2026/09/27 13:16:21.927, 2850 MHz, 15016 MHz, 353.20 W, 80, 100 %, 0x0000000000000004
2026/09/27 13:16:26.814, 2857 MHz, 15016 MHz, 352.77 W, 80, 100 %, 0x0000000000000004
2026/09/27 13:16:32.706, 2850 MHz, 15016 MHz, 340.81 W, 77, 100 %, 0x0000000000000400
2026/09/27 13:16:37.593, 2850 MHz, 15016 MHz, 352.21 W, 80, 100 %, 0x0000000000000004
2026/09/27 13:16:42.479, 2850 MHz, 15016 MHz, 353.77 W, 80, 100 %, 0x0000000000000004
2026/09/27 13:16:47.365, 2857 MHz, 15016 MHz, 351.42 W, 78, 100 %, 0x0000000000000004
2026/09/27 13:16:52.258, 2857 MHz, 15016 MHz, 353.37 W, 77, 100 %, 0x0000000000000004
2026/09/27 13:16:57.142, 2850 MHz, 15016 MHz, 353.70 W, 80, 100 %, 0x0000000000000004
2026/09/27 13:17:02.906, 2932 MHz, 15016 MHz, 65.28 W, 54, 2 %, 0x0000000000000400
2026/09/27 13:17:07.793, 277 MHz, 405 MHz, 18.84 W, 47, 0 %, 0x0000000000000400
2026/09/27 13:17:12.680, 277 MHz, 405 MHz, 16.97 W, 45, 0 %, 0x0000000000000400
