Time (%),Total Time (ns),Instances,Avg (ns),Med (ns),Min (ns),Max (ns),StdDev (ns),Style,Range
8.2,3754435769,16,234652235.6,236746045.0,24440664,484852901,156762339.8,PushPop,:Layer_28
8.2,3743635772,16,233977235.8,236513724.5,24592817,484754172,156820653.1,PushPop,:Layer_20
8.2,3738904721,16,233681545.1,234692190.0,24343339,484368247,156937046.1,PushPop,:Layer_36
8.2,3737361551,16,233585096.9,234978838.5,24427677,483149346,156731871.3,PushPop,:Layer_16
8.2,3734981810,16,233436363.1,234720792.0,24450827,483627481,156892656.0,PushPop,:Layer_4
8.2,3733942981,16,233371436.3,232102783.5,24408716,484660354,157126562.3,PushPop,:Layer_24
8.2,3733072395,16,233317024.7,234561513.5,24574903,483497426,156618636.2,PushPop,:Layer_12
8.2,3732742195,16,233296387.2,232652388.5,24421698,484212452,156793936.4,PushPop,:Layer_8
8.2,3728981948,16,233061371.8,232423813.0,24400466,483225822,156718968.5,PushPop,:Layer_32
1.3,608482785,16,38030174.1,23032728.0,16352647,307786151,72013159.7,PushPop,:Layer_27
1.3,607849470,16,37990591.9,23019043.0,16326608,307733136,72011576.9,PushPop,:Layer_23
1.3,607824256,16,37989016.0,23077107.0,16101099,307158015,71855906.4,PushPop,:Layer_15
1.3,607718828,16,37982426.8,22633966.5,16284522,307858638,72041968.9,PushPop,:Layer_19
1.3,607678964,16,37979935.3,22988374.5,16307212,307715750,72005976.5,PushPop,:Layer_7
1.3,607538662,16,37971166.4,23046073.0,16244418,307166425,71868432.4,PushPop,:Layer_31
1.3,607490987,16,37968186.7,23119463.0,16273633,307318704,71908376.8,PushPop,:Layer_35
1.3,606433113,16,37902069.6,23001226.5,16200108,306545435,71718174.6,PushPop,:Layer_3
1.3,605553687,16,37847105.4,22892930.5,16284942,306578029,71740039.4,PushPop,:Layer_11
0.7,316586396,16,19786649.8,20306010.0,7825079,24684044,4707315.9,PushPop,:Layer_18
0.7,315559008,16,19722438.0,20262499.0,8157757,24016535,4601744.8,PushPop,:Layer_30
0.7,315538741,16,19721171.3,20271915.0,7865217,23837658,4613551.8,PushPop,:Layer_38
0.7,315453659,16,19715853.7,20221144.0,7898123,23800155,4590157.9,PushPop,:Layer_34
0.7,315121887,16,19695117.9,20282039.0,7779154,23751787,4570802.3,PushPop,:Layer_26
0.7,314837115,16,19677319.7,20142040.5,7865633,23714700,4602285.9,PushPop,:Layer_14
0.7,314820509,16,19676281.8,20281043.0,7912981,23935464,4605186.7,PushPop,:Layer_10
0.7,314427526,16,19651720.4,20235876.5,7901923,23863829,4619399.8,PushPop,:Layer_22
0.7,314403396,16,19650212.3,20186370.0,7936521,23720768,4612990.2,PushPop,:Layer_6
0.7,313662319,16,19603894.9,20107112.5,8565658,23830044,4440139.8,PushPop,:Layer_29
0.7,313266370,16,19579148.1,20163703.5,8538181,23706925,4519619.9,PushPop,:Layer_21
0.7,312649546,16,19540596.6,19948442.0,8494077,23735118,4486084.9,PushPop,:Layer_13
0.7,312589956,16,19536872.3,19979228.5,8625148,23733505,4527453.7,PushPop,:Layer_37
0.7,312531434,16,19533214.6,19986413.5,8558698,23626043,4521373.7,PushPop,:Layer_33
0.7,312439409,16,19527463.1,20096800.0,8408065,23565650,4508540.2,PushPop,:Layer_5
0.7,312184195,16,19511512.2,19946465.0,8686988,23679998,4445534.0,PushPop,:Layer_17
0.7,310481322,16,19405082.6,19685831.0,8505093,23438349,4405931.3,PushPop,:Layer_9
0.7,306583520,16,19161470.0,19534573.0,8390410,23585456,4486328.2,PushPop,:Layer_25
0.7,301634349,16,18852146.8,19352813.5,8216104,22915300,4430283.0,PushPop,:Layer_2
0.6,276419502,16,17276218.9,18090411.5,2865748,22038590,5351572.4,PushPop,:Layer_1
0.6,264983835,16,16561489.7,15861151.0,15612861,22951454,2071666.1,PushPop,:Layer_0
0.2,99692094,160,623075.6,612920.0,543217,1290539,68536.2,PushPop,:MHA
0.0,22625657,643,35187.6,28529.0,15021,100440,17815.5,PushPop,CCCL:cub::DeviceSelect::Flagged
0.0,21146504,16,1321656.5,1307379.0,1236361,1523008,67201.2,PushPop,:Layer_39
0.0,6052353,643,9412.7,8165.0,7139,415641,16285.3,PushPop,CCCL:cub::DeviceReduce::Sum
0.0,2739817,62,44190.6,42236.5,34863,71345,8028.8,PushPop,:Sampler
0.0,2184418,16,136526.1,130262.5,124405,170313,14095.8,PushPop,:LMHead
0.0,1734034,62,27968.3,21848.5,14092,67675,14094.2,PushPop,CCCL:cub::DeviceScan::InclusiveScan
0.0,875785,16,54736.6,55639.0,46094,60605,4194.9,PushPop,:Embedding
