Time (%),Total Time (ns),Num Calls,Avg (ns),Med (ns),Min (ns),Max (ns),StdDev (ns),Name
51.4,301471837868,5897,51122916.4,10084065.0,1002,5320222406,365142658.0,epoll_wait
25.8,151205293837,1066,141843615.2,100307159.5,1021,5320077873,419958063.8,poll
8.5,50001786159,50,1000035723.2,1002137438.0,921868559,1002250902,11817808.4,clock_nanosleep
7.5,43997646376,24,1833235265.7,599262740.0,5544,4008437524,1964681318.5,pthread_cond_timedwait
6.8,39978168049,4,9994542012.3,10015659329.0,9925968348,10020881043,45975824.2,sem_clockwait
0.0,220419510,46484,4741.8,2510.0,996,8429257,49058.1,ioctl
0.0,1149517,50,22990.3,1275.0,1011,303257,57131.1,read
0.0,1134230,16,70889.4,50026.0,13489,219765,68523.9,pthread_create
0.0,850287,88,9662.4,7010.5,1091,67220,9564.1,send
0.0,634695,147,4317.7,3641.0,2050,20530,2100.9,write
0.0,559742,76,7365.0,3929.5,1474,63624,11467.1,recv
0.0,267747,1,267747.0,267747.0,267747,267747,0.0,sem_wait
0.0,247768,2,123884.0,123884.0,4937,242831,168216.5,fopen
0.0,224278,11,20388.9,1963.0,1350,199696,59480.7,stat64
0.0,205948,4,51487.0,53242.5,43044,56419,6079.6,munmap
0.0,183436,4,45859.0,38114.0,5216,101992,46029.4,fread
0.0,160897,3,53632.3,60008.0,36021,64868,15444.2,pthread_cond_wait
0.0,133449,52,2566.3,2535.5,1021,5820,569.5,waitpid
0.0,110882,24,4620.1,2830.0,1332,22998,4687.6,pthread_cond_signal
0.0,67050,1,67050.0,67050.0,67050,67050,0.0,pthread_mutex_lock
0.0,39337,28,1404.9,1278.0,1005,2840,409.1,epoll_ctl
0.0,27381,5,5476.2,5718.0,1341,10230,3222.4,mmap64
0.0,26816,8,3352.0,3187.5,1917,5199,1302.7,open64
0.0,17651,5,3530.2,1113.0,1056,13140,5372.5,close
0.0,12311,2,6155.5,6155.5,4575,7736,2235.2,accept4
0.0,4726,2,2363.0,2363.0,2022,2704,482.2,pthread_cond_broadcast
0.0,3210,2,1605.0,1605.0,1486,1724,168.3,fcntl
0.0,2376,1,2376.0,2376.0,2376,2376,0.0,fclose
