arm	model	rows	ratio	ram_gib	rss_ready_gib	devzero_gib	ram_after_80k_gib	rss_gib	locked_gib	anon_gib	file_gib	shmem_gib	unevict_gib	current_gib	peak_current_gib	gpu_mib	decode_8k	ttft_8k	decode_32k	ttft_32k	decode_80k	ttft_80k	decode_8k_p1	ttft_8k_p1	total_8k_p1	decode_32k_p1	ttft_32k_p1	total_32k_p1	decode_80k_p1	ttft_80k_p1	total_80k_p1	total_8k	total_32k	total_80k	swaps	free_evict_rate	retained_rows	coverage_faults	starved	probe_error
nemotron-auto-r100	NVIDIA-Nemotron-3.5-Lightning-30B-A3B-NVFP4	-1	1.00	12.9	13.75	0.09	12.93	13.82	0.0	12.83	0.92	0.09	0.0	13.79	14.24	15878	164.9	0.68	160.3	3.01	152.3	9.68	170.9	0.19	0.9	161.8	71.18	72.0	145.8	173.43	174.3	1.4	3.8	10.5	5376	0.284	1524	0	0	
nemotron-auto	NVIDIA-Nemotron-3.5-Lightning-30B-A3B-NVFP4	-1	0.91	14.21	15.04	0.09	14.28	15.12	0.0	14.14	0.77	0.09	0.0	14.96	15.61	14992	151.2	0.66	147.6	2.88	144.2	12.53	147.9	0.21	1.1	148.6	2.87	3.7	142.8	9.29	10.2	1.5	3.7	13.4	7676	0.297	2274	0	0	
nemotron-baseline-clean	NVIDIA-Nemotron-3.5-Lightning-30B-A3B-NVFP4	0	0.91	18.13	19.0	15.49	18.07	18.99	0.0	2.94	16.65	15.49	0.0	19.71	21.75	14994	190.1	0.61	187.0	2.7	180.0	8.93	184.3	0.32	1.0	175.0	2.81	3.5	176.6	12.25	13.0	1.3	3.4	9.6						
nemotron-baseline-r100	NVIDIA-Nemotron-3.5-Lightning-30B-A3B-NVFP4	0	1.00	18.26	19.26	15.49	18.19	19.27	0.0	2.95	16.82	15.49	0.0	19.89	22.36	15820	191.9	0.65	190.8	2.9	183.3	9.31	194.8	0.32	1.0	177.2	74.34	75.1	168.5	175.79	176.5	1.3	3.6	10.0						
nemotron-baseline-r100b	NVIDIA-Nemotron-3.5-Lightning-30B-A3B-NVFP4	0	1.00	18.22	19.22	15.49	18.3	19.28	0.0	2.94	19.26	15.49	0.0	22.32	22.75	15820	195.8	0.63	190.8	2.83	178.5	9.43	197.7	0.31	1.0	191.0	71.71	72.4	180.3	175.28	176.0	1.3	3.5	10.1						
nemotron-baseline	NVIDIA-Nemotron-3.5-Lightning-30B-A3B-NVFP4	0	0.91	18.42	19.24	15.49	18.49	19.36	0.0	2.96	18.61	15.49	0.0	21.7	22.2	14729	174.5	1.14	180.4	3.26	166.8	10.42	156.9	0.37	1.2	180.0	2.93	3.6	159.8	9.36	10.1	1.9	4.0	11.2						
nemotron-baseline2	NVIDIA-Nemotron-3.5-Lightning-30B-A3B-NVFP4	0	0.91	18.21	19.23	15.49	18.29	19.32	0.0	2.96	18.35	15.49	0.0	21.43	22.17	14727	174.6	0.62	162.6	2.97	167.7	10.99	185.9	0.32	1.0	163.7	2.92	3.7	160.1	9.49	10.3	1.3	3.7	11.7						
nemotron-1700	NVIDIA-Nemotron-3.5-Lightning-30B-A3B-NVFP4	1700	0.91	11.9	12.71	0.09	0.02	0.0	0.0	1.16	4.0	0.09	0.0	0.0	0.0	520							130.3	0.23	1.2	136.2	3.08	4.0												
nemotron-2100	NVIDIA-Nemotron-3.5-Lightning-30B-A3B-NVFP4	2100	0.91	14.2	14.81	0.09	14.24	14.9	0.0	13.93	0.14	0.09	0.0	14.1	14.68	14727	136.8	0.71	138.9	4.22	120.2	9.92	137.2	0.23	1.1	146.7	3.1	4.0	116.6	9.94	11.0	1.6	5.1	11.0	9679	0.279	2700	0	0	
nemotron-2500	NVIDIA-Nemotron-3.5-Lightning-30B-A3B-NVFP4	2500	0.91	16.08	16.89	0.09	16.2	16.97	0.0	16.0	0.09	0.09	0.0	16.14	16.74	14725	139.0	0.7	146.3	2.9	121.6	9.92	140.3	0.23	1.1	144.4	2.95	3.8	118.7	11.4	12.5	1.6	3.8	11.0	8361	0.423	3535	0	0	
nemotron-2944	NVIDIA-Nemotron-3.5-Lightning-30B-A3B-NVFP4	2944	0.91	18.44	19.23	0.09	18.63	19.3	0.0	18.33	0.09	0.09	0.0	18.47	19.07	14725	162.0	0.68	143.6	2.93	131.8	10.11	152.7	0.22	1.0	148.0	4.21	5.1	131.0	9.87	10.8	1.5	3.8	11.1	9662	0.751	7254	0	0	
