Time (%),Total Time (ns),Instances,Avg (ns),Med (ns),Min (ns),Max (ns),StdDev (ns),Name
44.7,326922555,92,3553506.0,3453876.5,254336,7143913,3228514.2,_prefill_nvfp4_moe_kernel
18.2,133289001,92,1448793.5,845585.0,57248,4063365,1634752.3,_gemm_kernel
7.7,56329576,12,4694131.3,4691974.0,588481,8815499,4283087.8,_extend_attention_split_kernel
5.8,42455509,29,1463983.1,1385826.0,1383489,1765762,155920.8,void cutlass::Kernel2<cutlass_80_tensorop_bf16_s16816gemm_relu_bf16_256x128_32x3_tn_align8>(T1::Params)
5.7,41745335,382,109281.0,5568.0,1408,730497,193273.9,"void at::native::elementwise_kernel<(int)128, (int)4, void at::native::gpu_kernel_impl_nocast<at::native::direct_copy_kernel_cuda(at::TensorIteratorBase &)::[lambda() (instance 3)]::operator ()() const::[lambda() (instance 12)]::operator ()() const::[lambda(c10::BFloat16) (instance 1)]>(at::TensorIteratorBase &, const T1 &)::[lambda(int) (instance 1)]>(int, T3)"
4.2,30926727,29,1066438.9,1334882.0,36160,1337410,535267.7,void cutlass::Kernel2<cutlass_80_tensorop_bf16_s16816gemm_relu_bf16_128x64_64x3_tn_align8>(T1::Params)
1.4,9937164,46,216025.3,207808.0,7968,426753,210277.5,_chunk_scan_fwd_kernel
1.3,9423239,150,62821.6,51840.0,1056,144385,62290.9,"void at::native::vectorized_elementwise_kernel<(int)4, at::native::CUDAFunctor_add<c10::BFloat16>, std::array<char *, (unsigned long)3>>(int, T2, T3)"
1.3,9279948,6,1546658.0,1547938.0,1542146,1550018,3746.6,void cutlass::Kernel2<cutlass_80_tensorop_bf16_s16816gemm_relu_bf16_64x256_32x4_tn_align8>(T1::Params)
1.0,7531531,46,163728.9,160400.5,3552,339905,161633.8,moe_sum_reduce_kernel
1.0,7451146,46,161981.4,157200.0,4928,320513,158706.7,_chunk_state_fwd_kernel
1.0,7109481,46,154553.9,141840.0,2240,312161,154019.1,_state_passing_fwd_kernel
0.9,6653803,46,144647.9,134160.5,20736,273217,125128.3,"void causal_conv1d_fwd_kernel<Causal_conv1d_fwd_kernel_traits<(int)128, (int)4, (bool)0, c10::BFloat16, c10::BFloat16>>(ConvParamsBase)"
0.7,5101157,46,110894.7,101328.0,1728,232704,110382.2,_layer_norm_fwd_1pass_kernel
0.7,4905288,23,213273.4,213792.0,211424,214528,1175.1,void cutlass::Kernel2<cutlass_80_simt_sgemm_128x256_8x4_tn_align1>(T1::Params)
0.6,4104709,138,29744.3,2400.0,1088,177440,61639.1,"void at::native::unrolled_elementwise_kernel<at::native::direct_copy_kernel_cuda(at::TensorIteratorBase &)::[lambda() (instance 3)]::operator ()() const::[lambda() (instance 7)]::operator ()() const::[lambda(float) (instance 1)], std::array<char *, (unsigned long)2>, (int)4, TrivialOffsetCalculator<(int)1, unsigned int>, TrivialOffsetCalculator<(int)1, unsigned int>, at::native::memory::LoadWithCast<(int)1>, at::native::memory::StoreWithCast<(int)1>>(int, T1, T2, T4, T5, T6, T7)"
0.5,3403200,46,73982.6,68784.0,1632,150496,73143.9,"void at::native::vectorized_elementwise_kernel<(int)4, void at::native::<unnamed>::pow_tensor_scalar_kernel_impl<c10::BFloat16, c10::BFloat16>(at::TensorIteratorBase &, T2)::[lambda(c10::BFloat16) (instance 1)], std::array<char *, (unsigned long)2>>(int, T2, T3)"
0.4,3157989,106,29792.3,24000.0,1792,66913,28247.0,kernel_cutlass_kernel_flashinfernormkernelsrmsnormRMSNormKernel_object_at__tensorptrbf16gmemalign128oi64268826881_tensorptrbf16gmemalign16o26881_tensorptrbf16gmemalign128oi64268826881___T_0
0.3,2500806,23,108730.7,109409.0,97601,111840,3520.1,"void at::native::vectorized_elementwise_kernel<(int)4, at::native::<unnamed>::launch_clamp_scalar(at::TensorIteratorBase &, c10::Scalar, c10::Scalar, at::native::detail::ClampLimits)::[lambda() (instance 1)]::operator ()() const::[lambda() (instance 9)]::operator ()() const::[lambda(c10::BFloat16) (instance 1)], std::array<char *, (unsigned long)2>>(int, T2, T3)"
0.3,2214561,23,96285.3,96320.0,94176,97184,684.2,void cutlass::Kernel2<cutlass_80_tensorop_bf16_s16816gemm_relu_bf16_64x128_64x3_tn_align8>(T1::Params)
0.3,1992195,46,43308.6,43248.5,40032,46688,2959.4,_nvfp4_gemm_kernel
0.3,1882369,46,40921.1,37952.0,2336,84160,38988.9,_bmm_chunk_fwd_kernel
0.2,1771137,23,77006.0,79232.0,58912,80224,6076.7,void cutlass::Kernel2<cutlass_80_tensorop_bf16_s16816gemm_relu_bf16_64x64_32x6_tn_align8>(T1::Params)
0.2,1749730,46,38037.6,35024.0,4768,74784,33149.9,"void at::native::sbtopk::gatherTopK<float, unsigned int, (int)2, (bool)0>(at::cuda::detail::TensorInfo<const T1, T2>, T2, T2, bool, T2, T2, at::cuda::detail::TensorInfo<T1, T2>, T2, at::cuda::detail::TensorInfo<long, T2>, T2, T1 *)"
0.2,1230177,254,4843.2,4832.0,4768,4992,35.9,"void at::native::reduce_kernel<(int)512, (int)1, at::native::ReduceOp<float, at::native::ArgMaxOps<float>, unsigned int, long, (int)4, (int)4>>(T3)"
0.2,1218562,539,2260.8,2304.0,1216,8256,1236.9,"void at::native::index_elementwise_kernel<(int)128, (int)4, void at::native::gpu_index_kernel<void at::native::index_kernel_impl<at::native::OpaqueType<(int)4>>(at::TensorIteratorBase &, c10::ArrayRef<long>, c10::ArrayRef<long>)::[lambda(char *, const char *, long) (instance 1)]>(at::TensorIteratorBase &, c10::ArrayRef<long>, c10::ArrayRef<long>, const T1 &, bool)::[lambda(int) (instance 1)]>(long, T3)"
0.1,1078211,516,2089.6,2208.0,1248,4768,342.0,"void at::native::index_elementwise_kernel<(int)128, (int)4, void at::native::gpu_index_kernel<void at::native::index_put_kernel_impl<at::native::OpaqueType<(int)4>>(at::TensorIterator &, c10::ArrayRef<long>, c10::ArrayRef<long>)::[lambda(char *, const char *, long) (instance 1)]>(at::TensorIteratorBase &, c10::ArrayRef<long>, c10::ArrayRef<long>, const T1 &, bool)::[lambda(int) (instance 1)]>(long, T3)"
0.1,809312,92,8796.9,7872.0,2016,18080,6704.5,_nvfp4_dequant_cols_kernel
0.1,473922,2,236961.0,236961.0,233121,240801,5430.6,_nvfp4_gemv_kernel
0.1,429824,348,1235.1,1184.0,1024,1728,115.4,"void at::native::unrolled_elementwise_kernel<at::native::direct_copy_kernel_cuda(at::TensorIteratorBase &)::[lambda() (instance 3)]::operator ()() const::[lambda() (instance 3)]::operator ()() const::[lambda(int) (instance 1)], std::array<char *, (unsigned long)2>, (int)4, TrivialOffsetCalculator<(int)1, unsigned int>, TrivialOffsetCalculator<(int)1, unsigned int>, at::native::memory::LoadWithCast<(int)1>, at::native::memory::StoreWithCast<(int)1>>(int, T1, T2, T4, T5, T6, T7)"
0.1,416097,354,1175.4,1152.0,1024,1792,103.8,"void at::native::unrolled_elementwise_kernel<at::native::direct_copy_kernel_cuda(at::TensorIteratorBase &)::[lambda() (instance 3)]::operator ()() const::[lambda() (instance 4)]::operator ()() const::[lambda(long) (instance 1)], std::array<char *, (unsigned long)2>, (int)4, TrivialOffsetCalculator<(int)1, unsigned int>, TrivialOffsetCalculator<(int)1, unsigned int>, at::native::memory::LoadWithCast<(int)1>, at::native::memory::StoreWithCast<(int)1>>(int, T1, T2, T4, T5, T6, T7)"
0.1,407265,92,4426.8,4672.0,2464,6368,1267.0,"void at::native::<unnamed>::indexSelectSmallIndex<float, long, unsigned int, (int)2, (int)2, (int)-2>(at::cuda::detail::TensorInfo<T1, T3>, at::cuda::detail::TensorInfo<const T1, T3>, at::cuda::detail::TensorInfo<const T2, T3>, int, int, T3, long)"
0.1,376033,508,740.2,736.0,704,768,18.0,"void <unnamed>::elementwise_kernel_with_index<int, at::native::arange_cuda_out(const c10::Scalar &, const c10::Scalar &, const c10::Scalar &, at::Tensor &)::[lambda() (instance 1)]::operator ()() const::[lambda() (instance 3)]::operator ()() const::[lambda(long) (instance 1)]>(T1, T2, function_traits<T2>::result_type *)"
0.1,373730,257,1454.2,1440.0,1152,1728,54.5,"void at_cuda_detail::cub::detail::scan::DeviceScanKernel<at_cuda_detail::cub::detail::scan::policy_hub<int, int, int, unsigned int, std::plus<int>>::Policy1000, const int *, int *, at_cuda_detail::cub::ScanTileState<int, (bool)1>, std::plus<int>, at_cuda_detail::cub::NullType, unsigned int, int, (bool)0, at_cuda_detail::cub::NullType>(T2, T3, T4, int, T5, T6, T7)"
0.0,257696,46,5602.1,5568.0,2080,9184,3520.4,"void moe_align_block_size_kernel<int>(const T1 *, int *, int *, int *, int, int, unsigned long, int *, bool, bool, int, int)"
0.0,241120,46,5241.7,4656.0,1056,12800,4274.6,"void count_and_sort_expert_tokens_kernel<int>(const T1 *, int *, int *, unsigned long, bool)"
0.0,235041,302,778.3,768.0,736,864,19.7,"void at::native::vectorized_elementwise_kernel<(int)4, at::native::FillFunctor<int>, std::array<char *, (unsigned long)1>>(int, T2, T3)"
0.0,211904,46,4606.6,4400.0,1600,7904,2829.9,_chunk_cumsum_fwd_kernel
0.0,204320,69,2961.2,2976.0,2816,3104,76.0,"void at::native::index_elementwise_kernel<(int)128, (int)4, void at::native::index_copy_kernel_impl<at::native::OpaqueType<(int)4>>(at::TensorIterator &, long, long, long)::[lambda(int) (instance 1)]>(long, T3)"
0.0,198080,46,4306.1,1328.0,1024,9696,3605.6,"void at::native::vectorized_elementwise_kernel<(int)4, void at::native::compare_scalar_kernel<int>(at::TensorIteratorBase &, at::native::<unnamed>::OpType, T1)::[lambda(int) (instance 1)], std::array<char *, (unsigned long)2>>(int, T2, T3)"
0.0,194240,257,755.8,768.0,736,800,15.8,"void at_cuda_detail::cub::detail::scan::DeviceScanInitKernel<at_cuda_detail::cub::ScanTileState<int, (bool)1>>(T1, int)"
0.0,175072,6,29178.7,28976.0,28800,29760,462.6,void cutlass::Kernel2<cutlass_80_tensorop_bf16_s16816gemm_relu_bf16_64x64_64x6_tn_align8>(T1::Params)
0.0,166816,23,7252.9,7232.0,7200,7488,60.0,void cutlass::Kernel2<cutlass_80_simt_sgemm_128x32_8x5_tn_align1>(T1::Params)
0.0,150176,46,3264.7,3280.0,2432,4192,785.5,"void at::native::_scatter_gather_elementwise_kernel<(int)128, (int)8, void at::native::_cuda_scatter_gather_internal_kernel<(bool)0, at::native::OpaqueType<(int)4>, long>::operator ()<at::native::TensorAssign>(at::TensorIterator &, long, long, long, const T1 &)::[lambda(int) (instance 1)]>(int, T3)"
0.0,125760,46,2733.9,2800.0,1248,4224,1396.8,"void at::native::elementwise_kernel<(int)128, (int)2, void at::native::gpu_kernel_impl_nocast<at::native::CUDAFunctor_add<float>>(at::TensorIteratorBase &, const T1 &)::[lambda(int) (instance 1)]>(int, T3)"
0.0,118560,46,2577.4,2576.0,2496,2656,39.2,"void at::native::elementwise_kernel<(int)128, (int)2, void at::native::gpu_kernel_impl_nocast<at::native::BinaryFunctor<float, float, float, at::native::binary_internal::MulFunctor<float>>>(at::TensorIteratorBase &, const T1 &)::[lambda(int) (instance 1)]>(int, T3)"
0.0,112704,12,9392.0,9376.0,1280,17536,8422.7,_store_kv_quant_kernel
0.0,104289,46,2267.2,2224.0,1312,3456,953.2,"void at::native::vectorized_elementwise_kernel<(int)4, at::native::sigmoid_kernel_cuda(at::TensorIteratorBase &)::[lambda() (instance 2)]::operator ()() const::[lambda() (instance 2)]::operator ()() const::[lambda(float) (instance 1)], std::array<char *, (unsigned long)2>>(int, T2, T3)"
0.0,97378,46,2116.9,2144.0,1824,2624,189.0,_nvfp4_gemm_splitk_reduce_kernel
0.0,84353,23,3667.5,3648.0,3616,3840,59.2,"void at::native::elementwise_kernel<(int)128, (int)4, void at::native::gpu_kernel_impl_nocast<at::native::<unnamed>::launch_clamp_scalar(at::TensorIteratorBase &, c10::Scalar, c10::Scalar, at::native::detail::ClampLimits)::[lambda() (instance 1)]::operator ()() const::[lambda() (instance 9)]::operator ()() const::[lambda(c10::BFloat16) (instance 1)]>(at::TensorIteratorBase &, const T1 &)::[lambda(int) (instance 1)]>(int, T3)"
0.0,81921,1,81921.0,81921.0,81921,81921,0.0,"void at::native::elementwise_kernel<(int)128, (int)2, void at::native::gpu_kernel_impl_nocast<at::native::direct_copy_kernel_cuda(at::TensorIteratorBase &)::[lambda() (instance 3)]::operator ()() const::[lambda() (instance 7)]::operator ()() const::[lambda(float) (instance 1)]>(at::TensorIteratorBase &, const T1 &)::[lambda(int) (instance 1)]>(int, T3)"
0.0,78753,46,1712.0,1568.0,1472,2208,246.4,"void at_cuda_detail::cub::detail::select::DeviceSelectSweepKernel<at_cuda_detail::cub::detail::select::policy_hub<long, bool, int, (bool)0, (at_cuda_detail::cub::SelectImpl)0>::Policy1000, thrust::THRUST_300001_SM_750_800_860_900_1000_1200_NS::counting_iterator<long, thrust::THRUST_300001_SM_750_800_860_900_1000_1200_NS::use_default, thrust::THRUST_300001_SM_750_800_860_900_1000_1200_NS::use_default, thrust::THRUST_300001_SM_750_800_860_900_1000_1200_NS::use_default>, thrust::THRUST_300001_SM_750_800_860_900_1000_1200_NS::transform_iterator<at::native::<unnamed>::NonZeroOp<bool>, const bool *, thrust::THRUST_300001_SM_750_800_860_900_1000_1200_NS::use_default, thrust::THRUST_300001_SM_750_800_860_900_1000_1200_NS::use_default>, long *, int *, at_cuda_detail::cub::ScanTileState<int, (bool)1>, at_cuda_detail::cub::NullType, at_cuda_detail::cub::NullType, int, at_cuda_detail::cub::detail::select::streaming_context_t<long, (bool)1>, (at_cuda_detail::cub::SelectImpl)0>(T2, T3, T4, T5, T6, T7, T8, T9, int, T10, at_cuda_detail::cub::detail::vsmem_t)"
0.0,78304,46,1702.3,1696.0,1568,1888,68.7,"void at::native::reduce_kernel<(int)512, (int)1, at::native::ReduceOp<float, at::native::func_wrapper_t<float, at::native::sum_functor<float, float, float>::operator ()(at::TensorIterator &)::[lambda(float, float) (instance 1)]>, unsigned int, float, (int)4, (int)4>>(T3)"
0.0,63904,46,1389.2,1120.0,1056,2816,593.1,"void at_cuda_detail::cub::detail::reduce::DeviceReduceSingleTileKernel<at_cuda_detail::cub::detail::reduce::policy_hub<int, unsigned long long, cuda::std::__4::plus<void>>::Policy1000, thrust::THRUST_300001_SM_750_800_860_900_1000_1200_NS::transform_iterator<at::native::<unnamed>::NonZeroOp<bool>, const bool *, thrust::THRUST_300001_SM_750_800_860_900_1000_1200_NS::use_default, thrust::THRUST_300001_SM_750_800_860_900_1000_1200_NS::use_default>, int *, unsigned long long, cuda::std::__4::plus<void>, int, int, cuda::std::__4::__identity>(T2, T3, T4, T5, T6, T8)"
0.0,56640,46,1231.3,1216.0,1184,1472,46.1,"void at::native::elementwise_kernel<(int)128, (int)2, void at::native::gpu_kernel_impl_nocast<at::native::BinaryFunctor<float, float, float, at::native::binary_internal::DivFunctor<float>>>(at::TensorIteratorBase &, const T1 &)::[lambda(int) (instance 1)]>(int, T3)"
0.0,49728,46,1081.0,1088.0,960,1312,100.0,"void at::native::vectorized_elementwise_kernel<(int)4, at::native::AUnaryFunctor<float, float, float, at::native::binary_internal::MulFunctor<float>>, std::array<char *, (unsigned long)2>>(int, T2, T3)"
0.0,47424,23,2061.9,2048.0,1984,2304,72.1,"void at::native::index_elementwise_kernel<(int)128, (int)4, void at::native::index_copy_kernel_impl<at::native::OpaqueType<(int)2>>(at::TensorIterator &, long, long, long)::[lambda(int) (instance 1)]>(long, T3)"
0.0,45920,46,998.3,768.0,736,1888,371.9,"void at_cuda_detail::cub::detail::scan::DeviceCompactInitKernel<at_cuda_detail::cub::ScanTileState<int, (bool)1>, int *>(T1, int, T2)"
0.0,43936,23,1910.3,1920.0,1856,2016,32.6,"void cublasLt::splitKreduce_kernel<(int)32, (int)16, int, float, float, float, float, (bool)0, float, float, float, (bool)1, (bool)0, (bool)0, (bool)0>(cublasLt::cublasSplitKParams<T6>, const T4 *, const T10 *, T9 *, T5 *, const T6 *, const T6 *, const T11 *, const T4 *, T11 *, void *, long, T6 *, int *, T6 *, T6 *, const T6 *, const T6 *, const T6 *, const T6 *, const T6 *)"
0.0,42560,46,925.2,928.0,864,1120,49.5,"void at::native::vectorized_elementwise_kernel<(int)4, at::native::CUDAFunctorOnSelf_add<float>, std::array<char *, (unsigned long)2>>(int, T2, T3)"
0.0,39296,23,1708.5,1696.0,1600,1856,73.3,"void at::native::vectorized_gather_kernel<(int)16, long>(char *, char *, T2 *, int, long, long, long, long, bool)"
0.0,35584,46,773.6,768.0,736,832,32.6,"void at::native::vectorized_elementwise_kernel<(int)2, at::native::FillFunctor<long>, std::array<char *, (unsigned long)1>>(int, T2, T3)"
0.0,35296,2,17648.0,17648.0,8224,27072,13327.5,"void <unnamed>::index_kernel<(unsigned long)128, (unsigned long)1, (bool)0, (unsigned long)5376, (unsigned long)1, int>(<unnamed>::IndexKernelParams)"
0.0,10528,2,5264.0,5264.0,5120,5408,203.6,"void at::native::reduce_kernel<(int)512, (int)1, at::native::ReduceOp<c10::BFloat16, at::native::ArgMaxOps<float>, unsigned int, long, (int)4, (int)4>>(T3)"
0.0,10496,2,5248.0,5248.0,5088,5408,226.3,"void at::native::index_elementwise_kernel<(int)128, (int)4, void at::native::gpu_index_kernel<void at::native::index_kernel_impl<at::native::OpaqueType<(int)2>>(at::TensorIteratorBase &, c10::ArrayRef<long>, c10::ArrayRef<long>)::[lambda(char *, const char *, long) (instance 1)]>(at::TensorIteratorBase &, c10::ArrayRef<long>, c10::ArrayRef<long>, const T1 &, bool)::[lambda(int) (instance 1)]>(long, T3)"
0.0,3456,2,1728.0,1728.0,1120,2336,859.8,"void at::native::unrolled_elementwise_kernel<at::native::CUDAFunctorOnSelf_add<int>, std::array<char *, (unsigned long)2>, (int)4, TrivialOffsetCalculator<(int)1, unsigned int>, TrivialOffsetCalculator<(int)1, unsigned int>, at::native::memory::LoadWithoutCast, at::native::memory::StoreWithoutCast>(int, T1, T2, T4, T5, T6, T7)"
0.0,2976,2,1488.0,1488.0,1472,1504,22.6,"void at::native::<unnamed>::CatArrayBatchedCopy_contig<at::native::<unnamed>::OpaqueType<(unsigned int)4>, unsigned int, (int)1, (int)128, (int)1>(T1 *, at::native::<unnamed>::CatArrInputTensorMetadata<T1, T2, T4, T5>, at::native::<unnamed>::TensorSizeStride<T2, (unsigned int)4>, int, T2)"
0.0,1472,1,1472.0,1472.0,1472,1472,0.0,"void at::native::<unnamed>::CatArrayBatchedCopy_alignedK_contig<at::native::<unnamed>::OpaqueType<(unsigned int)4>, unsigned int, (int)1, (int)128, (int)1, (int)16>(T1 *, at::native::<unnamed>::CatArrInputTensorMetadata<T1, T2, T4, T5>, at::native::<unnamed>::TensorSizeStride<T2, (unsigned int)4>, int, T2)"
0.0,1344,1,1344.0,1344.0,1344,1344,0.0,"void at::native::<unnamed>::CatArrayBatchedCopy<at::native::<unnamed>::OpaqueType<(unsigned int)4>, unsigned int, (int)1, (int)64, (int)64>(T1 *, at::native::<unnamed>::CatArrInputTensorMetadata<T1, T2, T4, T5>, at::native::<unnamed>::TensorSizeStride<T2, (unsigned int)4>, int, T2)"
