ts	unit	probes_done	pid	ppid	threads	rss	anon	thread_names
2026-09-24T23:32:07+04:00	tsw-mirror-1m	0	151630	488	3	26857472	6008832	uv*1 tokio-rt-worker*1 main2*1 
2026-09-24T23:32:07+04:00	tsw-mirror-1m	0	151646	151630	22	712871936	432402432	ft*18 ZMQbg/Reaper*2 ZMQbg/IO/0*2 
2026-09-24T23:32:07+04:00	tsw-mirror-1m	0	151793	151646	1	12709888	5935104	python3*1 
2026-09-24T23:32:07+04:00	tsw-mirror-1m	0	151794	151646	25	10931597312	9147805696	python3*20 pt_gloo_runloop*2 pt_tcpstore_uv*1 cuda0000240000a*1 cuda-EvtHandlr*1 
2026-09-24T23:32:07+04:00	tsw-mirror-1m	0	151795	151646	23	903221248	629669888	python3*17 ZMQbg/Reaper*3 ZMQbg/IO/0*3 
2026-09-24T23:32:17+04:00	tsw-mirror-1m	0	151630	488	2	26988544	6008832	uv*1 main2*1 
2026-09-24T23:32:17+04:00	tsw-mirror-1m	0	151646	151630	22	712871936	432402432	ft*18 ZMQbg/Reaper*2 ZMQbg/IO/0*2 
2026-09-24T23:32:17+04:00	tsw-mirror-1m	0	151793	151646	1	12709888	5935104	python3*1 
2026-09-24T23:32:17+04:00	tsw-mirror-1m	0	151794	151646	25	12946067456	11062411264	python3*20 pt_gloo_runloop*2 pt_tcpstore_uv*1 cuda0000240000a*1 cuda-EvtHandlr*1 
2026-09-24T23:32:17+04:00	tsw-mirror-1m	0	151795	151646	23	903221248	629669888	python3*17 ZMQbg/Reaper*3 ZMQbg/IO/0*3 
2026-09-24T23:32:17+04:00	tsw-mirror-1m	0	152431	151794	1	4509696	503808	ninja*1 
2026-09-24T23:32:17+04:00	tsw-mirror-1m	0	152432	152431	1	1941504	110592	sh*1 
2026-09-24T23:32:17+04:00	tsw-mirror-1m	0	152433	152432	1	2879488	172032	c++*1 
2026-09-24T23:32:17+04:00	tsw-mirror-1m	0	152434	152433	1	1591787520	1565786112	cc1plus*1 
2026-09-24T23:32:30+04:00	tsw-mirror-1m	0	151630	488	2	26988544	6008832	uv*1 main2*1 
2026-09-24T23:32:30+04:00	tsw-mirror-1m	0	151646	151630	22	712876032	432406528	ft*18 ZMQbg/Reaper*2 ZMQbg/IO/0*2 
2026-09-24T23:32:30+04:00	tsw-mirror-1m	0	151793	151646	1	12709888	5935104	python3*1 
2026-09-24T23:32:30+04:00	tsw-mirror-1m	0	151794	151646	25	13016014848	11122667520	python3*20 pt_gloo_runloop*2 pt_tcpstore_uv*1 cuda0000240000a*1 cuda-EvtHandlr*1 
2026-09-24T23:32:30+04:00	tsw-mirror-1m	0	151795	151646	23	903221248	629669888	python3*17 ZMQbg/Reaper*3 ZMQbg/IO/0*3 
2026-09-24T23:32:40+04:00	tsw-mirror-1m	0	151630	488	2	26988544	6008832	uv*1 main2*1 
2026-09-24T23:32:40+04:00	tsw-mirror-1m	0	151646	151630	22	712876032	432406528	ft*18 ZMQbg/Reaper*2 ZMQbg/IO/0*2 
2026-09-24T23:32:41+04:00	tsw-mirror-1m	0	151793	151646	1	12709888	5935104	python3*1 
2026-09-24T23:32:41+04:00	tsw-mirror-1m	0	151794	151646	26	13090406400	11156615168	python3*21 pt_gloo_runloop*2 pt_tcpstore_uv*1 cuda0000240000a*1 cuda-EvtHandlr*1 
2026-09-24T23:32:41+04:00	tsw-mirror-1m	0	151795	151646	23	903221248	629669888	python3*17 ZMQbg/Reaper*3 ZMQbg/IO/0*3 
2026-09-24T23:32:41+04:00	tsw-mirror-1m	0	154660	151794	1	4145152	258048	ninja*1 
2026-09-24T23:32:41+04:00	tsw-mirror-1m	0	154661	154660	1	1937408	106496	sh*1 
2026-09-24T23:32:41+04:00	tsw-mirror-1m	0	154662	154661	1	6336512	1851392	nvcc*1 
2026-09-24T23:32:41+04:00	tsw-mirror-1m	0	154722	154662	1	1941504	114688	sh*1 
2026-09-24T23:32:41+04:00	tsw-mirror-1m	0	154723	154722	1	245121024	139010048	cicc*1 
2026-09-24T23:32:51+04:00	tsw-mirror-1m	0	151630	488	2	26988544	6008832	uv*1 main2*1 
2026-09-24T23:32:51+04:00	tsw-mirror-1m	0	151646	151630	22	712876032	432406528	ft*18 ZMQbg/Reaper*2 ZMQbg/IO/0*2 
2026-09-24T23:32:51+04:00	tsw-mirror-1m	0	151793	151646	1	12709888	5935104	python3*1 
2026-09-24T23:32:51+04:00	tsw-mirror-1m	0	151794	151646	26	12449144832	11802939392	python3*21 pt_gloo_runloop*2 pt_tcpstore_uv*1 cuda0000240000a*1 cuda-EvtHandlr*1 
2026-09-24T23:32:51+04:00	tsw-mirror-1m	0	151795	151646	23	903221248	629669888	python3*17 ZMQbg/Reaper*3 ZMQbg/IO/0*3 
2026-09-24T23:33:04+04:00	tsw-mirror-1m	0	151630	488	2	26988544	6008832	uv*1 main2*1 
2026-09-24T23:33:04+04:00	tsw-mirror-1m	0	151646	151630	22	712876032	432406528	ft*18 ZMQbg/Reaper*2 ZMQbg/IO/0*2 
2026-09-24T23:33:04+04:00	tsw-mirror-1m	0	151793	151646	1	12709888	5935104	python3*1 
2026-09-24T23:33:04+04:00	tsw-mirror-1m	0	151794	151646	26	12620603392	11969101824	python3*21 pt_gloo_runloop*2 pt_tcpstore_uv*1 cuda0000240000a*1 cuda-EvtHandlr*1 
2026-09-24T23:33:04+04:00	tsw-mirror-1m	0	151795	151646	23	903221248	629669888	python3*17 ZMQbg/Reaper*3 ZMQbg/IO/0*3 
2026-09-24T23:33:14+04:00	tsw-mirror-1m	0	151630	488	2	26988544	6008832	uv*1 main2*1 
2026-09-24T23:33:14+04:00	tsw-mirror-1m	0	151646	151630	22	712876032	432406528	ft*18 ZMQbg/Reaper*2 ZMQbg/IO/0*2 
2026-09-24T23:33:14+04:00	tsw-mirror-1m	0	151793	151646	1	12709888	5935104	python3*1 
2026-09-24T23:33:14+04:00	tsw-mirror-1m	0	151794	151646	26	12730400768	12076097536	python3*21 pt_gloo_runloop*2 pt_tcpstore_uv*1 cuda0000240000a*1 cuda-EvtHandlr*1 
2026-09-24T23:33:14+04:00	tsw-mirror-1m	0	151795	151646	23	903221248	629669888	python3*17 ZMQbg/Reaper*3 ZMQbg/IO/0*3 
2026-09-24T23:33:24+04:00	tsw-mirror-1m	0	151630	488	2	26988544	6008832	uv*1 main2*1 
2026-09-24T23:33:24+04:00	tsw-mirror-1m	0	151646	151630	39	959332352	673476608	ft*35 ZMQbg/Reaper*2 ZMQbg/IO/0*2 
2026-09-24T23:33:24+04:00	tsw-mirror-1m	0	151793	151646	1	12709888	5935104	python3*1 
2026-09-24T23:33:24+04:00	tsw-mirror-1m	0	151794	151646	30	12983934976	12323135488	python3*21 pt_gloo_runloop*2 ZMQbg/Reaper*2 ZMQbg/IO/0*2 pt_tcpstore_uv*1 cuda0000240000a*1 
2026-09-24T23:33:24+04:00	tsw-mirror-1m	0	151795	151646	39	906698752	630161408	python3*33 ZMQbg/Reaper*3 ZMQbg/IO/0*3 
2026-09-24T23:33:37+04:00	tsw-mirror-1m	0	151630	488	2	26988544	6008832	uv*1 main2*1 
2026-09-24T23:33:37+04:00	tsw-mirror-1m	0	151646	151630	39	959332352	673476608	ft*35 ZMQbg/Reaper*2 ZMQbg/IO/0*2 
2026-09-24T23:33:37+04:00	tsw-mirror-1m	0	151793	151646	1	12709888	5935104	python3*1 
2026-09-24T23:33:37+04:00	tsw-mirror-1m	0	151794	151646	30	12983934976	12323135488	python3*21 pt_gloo_runloop*2 ZMQbg/Reaper*2 ZMQbg/IO/0*2 pt_tcpstore_uv*1 cuda0000240000a*1 
2026-09-24T23:33:37+04:00	tsw-mirror-1m	0	151795	151646	39	906698752	630161408	python3*33 ZMQbg/Reaper*3 ZMQbg/IO/0*3 
2026-09-24T23:33:48+04:00	tsw-mirror-1m	1	151630	488	2	26988544	6008832	uv*1 main2*1 
2026-09-24T23:33:48+04:00	tsw-mirror-1m	1	151646	151630	39	1327828992	1043910656	ft*35 ZMQbg/Reaper*2 ZMQbg/IO/0*2 
2026-09-24T23:33:48+04:00	tsw-mirror-1m	1	151793	151646	1	12709888	5935104	python3*1 
2026-09-24T23:33:48+04:00	tsw-mirror-1m	1	151794	151646	30	12983939072	12323139584	python3*21 pt_gloo_runloop*2 ZMQbg/Reaper*2 ZMQbg/IO/0*2 pt_tcpstore_uv*1 cuda0000240000a*1 
2026-09-24T23:33:48+04:00	tsw-mirror-1m	1	151795	151646	39	906715136	630177792	python3*33 ZMQbg/Reaper*3 ZMQbg/IO/0*3 
2026-09-24T23:33:58+04:00	tsw-mirror-1m	1	151630	488	2	26988544	6008832	uv*1 main2*1 
2026-09-24T23:33:58+04:00	tsw-mirror-1m	1	151646	151630	57	1142124544	856268800	ft*51 ZMQbg/Reaper*3 ZMQbg/IO/0*3 
2026-09-24T23:33:58+04:00	tsw-mirror-1m	1	151793	151646	1	12709888	5935104	python3*1 
2026-09-24T23:33:58+04:00	tsw-mirror-1m	1	151794	151646	30	12987904000	12327104512	python3*21 pt_gloo_runloop*2 ZMQbg/Reaper*2 ZMQbg/IO/0*2 pt_tcpstore_uv*1 cuda0000240000a*1 
2026-09-24T23:33:58+04:00	tsw-mirror-1m	1	151795	151646	57	1238691840	962154496	python3*49 ZMQbg/Reaper*4 ZMQbg/IO/0*4 
2026-09-24T23:34:11+04:00	tsw-mirror-1m	1	151630	488	2	26988544	6008832	uv*1 main2*1 
2026-09-24T23:34:11+04:00	tsw-mirror-1m	1	151646	151630	57	1142124544	856268800	ft*51 ZMQbg/Reaper*3 ZMQbg/IO/0*3 
2026-09-24T23:34:11+04:00	tsw-mirror-1m	1	151793	151646	1	12709888	5935104	python3*1 
2026-09-24T23:34:11+04:00	tsw-mirror-1m	1	151794	151646	30	12987904000	12327104512	python3*21 pt_gloo_runloop*2 ZMQbg/Reaper*2 ZMQbg/IO/0*2 pt_tcpstore_uv*1 cuda0000240000a*1 
2026-09-24T23:34:11+04:00	tsw-mirror-1m	1	151795	151646	57	1238691840	962154496	python3*49 ZMQbg/Reaper*4 ZMQbg/IO/0*4 
2026-09-24T23:34:21+04:00	tsw-mirror-1m	1	151630	488	2	26988544	6008832	uv*1 main2*1 
2026-09-24T23:34:21+04:00	tsw-mirror-1m	1	151646	151630	57	1142124544	856268800	ft*51 ZMQbg/Reaper*3 ZMQbg/IO/0*3 
2026-09-24T23:34:21+04:00	tsw-mirror-1m	1	151793	151646	1	12709888	5935104	python3*1 
2026-09-24T23:34:21+04:00	tsw-mirror-1m	1	151794	151646	30	12987904000	12327104512	python3*21 pt_gloo_runloop*2 ZMQbg/Reaper*2 ZMQbg/IO/0*2 pt_tcpstore_uv*1 cuda0000240000a*1 
2026-09-24T23:34:21+04:00	tsw-mirror-1m	1	151795	151646	57	1238691840	962154496	python3*49 ZMQbg/Reaper*4 ZMQbg/IO/0*4 
2026-09-24T23:34:31+04:00	tsw-mirror-1m	1	151630	488	2	26988544	6008832	uv*1 main2*1 
2026-09-24T23:34:31+04:00	tsw-mirror-1m	1	151646	151630	57	1142124544	856268800	ft*51 ZMQbg/Reaper*3 ZMQbg/IO/0*3 
2026-09-24T23:34:31+04:00	tsw-mirror-1m	1	151793	151646	1	12709888	5935104	python3*1 
2026-09-24T23:34:31+04:00	tsw-mirror-1m	1	151794	151646	30	12987904000	12327104512	python3*21 pt_gloo_runloop*2 ZMQbg/Reaper*2 ZMQbg/IO/0*2 pt_tcpstore_uv*1 cuda0000240000a*1 
2026-09-24T23:34:31+04:00	tsw-mirror-1m	1	151795	151646	57	1238691840	962154496	python3*49 ZMQbg/Reaper*4 ZMQbg/IO/0*4 
2026-09-24T23:34:44+04:00	tsw-mirror-1m	1	151630	488	2	26988544	6008832	uv*1 main2*1 
2026-09-24T23:34:44+04:00	tsw-mirror-1m	1	151646	151630	57	1142124544	856268800	ft*51 ZMQbg/Reaper*3 ZMQbg/IO/0*3 
2026-09-24T23:34:44+04:00	tsw-mirror-1m	1	151793	151646	1	12709888	5935104	python3*1 
2026-09-24T23:34:44+04:00	tsw-mirror-1m	1	151794	151646	30	12987904000	12327104512	python3*21 pt_gloo_runloop*2 ZMQbg/Reaper*2 ZMQbg/IO/0*2 pt_tcpstore_uv*1 cuda0000240000a*1 
2026-09-24T23:34:45+04:00	tsw-mirror-1m	1	151795	151646	57	1238691840	962154496	python3*49 ZMQbg/Reaper*4 ZMQbg/IO/0*4 
2026-09-24T23:34:55+04:00	tsw-mirror-1m	1	151630	488	2	26988544	6008832	uv*1 main2*1 
2026-09-24T23:34:55+04:00	tsw-mirror-1m	1	151646	151630	57	1142124544	856268800	ft*51 ZMQbg/Reaper*3 ZMQbg/IO/0*3 
2026-09-24T23:34:55+04:00	tsw-mirror-1m	1	151793	151646	1	12709888	5935104	python3*1 
2026-09-24T23:34:55+04:00	tsw-mirror-1m	1	151794	151646	30	12987904000	12327104512	python3*21 pt_gloo_runloop*2 ZMQbg/Reaper*2 ZMQbg/IO/0*2 pt_tcpstore_uv*1 cuda0000240000a*1 
2026-09-24T23:34:55+04:00	tsw-mirror-1m	1	151795	151646	57	1238691840	962154496	python3*49 ZMQbg/Reaper*4 ZMQbg/IO/0*4 
2026-09-24T23:35:05+04:00	tsw-mirror-1m	1	151630	488	2	26988544	6008832	uv*1 main2*1 
2026-09-24T23:35:05+04:00	tsw-mirror-1m	1	151646	151630	57	1142124544	856268800	ft*51 ZMQbg/Reaper*3 ZMQbg/IO/0*3 
2026-09-24T23:35:05+04:00	tsw-mirror-1m	1	151793	151646	1	12709888	5935104	python3*1 
2026-09-24T23:35:05+04:00	tsw-mirror-1m	1	151794	151646	30	12987904000	12327104512	python3*21 pt_gloo_runloop*2 ZMQbg/Reaper*2 ZMQbg/IO/0*2 pt_tcpstore_uv*1 cuda0000240000a*1 
2026-09-24T23:35:05+04:00	tsw-mirror-1m	1	151795	151646	57	1238691840	962154496	python3*49 ZMQbg/Reaper*4 ZMQbg/IO/0*4 
2026-09-24T23:35:15+04:00	tsw-mirror-1m	1	151630	488	2	26988544	6008832	uv*1 main2*1 
2026-09-24T23:35:15+04:00	tsw-mirror-1m	1	151646	151630	57	1142124544	856268800	ft*51 ZMQbg/Reaper*3 ZMQbg/IO/0*3 
2026-09-24T23:35:15+04:00	tsw-mirror-1m	1	151793	151646	1	12709888	5935104	python3*1 
2026-09-24T23:35:15+04:00	tsw-mirror-1m	1	151794	151646	30	12987904000	12327104512	python3*21 pt_gloo_runloop*2 ZMQbg/Reaper*2 ZMQbg/IO/0*2 pt_tcpstore_uv*1 cuda0000240000a*1 
2026-09-24T23:35:15+04:00	tsw-mirror-1m	1	151795	151646	57	1238691840	962154496	python3*49 ZMQbg/Reaper*4 ZMQbg/IO/0*4 
2026-09-24T23:35:28+04:00	tsw-mirror-1m	1	151630	488	2	26988544	6008832	uv*1 main2*1 
2026-09-24T23:35:28+04:00	tsw-mirror-1m	1	151646	151630	57	1142124544	856268800	ft*51 ZMQbg/Reaper*3 ZMQbg/IO/0*3 
2026-09-24T23:35:28+04:00	tsw-mirror-1m	1	151793	151646	1	12709888	5935104	python3*1 
2026-09-24T23:35:28+04:00	tsw-mirror-1m	1	151794	151646	30	12987904000	12327104512	python3*21 pt_gloo_runloop*2 ZMQbg/Reaper*2 ZMQbg/IO/0*2 pt_tcpstore_uv*1 cuda0000240000a*1 
2026-09-24T23:35:28+04:00	tsw-mirror-1m	1	151795	151646	57	1238691840	962154496	python3*49 ZMQbg/Reaper*4 ZMQbg/IO/0*4 
2026-09-24T23:35:38+04:00	tsw-mirror-1m	1	151630	488	2	26988544	6008832	uv*1 main2*1 
2026-09-24T23:35:38+04:00	tsw-mirror-1m	1	151646	151630	57	1142128640	856272896	ft*51 ZMQbg/Reaper*3 ZMQbg/IO/0*3 
2026-09-24T23:35:38+04:00	tsw-mirror-1m	1	151793	151646	1	12709888	5935104	python3*1 
2026-09-24T23:35:38+04:00	tsw-mirror-1m	1	151794	151646	30	12987904000	12327104512	python3*21 pt_gloo_runloop*2 ZMQbg/Reaper*2 ZMQbg/IO/0*2 pt_tcpstore_uv*1 cuda0000240000a*1 
2026-09-24T23:35:38+04:00	tsw-mirror-1m	1	151795	151646	57	1238691840	962154496	python3*49 ZMQbg/Reaper*4 ZMQbg/IO/0*4 
2026-09-24T23:35:48+04:00	tsw-mirror-1m	1	151630	488	2	26988544	6008832	uv*1 main2*1 
2026-09-24T23:35:48+04:00	tsw-mirror-1m	1	151646	151630	57	1142128640	856272896	ft*51 ZMQbg/Reaper*3 ZMQbg/IO/0*3 
2026-09-24T23:35:48+04:00	tsw-mirror-1m	1	151793	151646	1	12709888	5935104	python3*1 
2026-09-24T23:35:48+04:00	tsw-mirror-1m	1	151794	151646	30	12987904000	12327104512	python3*21 pt_gloo_runloop*2 ZMQbg/Reaper*2 ZMQbg/IO/0*2 pt_tcpstore_uv*1 cuda0000240000a*1 
2026-09-24T23:35:49+04:00	tsw-mirror-1m	1	151795	151646	57	1238691840	962154496	python3*49 ZMQbg/Reaper*4 ZMQbg/IO/0*4 
2026-09-24T23:36:01+04:00	tsw-mirror-1m	1	151630	488	2	26988544	6008832	uv*1 main2*1 
2026-09-24T23:36:01+04:00	tsw-mirror-1m	1	151646	151630	57	1142128640	856272896	ft*51 ZMQbg/Reaper*3 ZMQbg/IO/0*3 
2026-09-24T23:36:01+04:00	tsw-mirror-1m	1	151793	151646	1	12709888	5935104	python3*1 
2026-09-24T23:36:01+04:00	tsw-mirror-1m	1	151794	151646	30	12987904000	12327104512	python3*21 pt_gloo_runloop*2 ZMQbg/Reaper*2 ZMQbg/IO/0*2 pt_tcpstore_uv*1 cuda0000240000a*1 
2026-09-24T23:36:02+04:00	tsw-mirror-1m	1	151795	151646	57	1238691840	962154496	python3*49 ZMQbg/Reaper*4 ZMQbg/IO/0*4 
2026-09-24T23:36:12+04:00	tsw-mirror-1m	1	151630	488	2	26988544	6008832	uv*1 main2*1 
2026-09-24T23:36:12+04:00	tsw-mirror-1m	1	151646	151630	57	1142128640	856272896	ft*51 ZMQbg/Reaper*3 ZMQbg/IO/0*3 
2026-09-24T23:36:12+04:00	tsw-mirror-1m	1	151793	151646	1	12709888	5935104	python3*1 
2026-09-24T23:36:12+04:00	tsw-mirror-1m	1	151794	151646	30	12987904000	12327104512	python3*21 pt_gloo_runloop*2 ZMQbg/Reaper*2 ZMQbg/IO/0*2 pt_tcpstore_uv*1 cuda0000240000a*1 
2026-09-24T23:36:12+04:00	tsw-mirror-1m	1	151795	151646	57	1238691840	962154496	python3*49 ZMQbg/Reaper*4 ZMQbg/IO/0*4 
2026-09-24T23:36:22+04:00	tsw-mirror-1m	1	151630	488	2	26988544	6008832	uv*1 main2*1 
2026-09-24T23:36:22+04:00	tsw-mirror-1m	1	151646	151630	57	1142128640	856272896	ft*51 ZMQbg/Reaper*3 ZMQbg/IO/0*3 
2026-09-24T23:36:22+04:00	tsw-mirror-1m	1	151793	151646	1	12709888	5935104	python3*1 
2026-09-24T23:36:22+04:00	tsw-mirror-1m	1	151794	151646	30	12987904000	12327104512	python3*21 pt_gloo_runloop*2 ZMQbg/Reaper*2 ZMQbg/IO/0*2 pt_tcpstore_uv*1 cuda0000240000a*1 
2026-09-24T23:36:22+04:00	tsw-mirror-1m	1	151795	151646	57	1238691840	962154496	python3*49 ZMQbg/Reaper*4 ZMQbg/IO/0*4 
2026-09-24T23:36:35+04:00	tsw-mirror-1m	1	151630	488	2	26988544	6008832	uv*1 main2*1 
2026-09-24T23:36:35+04:00	tsw-mirror-1m	1	151646	151630	57	1142128640	856272896	ft*51 ZMQbg/Reaper*3 ZMQbg/IO/0*3 
2026-09-24T23:36:35+04:00	tsw-mirror-1m	1	151793	151646	1	12709888	5935104	python3*1 
2026-09-24T23:36:35+04:00	tsw-mirror-1m	1	151794	151646	30	12987904000	12327104512	python3*21 pt_gloo_runloop*2 ZMQbg/Reaper*2 ZMQbg/IO/0*2 pt_tcpstore_uv*1 cuda0000240000a*1 
2026-09-24T23:36:35+04:00	tsw-mirror-1m	1	151795	151646	57	1238691840	962154496	python3*49 ZMQbg/Reaper*4 ZMQbg/IO/0*4 
2026-09-24T23:36:45+04:00	tsw-mirror-1m	1	151630	488	2	26988544	6008832	uv*1 main2*1 
2026-09-24T23:36:45+04:00	tsw-mirror-1m	1	151646	151630	57	1142128640	856272896	ft*51 ZMQbg/Reaper*3 ZMQbg/IO/0*3 
2026-09-24T23:36:45+04:00	tsw-mirror-1m	1	151793	151646	1	12709888	5935104	python3*1 
2026-09-24T23:36:45+04:00	tsw-mirror-1m	1	151794	151646	30	12987904000	12327104512	python3*21 pt_gloo_runloop*2 ZMQbg/Reaper*2 ZMQbg/IO/0*2 pt_tcpstore_uv*1 cuda0000240000a*1 
2026-09-24T23:36:45+04:00	tsw-mirror-1m	1	151795	151646	57	1238691840	962154496	python3*49 ZMQbg/Reaper*4 ZMQbg/IO/0*4 
2026-09-24T23:36:55+04:00	tsw-mirror-1m	1	151630	488	2	26988544	6008832	uv*1 main2*1 
2026-09-24T23:36:55+04:00	tsw-mirror-1m	1	151646	151630	57	1142128640	856272896	ft*51 ZMQbg/Reaper*3 ZMQbg/IO/0*3 
2026-09-24T23:36:55+04:00	tsw-mirror-1m	1	151793	151646	1	12709888	5935104	python3*1 
2026-09-24T23:36:55+04:00	tsw-mirror-1m	1	151794	151646	30	12987904000	12327104512	python3*21 pt_gloo_runloop*2 ZMQbg/Reaper*2 ZMQbg/IO/0*2 pt_tcpstore_uv*1 cuda0000240000a*1 
2026-09-24T23:36:55+04:00	tsw-mirror-1m	1	151795	151646	57	1238691840	962154496	python3*49 ZMQbg/Reaper*4 ZMQbg/IO/0*4 
2026-09-24T23:37:08+04:00	tsw-mirror-1m	1	151630	488	2	26988544	6008832	uv*1 main2*1 
2026-09-24T23:37:08+04:00	tsw-mirror-1m	1	151646	151630	57	1142128640	856272896	ft*51 ZMQbg/Reaper*3 ZMQbg/IO/0*3 
2026-09-24T23:37:08+04:00	tsw-mirror-1m	1	151793	151646	1	12709888	5935104	python3*1 
2026-09-24T23:37:08+04:00	tsw-mirror-1m	1	151794	151646	30	12987904000	12327104512	python3*21 pt_gloo_runloop*2 ZMQbg/Reaper*2 ZMQbg/IO/0*2 pt_tcpstore_uv*1 cuda0000240000a*1 
2026-09-24T23:37:08+04:00	tsw-mirror-1m	1	151795	151646	57	1238691840	962154496	python3*49 ZMQbg/Reaper*4 ZMQbg/IO/0*4 
2026-09-24T23:37:19+04:00	tsw-mirror-1m	1	151630	488	2	26988544	6008832	uv*1 main2*1 
2026-09-24T23:37:19+04:00	tsw-mirror-1m	1	151646	151630	57	1142128640	856272896	ft*51 ZMQbg/Reaper*3 ZMQbg/IO/0*3 
2026-09-24T23:37:19+04:00	tsw-mirror-1m	1	151793	151646	1	12709888	5935104	python3*1 
2026-09-24T23:37:19+04:00	tsw-mirror-1m	1	151794	151646	30	12987904000	12327104512	python3*21 pt_gloo_runloop*2 ZMQbg/Reaper*2 ZMQbg/IO/0*2 pt_tcpstore_uv*1 cuda0000240000a*1 
2026-09-24T23:37:19+04:00	tsw-mirror-1m	1	151795	151646	57	1238691840	962154496	python3*49 ZMQbg/Reaper*4 ZMQbg/IO/0*4 
2026-09-24T23:37:29+04:00	tsw-mirror-1m	1	151630	488	2	26988544	6008832	uv*1 main2*1 
2026-09-24T23:37:29+04:00	tsw-mirror-1m	1	151646	151630	57	1142128640	856272896	ft*51 ZMQbg/Reaper*3 ZMQbg/IO/0*3 
2026-09-24T23:37:29+04:00	tsw-mirror-1m	1	151793	151646	1	12709888	5935104	python3*1 
2026-09-24T23:37:29+04:00	tsw-mirror-1m	1	151794	151646	30	12987904000	12327104512	python3*21 pt_gloo_runloop*2 ZMQbg/Reaper*2 ZMQbg/IO/0*2 pt_tcpstore_uv*1 cuda0000240000a*1 
2026-09-24T23:37:29+04:00	tsw-mirror-1m	1	151795	151646	57	1238691840	962154496	python3*49 ZMQbg/Reaper*4 ZMQbg/IO/0*4 
2026-09-24T23:37:42+04:00	tsw-mirror-1m	1	151630	488	2	26988544	6008832	uv*1 main2*1 
2026-09-24T23:37:42+04:00	tsw-mirror-1m	1	151646	151630	57	1142128640	856272896	ft*51 ZMQbg/Reaper*3 ZMQbg/IO/0*3 
2026-09-24T23:37:42+04:00	tsw-mirror-1m	1	151793	151646	1	12709888	5935104	python3*1 
2026-09-24T23:37:42+04:00	tsw-mirror-1m	1	151794	151646	30	12987904000	12327104512	python3*21 pt_gloo_runloop*2 ZMQbg/Reaper*2 ZMQbg/IO/0*2 pt_tcpstore_uv*1 cuda0000240000a*1 
2026-09-24T23:37:42+04:00	tsw-mirror-1m	1	151795	151646	57	1238691840	962154496	python3*49 ZMQbg/Reaper*4 ZMQbg/IO/0*4 
2026-09-24T23:37:52+04:00	tsw-mirror-1m	1	151630	488	2	26988544	6008832	uv*1 main2*1 
2026-09-24T23:37:52+04:00	tsw-mirror-1m	1	151646	151630	57	1142128640	856272896	ft*51 ZMQbg/Reaper*3 ZMQbg/IO/0*3 
2026-09-24T23:37:52+04:00	tsw-mirror-1m	1	151793	151646	1	12709888	5935104	python3*1 
2026-09-24T23:37:52+04:00	tsw-mirror-1m	1	151794	151646	30	12987904000	12327104512	python3*21 pt_gloo_runloop*2 ZMQbg/Reaper*2 ZMQbg/IO/0*2 pt_tcpstore_uv*1 cuda0000240000a*1 
2026-09-24T23:37:52+04:00	tsw-mirror-1m	1	151795	151646	57	1238691840	962154496	python3*49 ZMQbg/Reaper*4 ZMQbg/IO/0*4 
2026-09-24T23:38:02+04:00	tsw-mirror-1m	1	151630	488	2	26988544	6008832	uv*1 main2*1 
2026-09-24T23:38:02+04:00	tsw-mirror-1m	1	151646	151630	57	1142128640	856272896	ft*51 ZMQbg/Reaper*3 ZMQbg/IO/0*3 
2026-09-24T23:38:02+04:00	tsw-mirror-1m	1	151793	151646	1	12709888	5935104	python3*1 
2026-09-24T23:38:02+04:00	tsw-mirror-1m	1	151794	151646	30	12987904000	12327104512	python3*21 pt_gloo_runloop*2 ZMQbg/Reaper*2 ZMQbg/IO/0*2 pt_tcpstore_uv*1 cuda0000240000a*1 
2026-09-24T23:38:02+04:00	tsw-mirror-1m	1	151795	151646	57	1238691840	962154496	python3*49 ZMQbg/Reaper*4 ZMQbg/IO/0*4 
2026-09-24T23:38:15+04:00	tsw-mirror-1m	1	151630	488	2	26988544	6008832	uv*1 main2*1 
2026-09-24T23:38:15+04:00	tsw-mirror-1m	1	151646	151630	57	1142128640	856272896	ft*51 ZMQbg/Reaper*3 ZMQbg/IO/0*3 
2026-09-24T23:38:15+04:00	tsw-mirror-1m	1	151793	151646	1	12709888	5935104	python3*1 
2026-09-24T23:38:15+04:00	tsw-mirror-1m	1	151794	151646	30	12987904000	12327104512	python3*21 pt_gloo_runloop*2 ZMQbg/Reaper*2 ZMQbg/IO/0*2 pt_tcpstore_uv*1 cuda0000240000a*1 
2026-09-24T23:38:15+04:00	tsw-mirror-1m	1	151795	151646	57	1238691840	962154496	python3*49 ZMQbg/Reaper*4 ZMQbg/IO/0*4 
2026-09-24T23:38:25+04:00	tsw-mirror-1m	1	151630	488	2	26988544	6008832	uv*1 main2*1 
2026-09-24T23:38:25+04:00	tsw-mirror-1m	1	151646	151630	57	1142128640	856272896	ft*51 ZMQbg/Reaper*3 ZMQbg/IO/0*3 
2026-09-24T23:38:25+04:00	tsw-mirror-1m	1	151793	151646	1	12709888	5935104	python3*1 
2026-09-24T23:38:25+04:00	tsw-mirror-1m	1	151794	151646	30	12987904000	12327104512	python3*21 pt_gloo_runloop*2 ZMQbg/Reaper*2 ZMQbg/IO/0*2 pt_tcpstore_uv*1 cuda0000240000a*1 
2026-09-24T23:38:25+04:00	tsw-mirror-1m	1	151795	151646	57	1238691840	962154496	python3*49 ZMQbg/Reaper*4 ZMQbg/IO/0*4 
2026-09-24T23:38:36+04:00	tsw-mirror-1m	1	151630	488	2	26988544	6008832	uv*1 main2*1 
2026-09-24T23:38:36+04:00	tsw-mirror-1m	1	151646	151630	57	1142128640	856272896	ft*51 ZMQbg/Reaper*3 ZMQbg/IO/0*3 
2026-09-24T23:38:36+04:00	tsw-mirror-1m	1	151793	151646	1	12709888	5935104	python3*1 
2026-09-24T23:38:36+04:00	tsw-mirror-1m	1	151794	151646	30	12987904000	12327104512	python3*21 pt_gloo_runloop*2 ZMQbg/Reaper*2 ZMQbg/IO/0*2 pt_tcpstore_uv*1 cuda0000240000a*1 
2026-09-24T23:38:36+04:00	tsw-mirror-1m	1	151795	151646	57	1238691840	962154496	python3*49 ZMQbg/Reaper*4 ZMQbg/IO/0*4 
2026-09-24T23:38:46+04:00	tsw-mirror-1m	1	151630	488	2	26988544	6008832	uv*1 main2*1 
2026-09-24T23:38:46+04:00	tsw-mirror-1m	1	151646	151630	57	1142128640	856272896	ft*51 ZMQbg/Reaper*3 ZMQbg/IO/0*3 
2026-09-24T23:38:46+04:00	tsw-mirror-1m	1	151793	151646	1	12709888	5935104	python3*1 
2026-09-24T23:38:46+04:00	tsw-mirror-1m	1	151794	151646	30	12987904000	12327104512	python3*21 pt_gloo_runloop*2 ZMQbg/Reaper*2 ZMQbg/IO/0*2 pt_tcpstore_uv*1 cuda0000240000a*1 
2026-09-24T23:38:46+04:00	tsw-mirror-1m	1	151795	151646	57	1238691840	962154496	python3*49 ZMQbg/Reaper*4 ZMQbg/IO/0*4 
2026-09-24T23:38:59+04:00	tsw-mirror-1m	1	151630	488	2	26988544	6008832	uv*1 main2*1 
2026-09-24T23:38:59+04:00	tsw-mirror-1m	1	151646	151630	57	1142128640	856272896	ft*51 ZMQbg/Reaper*3 ZMQbg/IO/0*3 
2026-09-24T23:38:59+04:00	tsw-mirror-1m	1	151793	151646	1	12709888	5935104	python3*1 
2026-09-24T23:38:59+04:00	tsw-mirror-1m	1	151794	151646	30	12987904000	12327104512	python3*21 pt_gloo_runloop*2 ZMQbg/Reaper*2 ZMQbg/IO/0*2 pt_tcpstore_uv*1 cuda0000240000a*1 
2026-09-24T23:38:59+04:00	tsw-mirror-1m	1	151795	151646	57	1238691840	962154496	python3*49 ZMQbg/Reaper*4 ZMQbg/IO/0*4 
2026-09-24T23:39:09+04:00	tsw-mirror-1m	1	151630	488	2	26988544	6008832	uv*1 main2*1 
2026-09-24T23:39:09+04:00	tsw-mirror-1m	1	151646	151630	57	1142128640	856272896	ft*51 ZMQbg/Reaper*3 ZMQbg/IO/0*3 
2026-09-24T23:39:09+04:00	tsw-mirror-1m	1	151793	151646	1	12709888	5935104	python3*1 
2026-09-24T23:39:09+04:00	tsw-mirror-1m	1	151794	151646	30	12987904000	12327104512	python3*21 pt_gloo_runloop*2 ZMQbg/Reaper*2 ZMQbg/IO/0*2 pt_tcpstore_uv*1 cuda0000240000a*1 
2026-09-24T23:39:09+04:00	tsw-mirror-1m	1	151795	151646	57	1238691840	962154496	python3*49 ZMQbg/Reaper*4 ZMQbg/IO/0*4 
2026-09-24T23:39:19+04:00	tsw-mirror-1m	1	151630	488	2	26988544	6008832	uv*1 main2*1 
2026-09-24T23:39:19+04:00	tsw-mirror-1m	1	151646	151630	57	1142128640	856272896	ft*51 ZMQbg/Reaper*3 ZMQbg/IO/0*3 
2026-09-24T23:39:19+04:00	tsw-mirror-1m	1	151793	151646	1	12709888	5935104	python3*1 
2026-09-24T23:39:19+04:00	tsw-mirror-1m	1	151794	151646	30	12987904000	12327104512	python3*21 pt_gloo_runloop*2 ZMQbg/Reaper*2 ZMQbg/IO/0*2 pt_tcpstore_uv*1 cuda0000240000a*1 
2026-09-24T23:39:19+04:00	tsw-mirror-1m	1	151795	151646	57	1238691840	962154496	python3*49 ZMQbg/Reaper*4 ZMQbg/IO/0*4 
2026-09-24T23:39:32+04:00	tsw-mirror-1m	1	151630	488	2	26988544	6008832	uv*1 main2*1 
2026-09-24T23:39:32+04:00	tsw-mirror-1m	1	151646	151630	57	1142128640	856272896	ft*51 ZMQbg/Reaper*3 ZMQbg/IO/0*3 
2026-09-24T23:39:32+04:00	tsw-mirror-1m	1	151793	151646	1	12709888	5935104	python3*1 
2026-09-24T23:39:32+04:00	tsw-mirror-1m	1	151794	151646	30	12987904000	12327104512	python3*21 pt_gloo_runloop*2 ZMQbg/Reaper*2 ZMQbg/IO/0*2 pt_tcpstore_uv*1 cuda0000240000a*1 
2026-09-24T23:39:32+04:00	tsw-mirror-1m	1	151795	151646	57	1238691840	962154496	python3*49 ZMQbg/Reaper*4 ZMQbg/IO/0*4 
2026-09-24T23:39:42+04:00	tsw-mirror-1m	1	151630	488	2	26988544	6008832	uv*1 main2*1 
2026-09-24T23:39:42+04:00	tsw-mirror-1m	1	151646	151630	57	1142128640	856272896	ft*51 ZMQbg/Reaper*3 ZMQbg/IO/0*3 
2026-09-24T23:39:42+04:00	tsw-mirror-1m	1	151793	151646	1	12709888	5935104	python3*1 
2026-09-24T23:39:42+04:00	tsw-mirror-1m	1	151794	151646	30	12987904000	12327104512	python3*21 pt_gloo_runloop*2 ZMQbg/Reaper*2 ZMQbg/IO/0*2 pt_tcpstore_uv*1 cuda0000240000a*1 
2026-09-24T23:39:42+04:00	tsw-mirror-1m	1	151795	151646	57	1238691840	962154496	python3*49 ZMQbg/Reaper*4 ZMQbg/IO/0*4 
2026-09-24T23:39:52+04:00	tsw-mirror-1m	1	151630	488	2	26988544	6008832	uv*1 main2*1 
2026-09-24T23:39:52+04:00	tsw-mirror-1m	1	151646	151630	57	1142128640	856272896	ft*51 ZMQbg/Reaper*3 ZMQbg/IO/0*3 
2026-09-24T23:39:52+04:00	tsw-mirror-1m	1	151793	151646	1	12709888	5935104	python3*1 
2026-09-24T23:39:52+04:00	tsw-mirror-1m	1	151794	151646	30	12987904000	12327104512	python3*21 pt_gloo_runloop*2 ZMQbg/Reaper*2 ZMQbg/IO/0*2 pt_tcpstore_uv*1 cuda0000240000a*1 
2026-09-24T23:39:52+04:00	tsw-mirror-1m	1	151795	151646	57	1238691840	962154496	python3*49 ZMQbg/Reaper*4 ZMQbg/IO/0*4 
2026-09-24T23:40:02+04:00	tsw-mirror-1m	1	151630	488	2	26988544	6008832	uv*1 main2*1 
2026-09-24T23:40:02+04:00	tsw-mirror-1m	1	151646	151630	57	1142128640	856272896	ft*51 ZMQbg/Reaper*3 ZMQbg/IO/0*3 
2026-09-24T23:40:02+04:00	tsw-mirror-1m	1	151793	151646	1	12709888	5935104	python3*1 
2026-09-24T23:40:02+04:00	tsw-mirror-1m	1	151794	151646	30	12987904000	12327104512	python3*21 pt_gloo_runloop*2 ZMQbg/Reaper*2 ZMQbg/IO/0*2 pt_tcpstore_uv*1 cuda0000240000a*1 
2026-09-24T23:40:02+04:00	tsw-mirror-1m	1	151795	151646	57	1238691840	962154496	python3*49 ZMQbg/Reaper*4 ZMQbg/IO/0*4 
2026-09-24T23:40:16+04:00	tsw-mirror-1m	1	151630	488	2	26988544	6008832	uv*1 main2*1 
2026-09-24T23:40:16+04:00	tsw-mirror-1m	1	151646	151630	57	1142128640	856272896	ft*51 ZMQbg/Reaper*3 ZMQbg/IO/0*3 
2026-09-24T23:40:16+04:00	tsw-mirror-1m	1	151793	151646	1	12709888	5935104	python3*1 
2026-09-24T23:40:16+04:00	tsw-mirror-1m	1	151794	151646	30	12987904000	12327104512	python3*21 pt_gloo_runloop*2 ZMQbg/Reaper*2 ZMQbg/IO/0*2 pt_tcpstore_uv*1 cuda0000240000a*1 
2026-09-24T23:40:16+04:00	tsw-mirror-1m	1	151795	151646	57	1238691840	962154496	python3*49 ZMQbg/Reaper*4 ZMQbg/IO/0*4 
2026-09-24T23:40:26+04:00	tsw-mirror-1m	1	151630	488	2	26988544	6008832	uv*1 main2*1 
2026-09-24T23:40:26+04:00	tsw-mirror-1m	1	151646	151630	57	1142128640	856272896	ft*51 ZMQbg/Reaper*3 ZMQbg/IO/0*3 
2026-09-24T23:40:26+04:00	tsw-mirror-1m	1	151793	151646	1	12709888	5935104	python3*1 
2026-09-24T23:40:26+04:00	tsw-mirror-1m	1	151794	151646	30	12987904000	12327104512	python3*21 pt_gloo_runloop*2 ZMQbg/Reaper*2 ZMQbg/IO/0*2 pt_tcpstore_uv*1 cuda0000240000a*1 
2026-09-24T23:40:26+04:00	tsw-mirror-1m	1	151795	151646	57	1238691840	962154496	python3*49 ZMQbg/Reaper*4 ZMQbg/IO/0*4 
2026-09-24T23:40:36+04:00	tsw-mirror-1m	1	151630	488	2	26988544	6008832	uv*1 main2*1 
2026-09-24T23:40:36+04:00	tsw-mirror-1m	1	151646	151630	57	1142128640	856272896	ft*51 ZMQbg/Reaper*3 ZMQbg/IO/0*3 
2026-09-24T23:40:36+04:00	tsw-mirror-1m	1	151793	151646	1	12709888	5935104	python3*1 
2026-09-24T23:40:36+04:00	tsw-mirror-1m	1	151794	151646	30	12987904000	12327104512	python3*21 pt_gloo_runloop*2 ZMQbg/Reaper*2 ZMQbg/IO/0*2 pt_tcpstore_uv*1 cuda0000240000a*1 
2026-09-24T23:40:36+04:00	tsw-mirror-1m	1	151795	151646	57	1238691840	962154496	python3*49 ZMQbg/Reaper*4 ZMQbg/IO/0*4 
2026-09-24T23:40:47+04:00	tsw-mirror-1m	1	151630	488	2	26988544	6008832	uv*1 main2*1 
2026-09-24T23:40:47+04:00	tsw-mirror-1m	1	151646	151630	57	1142128640	856272896	ft*51 ZMQbg/Reaper*3 ZMQbg/IO/0*3 
2026-09-24T23:40:47+04:00	tsw-mirror-1m	1	151793	151646	1	12709888	5935104	python3*1 
2026-09-24T23:40:47+04:00	tsw-mirror-1m	1	151794	151646	30	12987904000	12327104512	python3*21 pt_gloo_runloop*2 ZMQbg/Reaper*2 ZMQbg/IO/0*2 pt_tcpstore_uv*1 cuda0000240000a*1 
2026-09-24T23:40:47+04:00	tsw-mirror-1m	1	151795	151646	57	1238691840	962154496	python3*49 ZMQbg/Reaper*4 ZMQbg/IO/0*4 
2026-09-24T23:40:58+04:00	tsw-mirror-1m	1	151630	488	2	26988544	6008832	uv*1 main2*1 
2026-09-24T23:40:58+04:00	tsw-mirror-1m	1	151646	151630	57	1142128640	856272896	ft*51 ZMQbg/Reaper*3 ZMQbg/IO/0*3 
2026-09-24T23:40:58+04:00	tsw-mirror-1m	1	151793	151646	1	12709888	5935104	python3*1 
2026-09-24T23:40:58+04:00	tsw-mirror-1m	1	151794	151646	30	12987904000	12327104512	python3*21 pt_gloo_runloop*2 ZMQbg/Reaper*2 ZMQbg/IO/0*2 pt_tcpstore_uv*1 cuda0000240000a*1 
2026-09-24T23:40:59+04:00	tsw-mirror-1m	1	151795	151646	57	1238691840	962154496	python3*49 ZMQbg/Reaper*4 ZMQbg/IO/0*4 
2026-09-24T23:41:09+04:00	tsw-mirror-1m	1	151630	488	2	26988544	6008832	uv*1 main2*1 
2026-09-24T23:41:09+04:00	tsw-mirror-1m	1	151646	151630	57	1142128640	856272896	ft*51 ZMQbg/Reaper*3 ZMQbg/IO/0*3 
2026-09-24T23:41:09+04:00	tsw-mirror-1m	1	151793	151646	1	12709888	5935104	python3*1 
2026-09-24T23:41:09+04:00	tsw-mirror-1m	1	151794	151646	30	12987904000	12327104512	python3*21 pt_gloo_runloop*2 ZMQbg/Reaper*2 ZMQbg/IO/0*2 pt_tcpstore_uv*1 cuda0000240000a*1 
2026-09-24T23:41:09+04:00	tsw-mirror-1m	1	151795	151646	57	1238691840	962154496	python3*49 ZMQbg/Reaper*4 ZMQbg/IO/0*4 
2026-09-24T23:41:19+04:00	tsw-mirror-1m	1	151630	488	2	26988544	6008832	uv*1 main2*1 
2026-09-24T23:41:19+04:00	tsw-mirror-1m	1	151646	151630	57	1142128640	856272896	ft*51 ZMQbg/Reaper*3 ZMQbg/IO/0*3 
2026-09-24T23:41:19+04:00	tsw-mirror-1m	1	151793	151646	1	12709888	5935104	python3*1 
2026-09-24T23:41:19+04:00	tsw-mirror-1m	1	151794	151646	30	12987904000	12327104512	python3*21 pt_gloo_runloop*2 ZMQbg/Reaper*2 ZMQbg/IO/0*2 pt_tcpstore_uv*1 cuda0000240000a*1 
2026-09-24T23:41:19+04:00	tsw-mirror-1m	1	151795	151646	57	1238691840	962154496	python3*49 ZMQbg/Reaper*4 ZMQbg/IO/0*4 
2026-09-24T23:41:32+04:00	tsw-mirror-1m	1	151630	488	2	24834048	6008832	uv*1 main2*1 
2026-09-24T23:41:32+04:00	tsw-mirror-1m	1	151646	151630	57	1141915648	856272896	ft*51 ZMQbg/Reaper*3 ZMQbg/IO/0*3 
2026-09-24T23:41:32+04:00	tsw-mirror-1m	1	151793	151646	1	12709888	5935104	python3*1 
2026-09-24T23:41:32+04:00	tsw-mirror-1m	1	151794	151646	30	12987650048	12327104512	python3*21 pt_gloo_runloop*2 ZMQbg/Reaper*2 ZMQbg/IO/0*2 pt_tcpstore_uv*1 cuda0000240000a*1 
2026-09-24T23:41:32+04:00	tsw-mirror-1m	1	151795	151646	57	1238478848	962154496	python3*49 ZMQbg/Reaper*4 ZMQbg/IO/0*4 
2026-09-24T23:41:42+04:00	tsw-mirror-1m	1	151630	488	2	24834048	6008832	uv*1 main2*1 
2026-09-24T23:41:42+04:00	tsw-mirror-1m	1	151646	151630	57	1141915648	856272896	ft*51 ZMQbg/Reaper*3 ZMQbg/IO/0*3 
2026-09-24T23:41:43+04:00	tsw-mirror-1m	1	151793	151646	1	12709888	5935104	python3*1 
2026-09-24T23:41:43+04:00	tsw-mirror-1m	1	151794	151646	30	12987650048	12327104512	python3*21 pt_gloo_runloop*2 ZMQbg/Reaper*2 ZMQbg/IO/0*2 pt_tcpstore_uv*1 cuda0000240000a*1 
2026-09-24T23:41:43+04:00	tsw-mirror-1m	1	151795	151646	57	1238478848	962154496	python3*49 ZMQbg/Reaper*4 ZMQbg/IO/0*4 
2026-09-24T23:41:53+04:00	tsw-mirror-1m	1	151630	488	2	24834048	6008832	uv*1 main2*1 
2026-09-24T23:41:53+04:00	tsw-mirror-1m	1	151646	151630	57	1141915648	856272896	ft*51 ZMQbg/Reaper*3 ZMQbg/IO/0*3 
2026-09-24T23:41:53+04:00	tsw-mirror-1m	1	151793	151646	1	12709888	5935104	python3*1 
2026-09-24T23:41:53+04:00	tsw-mirror-1m	1	151794	151646	30	12987650048	12327104512	python3*21 pt_gloo_runloop*2 ZMQbg/Reaper*2 ZMQbg/IO/0*2 pt_tcpstore_uv*1 cuda0000240000a*1 
2026-09-24T23:41:53+04:00	tsw-mirror-1m	1	151795	151646	57	1238478848	962154496	python3*49 ZMQbg/Reaper*4 ZMQbg/IO/0*4 
2026-09-24T23:42:05+04:00	tsw-mirror-1m	1	151630	488	2	24834048	6008832	uv*1 main2*1 
2026-09-24T23:42:05+04:00	tsw-mirror-1m	1	151646	151630	57	1141915648	856272896	ft*51 ZMQbg/Reaper*3 ZMQbg/IO/0*3 
2026-09-24T23:42:05+04:00	tsw-mirror-1m	1	151793	151646	1	12709888	5935104	python3*1 
2026-09-24T23:42:05+04:00	tsw-mirror-1m	1	151794	151646	30	12987650048	12327104512	python3*21 pt_gloo_runloop*2 ZMQbg/Reaper*2 ZMQbg/IO/0*2 pt_tcpstore_uv*1 cuda0000240000a*1 
2026-09-24T23:42:05+04:00	tsw-mirror-1m	1	151795	151646	57	1238478848	962154496	python3*49 ZMQbg/Reaper*4 ZMQbg/IO/0*4 
2026-09-24T23:42:15+04:00	tsw-mirror-1m	1	151630	488	2	24834048	6008832	uv*1 main2*1 
2026-09-24T23:42:15+04:00	tsw-mirror-1m	1	151646	151630	57	1141915648	856272896	ft*51 ZMQbg/Reaper*3 ZMQbg/IO/0*3 
2026-09-24T23:42:15+04:00	tsw-mirror-1m	1	151793	151646	1	12709888	5935104	python3*1 
2026-09-24T23:42:15+04:00	tsw-mirror-1m	1	151794	151646	30	12987650048	12327104512	python3*21 pt_gloo_runloop*2 ZMQbg/Reaper*2 ZMQbg/IO/0*2 pt_tcpstore_uv*1 cuda0000240000a*1 
2026-09-24T23:42:16+04:00	tsw-mirror-1m	1	151795	151646	57	1238478848	962154496	python3*49 ZMQbg/Reaper*4 ZMQbg/IO/0*4 
2026-09-24T23:42:26+04:00	tsw-mirror-1m	1	151630	488	2	24834048	6008832	uv*1 main2*1 
2026-09-24T23:42:26+04:00	tsw-mirror-1m	1	151646	151630	57	1141915648	856272896	ft*51 ZMQbg/Reaper*3 ZMQbg/IO/0*3 
2026-09-24T23:42:26+04:00	tsw-mirror-1m	1	151793	151646	1	12709888	5935104	python3*1 
2026-09-24T23:42:26+04:00	tsw-mirror-1m	1	151794	151646	30	12987650048	12327104512	python3*21 pt_gloo_runloop*2 ZMQbg/Reaper*2 ZMQbg/IO/0*2 pt_tcpstore_uv*1 cuda0000240000a*1 
2026-09-24T23:42:26+04:00	tsw-mirror-1m	1	151795	151646	57	1238478848	962154496	python3*49 ZMQbg/Reaper*4 ZMQbg/IO/0*4 
2026-09-24T23:42:39+04:00	tsw-mirror-1m	1	151630	488	2	24834048	6008832	uv*1 main2*1 
2026-09-24T23:42:39+04:00	tsw-mirror-1m	1	151646	151630	57	1141915648	856272896	ft*51 ZMQbg/Reaper*3 ZMQbg/IO/0*3 
2026-09-24T23:42:39+04:00	tsw-mirror-1m	1	151793	151646	1	12709888	5935104	python3*1 
2026-09-24T23:42:39+04:00	tsw-mirror-1m	1	151794	151646	30	12987650048	12327104512	python3*21 pt_gloo_runloop*2 ZMQbg/Reaper*2 ZMQbg/IO/0*2 pt_tcpstore_uv*1 cuda0000240000a*1 
2026-09-24T23:42:39+04:00	tsw-mirror-1m	1	151795	151646	57	1238478848	962154496	python3*49 ZMQbg/Reaper*4 ZMQbg/IO/0*4 
2026-09-24T23:42:49+04:00	tsw-mirror-1m	1	151630	488	2	24834048	6008832	uv*1 main2*1 
2026-09-24T23:42:49+04:00	tsw-mirror-1m	1	151646	151630	57	1141915648	856272896	ft*51 ZMQbg/Reaper*3 ZMQbg/IO/0*3 
2026-09-24T23:42:49+04:00	tsw-mirror-1m	1	151793	151646	1	12709888	5935104	python3*1 
2026-09-24T23:42:49+04:00	tsw-mirror-1m	1	151794	151646	30	12987650048	12327104512	python3*21 pt_gloo_runloop*2 ZMQbg/Reaper*2 ZMQbg/IO/0*2 pt_tcpstore_uv*1 cuda0000240000a*1 
2026-09-24T23:42:49+04:00	tsw-mirror-1m	1	151795	151646	57	1238478848	962154496	python3*49 ZMQbg/Reaper*4 ZMQbg/IO/0*4 
2026-09-24T23:42:59+04:00	tsw-mirror-1m	1	151630	488	2	24834048	6008832	uv*1 main2*1 
2026-09-24T23:42:59+04:00	tsw-mirror-1m	1	151646	151630	57	1141915648	856272896	ft*51 ZMQbg/Reaper*3 ZMQbg/IO/0*3 
2026-09-24T23:42:59+04:00	tsw-mirror-1m	1	151793	151646	1	12709888	5935104	python3*1 
2026-09-24T23:42:59+04:00	tsw-mirror-1m	1	151794	151646	30	12987650048	12327104512	python3*21 pt_gloo_runloop*2 ZMQbg/Reaper*2 ZMQbg/IO/0*2 pt_tcpstore_uv*1 cuda0000240000a*1 
2026-09-24T23:42:59+04:00	tsw-mirror-1m	1	151795	151646	57	1238478848	962154496	python3*49 ZMQbg/Reaper*4 ZMQbg/IO/0*4 
2026-09-24T23:43:12+04:00	tsw-mirror-1m	1	151630	488	2	24834048	6008832	uv*1 main2*1 
2026-09-24T23:43:12+04:00	tsw-mirror-1m	1	151646	151630	57	1141915648	856272896	ft*51 ZMQbg/Reaper*3 ZMQbg/IO/0*3 
2026-09-24T23:43:12+04:00	tsw-mirror-1m	1	151793	151646	1	12709888	5935104	python3*1 
2026-09-24T23:43:12+04:00	tsw-mirror-1m	1	151794	151646	30	12987650048	12327104512	python3*21 pt_gloo_runloop*2 ZMQbg/Reaper*2 ZMQbg/IO/0*2 pt_tcpstore_uv*1 cuda0000240000a*1 
2026-09-24T23:43:12+04:00	tsw-mirror-1m	1	151795	151646	57	1238478848	962154496	python3*49 ZMQbg/Reaper*4 ZMQbg/IO/0*4 
2026-09-24T23:43:22+04:00	tsw-mirror-1m	1	151630	488	2	24834048	6008832	uv*1 main2*1 
2026-09-24T23:43:22+04:00	tsw-mirror-1m	1	151646	151630	57	1141915648	856272896	ft*51 ZMQbg/Reaper*3 ZMQbg/IO/0*3 
2026-09-24T23:43:22+04:00	tsw-mirror-1m	1	151793	151646	1	12709888	5935104	python3*1 
2026-09-24T23:43:22+04:00	tsw-mirror-1m	1	151794	151646	30	12987650048	12327104512	python3*21 pt_gloo_runloop*2 ZMQbg/Reaper*2 ZMQbg/IO/0*2 pt_tcpstore_uv*1 cuda0000240000a*1 
2026-09-24T23:43:22+04:00	tsw-mirror-1m	1	151795	151646	57	1238478848	962154496	python3*49 ZMQbg/Reaper*4 ZMQbg/IO/0*4 
2026-09-24T23:43:32+04:00	tsw-mirror-1m	1	151630	488	2	24834048	6008832	uv*1 main2*1 
2026-09-24T23:43:32+04:00	tsw-mirror-1m	1	151646	151630	57	1141915648	856272896	ft*51 ZMQbg/Reaper*3 ZMQbg/IO/0*3 
2026-09-24T23:43:32+04:00	tsw-mirror-1m	1	151793	151646	1	12709888	5935104	python3*1 
2026-09-24T23:43:32+04:00	tsw-mirror-1m	1	151794	151646	30	12987650048	12327104512	python3*21 pt_gloo_runloop*2 ZMQbg/Reaper*2 ZMQbg/IO/0*2 pt_tcpstore_uv*1 cuda0000240000a*1 
2026-09-24T23:43:32+04:00	tsw-mirror-1m	1	151795	151646	57	1238478848	962154496	python3*49 ZMQbg/Reaper*4 ZMQbg/IO/0*4 
2026-09-24T23:43:45+04:00	tsw-mirror-1m	1	151630	488	2	24834048	6008832	uv*1 main2*1 
2026-09-24T23:43:45+04:00	tsw-mirror-1m	1	151646	151630	57	1141919744	856276992	ft*51 ZMQbg/Reaper*3 ZMQbg/IO/0*3 
2026-09-24T23:43:45+04:00	tsw-mirror-1m	1	151793	151646	1	12709888	5935104	python3*1 
2026-09-24T23:43:45+04:00	tsw-mirror-1m	1	151794	151646	30	12987650048	12327104512	python3*21 pt_gloo_runloop*2 ZMQbg/Reaper*2 ZMQbg/IO/0*2 pt_tcpstore_uv*1 cuda0000240000a*1 
2026-09-24T23:43:45+04:00	tsw-mirror-1m	1	151795	151646	57	1238478848	962154496	python3*49 ZMQbg/Reaper*4 ZMQbg/IO/0*4 
2026-09-24T23:43:55+04:00	tsw-mirror-1m	1	151630	488	2	24834048	6008832	uv*1 main2*1 
2026-09-24T23:43:55+04:00	tsw-mirror-1m	1	151646	151630	57	1141919744	856276992	ft*51 ZMQbg/Reaper*3 ZMQbg/IO/0*3 
2026-09-24T23:43:55+04:00	tsw-mirror-1m	1	151793	151646	1	12709888	5935104	python3*1 
2026-09-24T23:43:55+04:00	tsw-mirror-1m	1	151794	151646	30	12987650048	12327104512	python3*21 pt_gloo_runloop*2 ZMQbg/Reaper*2 ZMQbg/IO/0*2 pt_tcpstore_uv*1 cuda0000240000a*1 
2026-09-24T23:43:55+04:00	tsw-mirror-1m	1	151795	151646	57	1238478848	962154496	python3*49 ZMQbg/Reaper*4 ZMQbg/IO/0*4 
2026-09-24T23:44:06+04:00	tsw-mirror-1m	1	151630	488	2	24834048	6008832	uv*1 main2*1 
2026-09-24T23:44:06+04:00	tsw-mirror-1m	1	151646	151630	57	1141919744	856276992	ft*51 ZMQbg/Reaper*3 ZMQbg/IO/0*3 
2026-09-24T23:44:06+04:00	tsw-mirror-1m	1	151793	151646	1	12709888	5935104	python3*1 
2026-09-24T23:44:06+04:00	tsw-mirror-1m	1	151794	151646	30	12987650048	12327104512	python3*21 pt_gloo_runloop*2 ZMQbg/Reaper*2 ZMQbg/IO/0*2 pt_tcpstore_uv*1 cuda0000240000a*1 
2026-09-24T23:44:06+04:00	tsw-mirror-1m	1	151795	151646	57	1238478848	962154496	python3*49 ZMQbg/Reaper*4 ZMQbg/IO/0*4 
2026-09-24T23:44:16+04:00	tsw-mirror-1m	1	151630	488	2	24834048	6008832	uv*1 main2*1 
2026-09-24T23:44:16+04:00	tsw-mirror-1m	1	151646	151630	57	1141919744	856276992	ft*51 ZMQbg/Reaper*3 ZMQbg/IO/0*3 
2026-09-24T23:44:16+04:00	tsw-mirror-1m	1	151793	151646	1	12709888	5935104	python3*1 
2026-09-24T23:44:16+04:00	tsw-mirror-1m	1	151794	151646	30	12987650048	12327104512	python3*21 pt_gloo_runloop*2 ZMQbg/Reaper*2 ZMQbg/IO/0*2 pt_tcpstore_uv*1 cuda0000240000a*1 
2026-09-24T23:44:16+04:00	tsw-mirror-1m	1	151795	151646	57	1238478848	962154496	python3*49 ZMQbg/Reaper*4 ZMQbg/IO/0*4 
2026-09-24T23:44:29+04:00	tsw-mirror-1m	1	151630	488	2	24834048	6008832	uv*1 main2*1 
2026-09-24T23:44:29+04:00	tsw-mirror-1m	1	151646	151630	57	1141919744	856276992	ft*51 ZMQbg/Reaper*3 ZMQbg/IO/0*3 
2026-09-24T23:44:29+04:00	tsw-mirror-1m	1	151793	151646	1	12709888	5935104	python3*1 
2026-09-24T23:44:29+04:00	tsw-mirror-1m	1	151794	151646	30	12987650048	12327104512	python3*21 pt_gloo_runloop*2 ZMQbg/Reaper*2 ZMQbg/IO/0*2 pt_tcpstore_uv*1 cuda0000240000a*1 
2026-09-24T23:44:29+04:00	tsw-mirror-1m	1	151795	151646	57	1238478848	962154496	python3*49 ZMQbg/Reaper*4 ZMQbg/IO/0*4 
2026-09-24T23:44:39+04:00	tsw-mirror-1m	1	151630	488	2	24834048	6008832	uv*1 main2*1 
2026-09-24T23:44:39+04:00	tsw-mirror-1m	1	151646	151630	57	1141919744	856276992	ft*51 ZMQbg/Reaper*3 ZMQbg/IO/0*3 
2026-09-24T23:44:39+04:00	tsw-mirror-1m	1	151793	151646	1	12709888	5935104	python3*1 
2026-09-24T23:44:39+04:00	tsw-mirror-1m	1	151794	151646	30	12987650048	12327104512	python3*21 pt_gloo_runloop*2 ZMQbg/Reaper*2 ZMQbg/IO/0*2 pt_tcpstore_uv*1 cuda0000240000a*1 
2026-09-24T23:44:39+04:00	tsw-mirror-1m	1	151795	151646	57	1238478848	962154496	python3*49 ZMQbg/Reaper*4 ZMQbg/IO/0*4 
2026-09-24T23:44:49+04:00	tsw-mirror-1m	1	151630	488	2	24834048	6008832	uv*1 main2*1 
2026-09-24T23:44:49+04:00	tsw-mirror-1m	1	151646	151630	57	1141919744	856276992	ft*51 ZMQbg/Reaper*3 ZMQbg/IO/0*3 
2026-09-24T23:44:49+04:00	tsw-mirror-1m	1	151793	151646	1	12709888	5935104	python3*1 
2026-09-24T23:44:49+04:00	tsw-mirror-1m	1	151794	151646	30	12987650048	12327104512	python3*21 pt_gloo_runloop*2 ZMQbg/Reaper*2 ZMQbg/IO/0*2 pt_tcpstore_uv*1 cuda0000240000a*1 
2026-09-24T23:44:49+04:00	tsw-mirror-1m	1	151795	151646	57	1238478848	962154496	python3*49 ZMQbg/Reaper*4 ZMQbg/IO/0*4 
2026-09-24T23:45:02+04:00	tsw-mirror-1m	1	151630	488	2	24834048	6008832	uv*1 main2*1 
2026-09-24T23:45:02+04:00	tsw-mirror-1m	1	151646	151630	57	1141919744	856276992	ft*51 ZMQbg/Reaper*3 ZMQbg/IO/0*3 
2026-09-24T23:45:02+04:00	tsw-mirror-1m	1	151793	151646	1	12709888	5935104	python3*1 
2026-09-24T23:45:02+04:00	tsw-mirror-1m	1	151794	151646	30	12987650048	12327104512	python3*21 pt_gloo_runloop*2 ZMQbg/Reaper*2 ZMQbg/IO/0*2 pt_tcpstore_uv*1 cuda0000240000a*1 
2026-09-24T23:45:02+04:00	tsw-mirror-1m	1	151795	151646	57	1238478848	962154496	python3*49 ZMQbg/Reaper*4 ZMQbg/IO/0*4 
2026-09-24T23:45:12+04:00	tsw-mirror-1m	1	151630	488	2	24834048	6008832	uv*1 main2*1 
2026-09-24T23:45:12+04:00	tsw-mirror-1m	1	151646	151630	57	1141919744	856276992	ft*51 ZMQbg/Reaper*3 ZMQbg/IO/0*3 
2026-09-24T23:45:12+04:00	tsw-mirror-1m	1	151793	151646	1	12709888	5935104	python3*1 
2026-09-24T23:45:12+04:00	tsw-mirror-1m	1	151794	151646	30	12987650048	12327104512	python3*21 pt_gloo_runloop*2 ZMQbg/Reaper*2 ZMQbg/IO/0*2 pt_tcpstore_uv*1 cuda0000240000a*1 
2026-09-24T23:45:12+04:00	tsw-mirror-1m	1	151795	151646	57	1238478848	962154496	python3*49 ZMQbg/Reaper*4 ZMQbg/IO/0*4 
2026-09-24T23:45:22+04:00	tsw-mirror-1m	1	151630	488	2	24834048	6008832	uv*1 main2*1 
2026-09-24T23:45:22+04:00	tsw-mirror-1m	1	151646	151630	57	1141919744	856276992	ft*51 ZMQbg/Reaper*3 ZMQbg/IO/0*3 
2026-09-24T23:45:23+04:00	tsw-mirror-1m	1	151793	151646	1	12709888	5935104	python3*1 
2026-09-24T23:45:23+04:00	tsw-mirror-1m	1	151794	151646	30	12987650048	12327104512	python3*21 pt_gloo_runloop*2 ZMQbg/Reaper*2 ZMQbg/IO/0*2 pt_tcpstore_uv*1 cuda0000240000a*1 
2026-09-24T23:45:23+04:00	tsw-mirror-1m	1	151795	151646	57	1238478848	962154496	python3*49 ZMQbg/Reaper*4 ZMQbg/IO/0*4 
2026-09-24T23:45:35+04:00	tsw-mirror-1m	1	151630	488	2	24834048	6008832	uv*1 main2*1 
2026-09-24T23:45:35+04:00	tsw-mirror-1m	1	151646	151630	57	1141919744	856276992	ft*51 ZMQbg/Reaper*3 ZMQbg/IO/0*3 
2026-09-24T23:45:35+04:00	tsw-mirror-1m	1	151793	151646	1	12709888	5935104	python3*1 
2026-09-24T23:45:35+04:00	tsw-mirror-1m	1	151794	151646	30	12987650048	12327104512	python3*21 pt_gloo_runloop*2 ZMQbg/Reaper*2 ZMQbg/IO/0*2 pt_tcpstore_uv*1 cuda0000240000a*1 
2026-09-24T23:45:35+04:00	tsw-mirror-1m	1	151795	151646	57	1238478848	962154496	python3*49 ZMQbg/Reaper*4 ZMQbg/IO/0*4 
2026-09-24T23:45:46+04:00	tsw-mirror-1m	1	151630	488	2	24834048	6008832	uv*1 main2*1 
2026-09-24T23:45:46+04:00	tsw-mirror-1m	1	151646	151630	57	1141919744	856276992	ft*51 ZMQbg/Reaper*3 ZMQbg/IO/0*3 
2026-09-24T23:45:46+04:00	tsw-mirror-1m	1	151793	151646	1	12709888	5935104	python3*1 
2026-09-24T23:45:46+04:00	tsw-mirror-1m	1	151794	151646	30	12987650048	12327104512	python3*21 pt_gloo_runloop*2 ZMQbg/Reaper*2 ZMQbg/IO/0*2 pt_tcpstore_uv*1 cuda0000240000a*1 
2026-09-24T23:45:46+04:00	tsw-mirror-1m	1	151795	151646	57	1238478848	962154496	python3*49 ZMQbg/Reaper*4 ZMQbg/IO/0*4 
2026-09-24T23:45:56+04:00	tsw-mirror-1m	1	151630	488	2	24834048	6008832	uv*1 main2*1 
2026-09-24T23:45:56+04:00	tsw-mirror-1m	1	151646	151630	57	1141919744	856276992	ft*51 ZMQbg/Reaper*3 ZMQbg/IO/0*3 
2026-09-24T23:45:56+04:00	tsw-mirror-1m	1	151793	151646	1	12709888	5935104	python3*1 
2026-09-24T23:45:56+04:00	tsw-mirror-1m	1	151794	151646	30	12987650048	12327104512	python3*21 pt_gloo_runloop*2 ZMQbg/Reaper*2 ZMQbg/IO/0*2 pt_tcpstore_uv*1 cuda0000240000a*1 
2026-09-24T23:45:56+04:00	tsw-mirror-1m	1	151795	151646	57	1238478848	962154496	python3*49 ZMQbg/Reaper*4 ZMQbg/IO/0*4 
2026-09-24T23:46:09+04:00	tsw-mirror-1m	1	151630	488	2	24834048	6008832	uv*1 main2*1 
2026-09-24T23:46:09+04:00	tsw-mirror-1m	1	151646	151630	57	1141919744	856276992	ft*51 ZMQbg/Reaper*3 ZMQbg/IO/0*3 
2026-09-24T23:46:09+04:00	tsw-mirror-1m	1	151793	151646	1	12709888	5935104	python3*1 
2026-09-24T23:46:09+04:00	tsw-mirror-1m	1	151794	151646	30	12987650048	12327104512	python3*21 pt_gloo_runloop*2 ZMQbg/Reaper*2 ZMQbg/IO/0*2 pt_tcpstore_uv*1 cuda0000240000a*1 
2026-09-24T23:46:09+04:00	tsw-mirror-1m	1	151795	151646	57	1238478848	962154496	python3*49 ZMQbg/Reaper*4 ZMQbg/IO/0*4 
2026-09-24T23:46:19+04:00	tsw-mirror-1m	1	151630	488	2	24834048	6008832	uv*1 main2*1 
2026-09-24T23:46:19+04:00	tsw-mirror-1m	1	151646	151630	57	1141919744	856276992	ft*51 ZMQbg/Reaper*3 ZMQbg/IO/0*3 
2026-09-24T23:46:19+04:00	tsw-mirror-1m	1	151793	151646	1	12709888	5935104	python3*1 
2026-09-24T23:46:19+04:00	tsw-mirror-1m	1	151794	151646	30	12987650048	12327104512	python3*21 pt_gloo_runloop*2 ZMQbg/Reaper*2 ZMQbg/IO/0*2 pt_tcpstore_uv*1 cuda0000240000a*1 
2026-09-24T23:46:19+04:00	tsw-mirror-1m	1	151795	151646	57	1238478848	962154496	python3*49 ZMQbg/Reaper*4 ZMQbg/IO/0*4 
2026-09-24T23:46:29+04:00	tsw-mirror-1m	1	151630	488	2	24834048	6008832	uv*1 main2*1 
2026-09-24T23:46:29+04:00	tsw-mirror-1m	1	151646	151630	57	1141919744	856276992	ft*51 ZMQbg/Reaper*3 ZMQbg/IO/0*3 
2026-09-24T23:46:29+04:00	tsw-mirror-1m	1	151793	151646	1	12709888	5935104	python3*1 
2026-09-24T23:46:29+04:00	tsw-mirror-1m	1	151794	151646	30	12987650048	12327104512	python3*21 pt_gloo_runloop*2 ZMQbg/Reaper*2 ZMQbg/IO/0*2 pt_tcpstore_uv*1 cuda0000240000a*1 
2026-09-24T23:46:29+04:00	tsw-mirror-1m	1	151795	151646	57	1238478848	962154496	python3*49 ZMQbg/Reaper*4 ZMQbg/IO/0*4 
2026-09-24T23:46:42+04:00	tsw-mirror-1m	1	151630	488	2	24834048	6008832	uv*1 main2*1 
2026-09-24T23:46:42+04:00	tsw-mirror-1m	1	151646	151630	57	1141919744	856276992	ft*51 ZMQbg/Reaper*3 ZMQbg/IO/0*3 
2026-09-24T23:46:42+04:00	tsw-mirror-1m	1	151793	151646	1	12709888	5935104	python3*1 
2026-09-24T23:46:42+04:00	tsw-mirror-1m	1	151794	151646	30	12987650048	12327104512	python3*21 pt_gloo_runloop*2 ZMQbg/Reaper*2 ZMQbg/IO/0*2 pt_tcpstore_uv*1 cuda0000240000a*1 
2026-09-24T23:46:42+04:00	tsw-mirror-1m	1	151795	151646	57	1238478848	962154496	python3*49 ZMQbg/Reaper*4 ZMQbg/IO/0*4 
2026-09-24T23:46:52+04:00	tsw-mirror-1m	1	151630	488	2	24834048	6008832	uv*1 main2*1 
2026-09-24T23:46:52+04:00	tsw-mirror-1m	1	151646	151630	57	1141919744	856276992	ft*51 ZMQbg/Reaper*3 ZMQbg/IO/0*3 
2026-09-24T23:46:52+04:00	tsw-mirror-1m	1	151793	151646	1	12709888	5935104	python3*1 
2026-09-24T23:46:52+04:00	tsw-mirror-1m	1	151794	151646	30	12987650048	12327104512	python3*21 pt_gloo_runloop*2 ZMQbg/Reaper*2 ZMQbg/IO/0*2 pt_tcpstore_uv*1 cuda0000240000a*1 
2026-09-24T23:46:52+04:00	tsw-mirror-1m	1	151795	151646	57	1238478848	962154496	python3*49 ZMQbg/Reaper*4 ZMQbg/IO/0*4 
2026-09-24T23:47:03+04:00	tsw-mirror-1m	3	151630	488	2	24834048	6008832	uv*1 main2*1 
2026-09-24T23:47:03+04:00	tsw-mirror-1m	3	151646	151630	57	1160015872	800509952	ft*51 ZMQbg/Reaper*3 ZMQbg/IO/0*3 
2026-09-24T23:47:03+04:00	tsw-mirror-1m	3	151793	151646	1	12709888	5935104	python3*1 
2026-09-24T23:47:03+04:00	tsw-mirror-1m	3	151794	151646	45	12990099456	12328607744	python3*36 pt_gloo_runloop*2 ZMQbg/Reaper*2 ZMQbg/IO/0*2 pt_tcpstore_uv*1 cuda0000240000a*1 
2026-09-24T23:47:03+04:00	tsw-mirror-1m	3	151795	151646	57	919998464	643674112	python3*49 ZMQbg/Reaper*4 ZMQbg/IO/0*4 
2026-09-24T23:47:16+04:00	tsw-mirror-1m	3	151630	488	2	24834048	6008832	uv*1 main2*1 
2026-09-24T23:47:16+04:00	tsw-mirror-1m	3	151646	151630	57	1249759232	964116480	ft*51 ZMQbg/Reaper*3 ZMQbg/IO/0*3 
2026-09-24T23:47:16+04:00	tsw-mirror-1m	3	151793	151646	1	12709888	5935104	python3*1 
2026-09-24T23:47:16+04:00	tsw-mirror-1m	3	151794	151646	45	12990099456	12328607744	python3*36 pt_gloo_runloop*2 ZMQbg/Reaper*2 ZMQbg/IO/0*2 pt_tcpstore_uv*1 cuda0000240000a*1 
2026-09-24T23:47:16+04:00	tsw-mirror-1m	3	151795	151646	57	1286799360	1010475008	python3*49 ZMQbg/Reaper*4 ZMQbg/IO/0*4 
2026-09-24T23:47:26+04:00	tsw-mirror-1m	3	151630	488	2	24834048	6008832	uv*1 main2*1 
2026-09-24T23:47:26+04:00	tsw-mirror-1m	3	151646	151630	57	1249759232	964116480	ft*51 ZMQbg/Reaper*3 ZMQbg/IO/0*3 
2026-09-24T23:47:26+04:00	tsw-mirror-1m	3	151793	151646	1	12709888	5935104	python3*1 
2026-09-24T23:47:26+04:00	tsw-mirror-1m	3	151794	151646	45	12990099456	12328607744	python3*36 pt_gloo_runloop*2 ZMQbg/Reaper*2 ZMQbg/IO/0*2 pt_tcpstore_uv*1 cuda0000240000a*1 
2026-09-24T23:47:26+04:00	tsw-mirror-1m	3	151795	151646	57	1286799360	1010475008	python3*49 ZMQbg/Reaper*4 ZMQbg/IO/0*4 
2026-09-24T23:47:36+04:00	tsw-mirror-1m	3	151630	488	2	24834048	6008832	uv*1 main2*1 
2026-09-24T23:47:36+04:00	tsw-mirror-1m	3	151646	151630	57	1249759232	964116480	ft*51 ZMQbg/Reaper*3 ZMQbg/IO/0*3 
2026-09-24T23:47:36+04:00	tsw-mirror-1m	3	151793	151646	1	12709888	5935104	python3*1 
2026-09-24T23:47:36+04:00	tsw-mirror-1m	3	151794	151646	45	12990099456	12328607744	python3*36 pt_gloo_runloop*2 ZMQbg/Reaper*2 ZMQbg/IO/0*2 pt_tcpstore_uv*1 cuda0000240000a*1 
2026-09-24T23:47:36+04:00	tsw-mirror-1m	3	151795	151646	57	1286799360	1010475008	python3*49 ZMQbg/Reaper*4 ZMQbg/IO/0*4 
2026-09-24T23:47:49+04:00	tsw-mirror-1m	3	151630	488	2	24834048	6008832	uv*1 main2*1 
2026-09-24T23:47:49+04:00	tsw-mirror-1m	3	151646	151630	57	1249759232	964116480	ft*51 ZMQbg/Reaper*3 ZMQbg/IO/0*3 
2026-09-24T23:47:49+04:00	tsw-mirror-1m	3	151793	151646	1	12709888	5935104	python3*1 
2026-09-24T23:47:49+04:00	tsw-mirror-1m	3	151794	151646	45	12990099456	12328607744	python3*36 pt_gloo_runloop*2 ZMQbg/Reaper*2 ZMQbg/IO/0*2 pt_tcpstore_uv*1 cuda0000240000a*1 
2026-09-24T23:47:49+04:00	tsw-mirror-1m	3	151795	151646	57	1286799360	1010475008	python3*49 ZMQbg/Reaper*4 ZMQbg/IO/0*4 
2026-09-24T23:47:59+04:00	tsw-mirror-1m	3	151630	488	2	24834048	6008832	uv*1 main2*1 
2026-09-24T23:47:59+04:00	tsw-mirror-1m	3	151646	151630	57	1249759232	964116480	ft*51 ZMQbg/Reaper*3 ZMQbg/IO/0*3 
2026-09-24T23:47:59+04:00	tsw-mirror-1m	3	151793	151646	1	12709888	5935104	python3*1 
2026-09-24T23:47:59+04:00	tsw-mirror-1m	3	151794	151646	45	12990099456	12328607744	python3*36 pt_gloo_runloop*2 ZMQbg/Reaper*2 ZMQbg/IO/0*2 pt_tcpstore_uv*1 cuda0000240000a*1 
2026-09-24T23:47:59+04:00	tsw-mirror-1m	3	151795	151646	57	1286799360	1010475008	python3*49 ZMQbg/Reaper*4 ZMQbg/IO/0*4 
2026-09-24T23:48:09+04:00	tsw-mirror-1m	3	151630	488	2	24834048	6008832	uv*1 main2*1 
2026-09-24T23:48:09+04:00	tsw-mirror-1m	3	151646	151630	57	1249759232	964116480	ft*51 ZMQbg/Reaper*3 ZMQbg/IO/0*3 
2026-09-24T23:48:09+04:00	tsw-mirror-1m	3	151793	151646	1	12709888	5935104	python3*1 
2026-09-24T23:48:09+04:00	tsw-mirror-1m	3	151794	151646	45	12990099456	12328607744	python3*36 pt_gloo_runloop*2 ZMQbg/Reaper*2 ZMQbg/IO/0*2 pt_tcpstore_uv*1 cuda0000240000a*1 
2026-09-24T23:48:09+04:00	tsw-mirror-1m	3	151795	151646	57	1286799360	1010475008	python3*49 ZMQbg/Reaper*4 ZMQbg/IO/0*4 
2026-09-24T23:48:19+04:00	tsw-mirror-1m	3	151630	488	2	24834048	6008832	uv*1 main2*1 
2026-09-24T23:48:19+04:00	tsw-mirror-1m	3	151646	151630	57	1249759232	964116480	ft*51 ZMQbg/Reaper*3 ZMQbg/IO/0*3 
2026-09-24T23:48:19+04:00	tsw-mirror-1m	3	151793	151646	1	12709888	5935104	python3*1 
2026-09-24T23:48:19+04:00	tsw-mirror-1m	3	151794	151646	45	12990099456	12328607744	python3*36 pt_gloo_runloop*2 ZMQbg/Reaper*2 ZMQbg/IO/0*2 pt_tcpstore_uv*1 cuda0000240000a*1 
2026-09-24T23:48:20+04:00	tsw-mirror-1m	3	151795	151646	57	1286799360	1010475008	python3*49 ZMQbg/Reaper*4 ZMQbg/IO/0*4 
2026-09-24T23:48:32+04:00	tsw-mirror-1m	3	151630	488	2	24834048	6008832	uv*1 main2*1 
2026-09-24T23:48:32+04:00	tsw-mirror-1m	3	151646	151630	57	1249759232	964116480	ft*51 ZMQbg/Reaper*3 ZMQbg/IO/0*3 
2026-09-24T23:48:32+04:00	tsw-mirror-1m	3	151793	151646	1	12709888	5935104	python3*1 
2026-09-24T23:48:32+04:00	tsw-mirror-1m	3	151794	151646	45	12990099456	12328607744	python3*36 pt_gloo_runloop*2 ZMQbg/Reaper*2 ZMQbg/IO/0*2 pt_tcpstore_uv*1 cuda0000240000a*1 
2026-09-24T23:48:32+04:00	tsw-mirror-1m	3	151795	151646	57	1286799360	1010475008	python3*49 ZMQbg/Reaper*4 ZMQbg/IO/0*4 
2026-09-24T23:48:43+04:00	tsw-mirror-1m	3	151630	488	2	24834048	6008832	uv*1 main2*1 
2026-09-24T23:48:43+04:00	tsw-mirror-1m	3	151646	151630	57	1249759232	964116480	ft*51 ZMQbg/Reaper*3 ZMQbg/IO/0*3 
2026-09-24T23:48:43+04:00	tsw-mirror-1m	3	151793	151646	1	12709888	5935104	python3*1 
2026-09-24T23:48:43+04:00	tsw-mirror-1m	3	151794	151646	45	12990099456	12328607744	python3*36 pt_gloo_runloop*2 ZMQbg/Reaper*2 ZMQbg/IO/0*2 pt_tcpstore_uv*1 cuda0000240000a*1 
2026-09-24T23:48:43+04:00	tsw-mirror-1m	3	151795	151646	57	1286799360	1010475008	python3*49 ZMQbg/Reaper*4 ZMQbg/IO/0*4 
2026-09-24T23:48:53+04:00	tsw-mirror-1m	3	151630	488	2	24834048	6008832	uv*1 main2*1 
2026-09-24T23:48:53+04:00	tsw-mirror-1m	3	151646	151630	57	1249759232	964116480	ft*51 ZMQbg/Reaper*3 ZMQbg/IO/0*3 
2026-09-24T23:48:53+04:00	tsw-mirror-1m	3	151793	151646	1	12709888	5935104	python3*1 
2026-09-24T23:48:53+04:00	tsw-mirror-1m	3	151794	151646	45	12990099456	12328607744	python3*36 pt_gloo_runloop*2 ZMQbg/Reaper*2 ZMQbg/IO/0*2 pt_tcpstore_uv*1 cuda0000240000a*1 
2026-09-24T23:48:53+04:00	tsw-mirror-1m	3	151795	151646	57	1286799360	1010475008	python3*49 ZMQbg/Reaper*4 ZMQbg/IO/0*4 
2026-09-24T23:49:06+04:00	tsw-mirror-1m	3	151630	488	2	24834048	6008832	uv*1 main2*1 
2026-09-24T23:49:06+04:00	tsw-mirror-1m	3	151646	151630	57	1249759232	964116480	ft*51 ZMQbg/Reaper*3 ZMQbg/IO/0*3 
2026-09-24T23:49:06+04:00	tsw-mirror-1m	3	151793	151646	1	12709888	5935104	python3*1 
2026-09-24T23:49:06+04:00	tsw-mirror-1m	3	151794	151646	45	12990099456	12328607744	python3*36 pt_gloo_runloop*2 ZMQbg/Reaper*2 ZMQbg/IO/0*2 pt_tcpstore_uv*1 cuda0000240000a*1 
2026-09-24T23:49:06+04:00	tsw-mirror-1m	3	151795	151646	57	1286799360	1010475008	python3*49 ZMQbg/Reaper*4 ZMQbg/IO/0*4 
2026-09-24T23:49:16+04:00	tsw-mirror-1m	3	151630	488	2	24834048	6008832	uv*1 main2*1 
2026-09-24T23:49:16+04:00	tsw-mirror-1m	3	151646	151630	57	1249759232	964116480	ft*51 ZMQbg/Reaper*3 ZMQbg/IO/0*3 
2026-09-24T23:49:16+04:00	tsw-mirror-1m	3	151793	151646	1	12709888	5935104	python3*1 
2026-09-24T23:49:16+04:00	tsw-mirror-1m	3	151794	151646	45	12990099456	12328607744	python3*36 pt_gloo_runloop*2 ZMQbg/Reaper*2 ZMQbg/IO/0*2 pt_tcpstore_uv*1 cuda0000240000a*1 
2026-09-24T23:49:16+04:00	tsw-mirror-1m	3	151795	151646	57	1286799360	1010475008	python3*49 ZMQbg/Reaper*4 ZMQbg/IO/0*4 
2026-09-24T23:49:26+04:00	tsw-mirror-1m	3	151630	488	2	24834048	6008832	uv*1 main2*1 
2026-09-24T23:49:26+04:00	tsw-mirror-1m	3	151646	151630	57	1249759232	964116480	ft*51 ZMQbg/Reaper*3 ZMQbg/IO/0*3 
2026-09-24T23:49:26+04:00	tsw-mirror-1m	3	151793	151646	1	12709888	5935104	python3*1 
2026-09-24T23:49:26+04:00	tsw-mirror-1m	3	151794	151646	45	12990099456	12328607744	python3*36 pt_gloo_runloop*2 ZMQbg/Reaper*2 ZMQbg/IO/0*2 pt_tcpstore_uv*1 cuda0000240000a*1 
2026-09-24T23:49:26+04:00	tsw-mirror-1m	3	151795	151646	57	1286799360	1010475008	python3*49 ZMQbg/Reaper*4 ZMQbg/IO/0*4 
2026-09-24T23:49:39+04:00	tsw-mirror-1m	3	151630	488	2	24834048	6008832	uv*1 main2*1 
2026-09-24T23:49:39+04:00	tsw-mirror-1m	3	151646	151630	57	1249759232	964116480	ft*51 ZMQbg/Reaper*3 ZMQbg/IO/0*3 
2026-09-24T23:49:39+04:00	tsw-mirror-1m	3	151793	151646	1	12709888	5935104	python3*1 
2026-09-24T23:49:39+04:00	tsw-mirror-1m	3	151794	151646	45	12990099456	12328607744	python3*36 pt_gloo_runloop*2 ZMQbg/Reaper*2 ZMQbg/IO/0*2 pt_tcpstore_uv*1 cuda0000240000a*1 
2026-09-24T23:49:39+04:00	tsw-mirror-1m	3	151795	151646	57	1286799360	1010475008	python3*49 ZMQbg/Reaper*4 ZMQbg/IO/0*4 
2026-09-24T23:49:49+04:00	tsw-mirror-1m	3	151630	488	2	24834048	6008832	uv*1 main2*1 
2026-09-24T23:49:49+04:00	tsw-mirror-1m	3	151646	151630	57	1249759232	964116480	ft*51 ZMQbg/Reaper*3 ZMQbg/IO/0*3 
2026-09-24T23:49:49+04:00	tsw-mirror-1m	3	151793	151646	1	12709888	5935104	python3*1 
2026-09-24T23:49:49+04:00	tsw-mirror-1m	3	151794	151646	45	12990099456	12328607744	python3*36 pt_gloo_runloop*2 ZMQbg/Reaper*2 ZMQbg/IO/0*2 pt_tcpstore_uv*1 cuda0000240000a*1 
2026-09-24T23:49:49+04:00	tsw-mirror-1m	3	151795	151646	57	1286799360	1010475008	python3*49 ZMQbg/Reaper*4 ZMQbg/IO/0*4 
2026-09-24T23:49:59+04:00	tsw-mirror-1m	3	151630	488	2	24834048	6008832	uv*1 main2*1 
2026-09-24T23:49:59+04:00	tsw-mirror-1m	3	151646	151630	57	1249759232	964116480	ft*51 ZMQbg/Reaper*3 ZMQbg/IO/0*3 
2026-09-24T23:49:59+04:00	tsw-mirror-1m	3	151793	151646	1	12709888	5935104	python3*1 
2026-09-24T23:49:59+04:00	tsw-mirror-1m	3	151794	151646	45	12990099456	12328607744	python3*36 pt_gloo_runloop*2 ZMQbg/Reaper*2 ZMQbg/IO/0*2 pt_tcpstore_uv*1 cuda0000240000a*1 
2026-09-24T23:49:59+04:00	tsw-mirror-1m	3	151795	151646	57	1286799360	1010475008	python3*49 ZMQbg/Reaper*4 ZMQbg/IO/0*4 
2026-09-24T23:50:12+04:00	tsw-mirror-1m	3	151630	488	2	24834048	6008832	uv*1 main2*1 
2026-09-24T23:50:12+04:00	tsw-mirror-1m	3	151646	151630	57	1249759232	964116480	ft*51 ZMQbg/Reaper*3 ZMQbg/IO/0*3 
2026-09-24T23:50:12+04:00	tsw-mirror-1m	3	151793	151646	1	12709888	5935104	python3*1 
2026-09-24T23:50:12+04:00	tsw-mirror-1m	3	151794	151646	45	12990099456	12328607744	python3*36 pt_gloo_runloop*2 ZMQbg/Reaper*2 ZMQbg/IO/0*2 pt_tcpstore_uv*1 cuda0000240000a*1 
2026-09-24T23:50:12+04:00	tsw-mirror-1m	3	151795	151646	57	1286799360	1010475008	python3*49 ZMQbg/Reaper*4 ZMQbg/IO/0*4 
2026-09-24T23:50:22+04:00	tsw-mirror-1m	3	151630	488	2	24834048	6008832	uv*1 main2*1 
2026-09-24T23:50:22+04:00	tsw-mirror-1m	3	151646	151630	57	1249759232	964116480	ft*51 ZMQbg/Reaper*3 ZMQbg/IO/0*3 
2026-09-24T23:50:22+04:00	tsw-mirror-1m	3	151793	151646	1	12709888	5935104	python3*1 
2026-09-24T23:50:22+04:00	tsw-mirror-1m	3	151794	151646	45	12990099456	12328607744	python3*36 pt_gloo_runloop*2 ZMQbg/Reaper*2 ZMQbg/IO/0*2 pt_tcpstore_uv*1 cuda0000240000a*1 
2026-09-24T23:50:23+04:00	tsw-mirror-1m	3	151795	151646	57	1286799360	1010475008	python3*49 ZMQbg/Reaper*4 ZMQbg/IO/0*4 
2026-09-24T23:50:33+04:00	tsw-mirror-1m	3	151630	488	2	24834048	6008832	uv*1 main2*1 
2026-09-24T23:50:33+04:00	tsw-mirror-1m	3	151646	151630	57	1249759232	964116480	ft*51 ZMQbg/Reaper*3 ZMQbg/IO/0*3 
2026-09-24T23:50:33+04:00	tsw-mirror-1m	3	151793	151646	1	12709888	5935104	python3*1 
2026-09-24T23:50:33+04:00	tsw-mirror-1m	3	151794	151646	45	12990099456	12328607744	python3*36 pt_gloo_runloop*2 ZMQbg/Reaper*2 ZMQbg/IO/0*2 pt_tcpstore_uv*1 cuda0000240000a*1 
2026-09-24T23:50:33+04:00	tsw-mirror-1m	3	151795	151646	57	1286799360	1010475008	python3*49 ZMQbg/Reaper*4 ZMQbg/IO/0*4 
2026-09-24T23:50:46+04:00	tsw-mirror-1m	3	151630	488	2	24834048	6008832	uv*1 main2*1 
2026-09-24T23:50:46+04:00	tsw-mirror-1m	3	151646	151630	57	1249759232	964116480	ft*51 ZMQbg/Reaper*3 ZMQbg/IO/0*3 
2026-09-24T23:50:46+04:00	tsw-mirror-1m	3	151793	151646	1	12709888	5935104	python3*1 
2026-09-24T23:50:46+04:00	tsw-mirror-1m	3	151794	151646	45	12990099456	12328607744	python3*36 pt_gloo_runloop*2 ZMQbg/Reaper*2 ZMQbg/IO/0*2 pt_tcpstore_uv*1 cuda0000240000a*1 
2026-09-24T23:50:46+04:00	tsw-mirror-1m	3	151795	151646	57	1286799360	1010475008	python3*49 ZMQbg/Reaper*4 ZMQbg/IO/0*4 
2026-09-24T23:50:56+04:00	tsw-mirror-1m	3	151630	488	2	24834048	6008832	uv*1 main2*1 
2026-09-24T23:50:56+04:00	tsw-mirror-1m	3	151646	151630	57	1249759232	964116480	ft*51 ZMQbg/Reaper*3 ZMQbg/IO/0*3 
2026-09-24T23:50:56+04:00	tsw-mirror-1m	3	151793	151646	1	12709888	5935104	python3*1 
2026-09-24T23:50:56+04:00	tsw-mirror-1m	3	151794	151646	45	12990099456	12328607744	python3*36 pt_gloo_runloop*2 ZMQbg/Reaper*2 ZMQbg/IO/0*2 pt_tcpstore_uv*1 cuda0000240000a*1 
2026-09-24T23:50:56+04:00	tsw-mirror-1m	3	151795	151646	57	1286799360	1010475008	python3*49 ZMQbg/Reaper*4 ZMQbg/IO/0*4 
2026-09-24T23:51:06+04:00	tsw-mirror-1m	3	151630	488	2	24834048	6008832	uv*1 main2*1 
2026-09-24T23:51:06+04:00	tsw-mirror-1m	3	151646	151630	57	1249759232	964116480	ft*51 ZMQbg/Reaper*3 ZMQbg/IO/0*3 
2026-09-24T23:51:06+04:00	tsw-mirror-1m	3	151793	151646	1	12709888	5935104	python3*1 
2026-09-24T23:51:06+04:00	tsw-mirror-1m	3	151794	151646	45	12990099456	12328607744	python3*36 pt_gloo_runloop*2 ZMQbg/Reaper*2 ZMQbg/IO/0*2 pt_tcpstore_uv*1 cuda0000240000a*1 
2026-09-24T23:51:06+04:00	tsw-mirror-1m	3	151795	151646	57	1286799360	1010475008	python3*49 ZMQbg/Reaper*4 ZMQbg/IO/0*4 
2026-09-24T23:51:19+04:00	tsw-mirror-1m	3	151630	488	2	24834048	6008832	uv*1 main2*1 
2026-09-24T23:51:19+04:00	tsw-mirror-1m	3	151646	151630	57	1249759232	964116480	ft*51 ZMQbg/Reaper*3 ZMQbg/IO/0*3 
2026-09-24T23:51:19+04:00	tsw-mirror-1m	3	151793	151646	1	12709888	5935104	python3*1 
2026-09-24T23:51:19+04:00	tsw-mirror-1m	3	151794	151646	45	12990099456	12328607744	python3*36 pt_gloo_runloop*2 ZMQbg/Reaper*2 ZMQbg/IO/0*2 pt_tcpstore_uv*1 cuda0000240000a*1 
2026-09-24T23:51:19+04:00	tsw-mirror-1m	3	151795	151646	57	1286799360	1010475008	python3*49 ZMQbg/Reaper*4 ZMQbg/IO/0*4 
2026-09-24T23:51:29+04:00	tsw-mirror-1m	3	151630	488	2	24834048	6008832	uv*1 main2*1 
2026-09-24T23:51:29+04:00	tsw-mirror-1m	3	151646	151630	57	1249759232	964116480	ft*51 ZMQbg/Reaper*3 ZMQbg/IO/0*3 
2026-09-24T23:51:29+04:00	tsw-mirror-1m	3	151793	151646	1	12709888	5935104	python3*1 
2026-09-24T23:51:29+04:00	tsw-mirror-1m	3	151794	151646	45	12990099456	12328607744	python3*36 pt_gloo_runloop*2 ZMQbg/Reaper*2 ZMQbg/IO/0*2 pt_tcpstore_uv*1 cuda0000240000a*1 
2026-09-24T23:51:29+04:00	tsw-mirror-1m	3	151795	151646	57	1286799360	1010475008	python3*49 ZMQbg/Reaper*4 ZMQbg/IO/0*4 
2026-09-24T23:51:40+04:00	tsw-mirror-1m	3	151630	488	2	24834048	6008832	uv*1 main2*1 
2026-09-24T23:51:40+04:00	tsw-mirror-1m	3	151646	151630	57	1249759232	964116480	ft*51 ZMQbg/Reaper*3 ZMQbg/IO/0*3 
2026-09-24T23:51:40+04:00	tsw-mirror-1m	3	151793	151646	1	12709888	5935104	python3*1 
2026-09-24T23:51:40+04:00	tsw-mirror-1m	3	151794	151646	45	12990099456	12328607744	python3*36 pt_gloo_runloop*2 ZMQbg/Reaper*2 ZMQbg/IO/0*2 pt_tcpstore_uv*1 cuda0000240000a*1 
2026-09-24T23:51:40+04:00	tsw-mirror-1m	3	151795	151646	57	1286799360	1010475008	python3*49 ZMQbg/Reaper*4 ZMQbg/IO/0*4 
2026-09-24T23:51:50+04:00	tsw-mirror-1m	3	151630	488	2	24834048	6008832	uv*1 main2*1 
2026-09-24T23:51:50+04:00	tsw-mirror-1m	3	151646	151630	57	1249759232	964116480	ft*51 ZMQbg/Reaper*3 ZMQbg/IO/0*3 
2026-09-24T23:51:50+04:00	tsw-mirror-1m	3	151793	151646	1	12709888	5935104	python3*1 
2026-09-24T23:51:50+04:00	tsw-mirror-1m	3	151794	151646	45	12990099456	12328607744	python3*36 pt_gloo_runloop*2 ZMQbg/Reaper*2 ZMQbg/IO/0*2 pt_tcpstore_uv*1 cuda0000240000a*1 
2026-09-24T23:51:50+04:00	tsw-mirror-1m	3	151795	151646	57	1286799360	1010475008	python3*49 ZMQbg/Reaper*4 ZMQbg/IO/0*4 
2026-09-24T23:52:03+04:00	tsw-mirror-1m	3	151630	488	2	24834048	6008832	uv*1 main2*1 
2026-09-24T23:52:03+04:00	tsw-mirror-1m	3	151646	151630	57	1249759232	964116480	ft*51 ZMQbg/Reaper*3 ZMQbg/IO/0*3 
2026-09-24T23:52:03+04:00	tsw-mirror-1m	3	151793	151646	1	12709888	5935104	python3*1 
2026-09-24T23:52:03+04:00	tsw-mirror-1m	3	151794	151646	45	12990099456	12328607744	python3*36 pt_gloo_runloop*2 ZMQbg/Reaper*2 ZMQbg/IO/0*2 pt_tcpstore_uv*1 cuda0000240000a*1 
2026-09-24T23:52:03+04:00	tsw-mirror-1m	3	151795	151646	57	1286799360	1010475008	python3*49 ZMQbg/Reaper*4 ZMQbg/IO/0*4 
2026-09-24T23:52:13+04:00	tsw-mirror-1m	3	151630	488	2	24834048	6008832	uv*1 main2*1 
2026-09-24T23:52:13+04:00	tsw-mirror-1m	3	151646	151630	57	1249759232	964116480	ft*51 ZMQbg/Reaper*3 ZMQbg/IO/0*3 
2026-09-24T23:52:13+04:00	tsw-mirror-1m	3	151793	151646	1	12709888	5935104	python3*1 
2026-09-24T23:52:13+04:00	tsw-mirror-1m	3	151794	151646	45	12990099456	12328607744	python3*36 pt_gloo_runloop*2 ZMQbg/Reaper*2 ZMQbg/IO/0*2 pt_tcpstore_uv*1 cuda0000240000a*1 
2026-09-24T23:52:13+04:00	tsw-mirror-1m	3	151795	151646	57	1286799360	1010475008	python3*49 ZMQbg/Reaper*4 ZMQbg/IO/0*4 
2026-09-24T23:52:23+04:00	tsw-mirror-1m	3	151630	488	2	24834048	6008832	uv*1 main2*1 
2026-09-24T23:52:23+04:00	tsw-mirror-1m	3	151646	151630	57	1249759232	964116480	ft*51 ZMQbg/Reaper*3 ZMQbg/IO/0*3 
2026-09-24T23:52:23+04:00	tsw-mirror-1m	3	151793	151646	1	12709888	5935104	python3*1 
2026-09-24T23:52:23+04:00	tsw-mirror-1m	3	151794	151646	45	12990099456	12328607744	python3*36 pt_gloo_runloop*2 ZMQbg/Reaper*2 ZMQbg/IO/0*2 pt_tcpstore_uv*1 cuda0000240000a*1 
2026-09-24T23:52:23+04:00	tsw-mirror-1m	3	151795	151646	57	1286799360	1010475008	python3*49 ZMQbg/Reaper*4 ZMQbg/IO/0*4 
2026-09-24T23:52:36+04:00	tsw-mirror-1m	3	151630	488	2	24834048	6008832	uv*1 main2*1 
2026-09-24T23:52:36+04:00	tsw-mirror-1m	3	151646	151630	57	1249759232	964116480	ft*51 ZMQbg/Reaper*3 ZMQbg/IO/0*3 
2026-09-24T23:52:36+04:00	tsw-mirror-1m	3	151793	151646	1	12709888	5935104	python3*1 
2026-09-24T23:52:36+04:00	tsw-mirror-1m	3	151794	151646	45	12990099456	12328607744	python3*36 pt_gloo_runloop*2 ZMQbg/Reaper*2 ZMQbg/IO/0*2 pt_tcpstore_uv*1 cuda0000240000a*1 
2026-09-24T23:52:36+04:00	tsw-mirror-1m	3	151795	151646	57	1286799360	1010475008	python3*49 ZMQbg/Reaper*4 ZMQbg/IO/0*4 
2026-09-24T23:52:46+04:00	tsw-mirror-1m	3	151630	488	2	24834048	6008832	uv*1 main2*1 
2026-09-24T23:52:46+04:00	tsw-mirror-1m	3	151646	151630	57	1249759232	964116480	ft*51 ZMQbg/Reaper*3 ZMQbg/IO/0*3 
2026-09-24T23:52:46+04:00	tsw-mirror-1m	3	151793	151646	1	12709888	5935104	python3*1 
2026-09-24T23:52:46+04:00	tsw-mirror-1m	3	151794	151646	45	12990099456	12328607744	python3*36 pt_gloo_runloop*2 ZMQbg/Reaper*2 ZMQbg/IO/0*2 pt_tcpstore_uv*1 cuda0000240000a*1 
2026-09-24T23:52:46+04:00	tsw-mirror-1m	3	151795	151646	57	1286799360	1010475008	python3*49 ZMQbg/Reaper*4 ZMQbg/IO/0*4 
2026-09-24T23:52:57+04:00	tsw-mirror-1m	3	151630	488	2	24834048	6008832	uv*1 main2*1 
2026-09-24T23:52:57+04:00	tsw-mirror-1m	3	151646	151630	57	1249759232	964116480	ft*51 ZMQbg/Reaper*3 ZMQbg/IO/0*3 
2026-09-24T23:52:57+04:00	tsw-mirror-1m	3	151793	151646	1	12709888	5935104	python3*1 
2026-09-24T23:52:57+04:00	tsw-mirror-1m	3	151794	151646	45	12990099456	12328607744	python3*36 pt_gloo_runloop*2 ZMQbg/Reaper*2 ZMQbg/IO/0*2 pt_tcpstore_uv*1 cuda0000240000a*1 
2026-09-24T23:52:57+04:00	tsw-mirror-1m	3	151795	151646	57	1286799360	1010475008	python3*49 ZMQbg/Reaper*4 ZMQbg/IO/0*4 
2026-09-24T23:53:10+04:00	tsw-mirror-1m	3	151630	488	2	24834048	6008832	uv*1 main2*1 
2026-09-24T23:53:10+04:00	tsw-mirror-1m	3	151646	151630	57	1249759232	964116480	ft*51 ZMQbg/Reaper*3 ZMQbg/IO/0*3 
2026-09-24T23:53:10+04:00	tsw-mirror-1m	3	151793	151646	1	12709888	5935104	python3*1 
2026-09-24T23:53:10+04:00	tsw-mirror-1m	3	151794	151646	45	12990099456	12328607744	python3*36 pt_gloo_runloop*2 ZMQbg/Reaper*2 ZMQbg/IO/0*2 pt_tcpstore_uv*1 cuda0000240000a*1 
2026-09-24T23:53:10+04:00	tsw-mirror-1m	3	151795	151646	57	1286799360	1010475008	python3*49 ZMQbg/Reaper*4 ZMQbg/IO/0*4 
2026-09-24T23:53:20+04:00	tsw-mirror-1m	3	151630	488	2	24834048	6008832	uv*1 main2*1 
2026-09-24T23:53:20+04:00	tsw-mirror-1m	3	151646	151630	57	1249759232	964116480	ft*51 ZMQbg/Reaper*3 ZMQbg/IO/0*3 
2026-09-24T23:53:20+04:00	tsw-mirror-1m	3	151793	151646	1	12709888	5935104	python3*1 
2026-09-24T23:53:20+04:00	tsw-mirror-1m	3	151794	151646	45	12990099456	12328607744	python3*36 pt_gloo_runloop*2 ZMQbg/Reaper*2 ZMQbg/IO/0*2 pt_tcpstore_uv*1 cuda0000240000a*1 
2026-09-24T23:53:20+04:00	tsw-mirror-1m	3	151795	151646	57	1286799360	1010475008	python3*49 ZMQbg/Reaper*4 ZMQbg/IO/0*4 
2026-09-24T23:53:30+04:00	tsw-mirror-1m	3	151630	488	2	24834048	6008832	uv*1 main2*1 
2026-09-24T23:53:30+04:00	tsw-mirror-1m	3	151646	151630	57	1249759232	964116480	ft*51 ZMQbg/Reaper*3 ZMQbg/IO/0*3 
2026-09-24T23:53:30+04:00	tsw-mirror-1m	3	151793	151646	1	12709888	5935104	python3*1 
2026-09-24T23:53:30+04:00	tsw-mirror-1m	3	151794	151646	45	12990099456	12328607744	python3*36 pt_gloo_runloop*2 ZMQbg/Reaper*2 ZMQbg/IO/0*2 pt_tcpstore_uv*1 cuda0000240000a*1 
2026-09-24T23:53:30+04:00	tsw-mirror-1m	3	151795	151646	57	1286799360	1010475008	python3*49 ZMQbg/Reaper*4 ZMQbg/IO/0*4 
2026-09-24T23:53:43+04:00	tsw-mirror-1m	3	151630	488	2	24834048	6008832	uv*1 main2*1 
2026-09-24T23:53:43+04:00	tsw-mirror-1m	3	151646	151630	57	1249759232	964116480	ft*51 ZMQbg/Reaper*3 ZMQbg/IO/0*3 
2026-09-24T23:53:43+04:00	tsw-mirror-1m	3	151793	151646	1	12709888	5935104	python3*1 
2026-09-24T23:53:43+04:00	tsw-mirror-1m	3	151794	151646	45	12990099456	12328607744	python3*36 pt_gloo_runloop*2 ZMQbg/Reaper*2 ZMQbg/IO/0*2 pt_tcpstore_uv*1 cuda0000240000a*1 
2026-09-24T23:53:43+04:00	tsw-mirror-1m	3	151795	151646	57	1286799360	1010475008	python3*49 ZMQbg/Reaper*4 ZMQbg/IO/0*4 
2026-09-24T23:53:53+04:00	tsw-mirror-1m	3	151630	488	2	24834048	6008832	uv*1 main2*1 
2026-09-24T23:53:53+04:00	tsw-mirror-1m	3	151646	151630	57	1249759232	964116480	ft*51 ZMQbg/Reaper*3 ZMQbg/IO/0*3 
2026-09-24T23:53:53+04:00	tsw-mirror-1m	3	151793	151646	1	12709888	5935104	python3*1 
2026-09-24T23:53:53+04:00	tsw-mirror-1m	3	151794	151646	45	12990099456	12328607744	python3*36 pt_gloo_runloop*2 ZMQbg/Reaper*2 ZMQbg/IO/0*2 pt_tcpstore_uv*1 cuda0000240000a*1 
2026-09-24T23:53:54+04:00	tsw-mirror-1m	3	151795	151646	57	1286799360	1010475008	python3*49 ZMQbg/Reaper*4 ZMQbg/IO/0*4 
2026-09-24T23:54:04+04:00	tsw-mirror-1m	3	151630	488	2	24834048	6008832	uv*1 main2*1 
2026-09-24T23:54:04+04:00	tsw-mirror-1m	3	151646	151630	57	1249759232	964116480	ft*51 ZMQbg/Reaper*3 ZMQbg/IO/0*3 
2026-09-24T23:54:04+04:00	tsw-mirror-1m	3	151793	151646	1	12709888	5935104	python3*1 
2026-09-24T23:54:04+04:00	tsw-mirror-1m	3	151794	151646	45	12990099456	12328607744	python3*36 pt_gloo_runloop*2 ZMQbg/Reaper*2 ZMQbg/IO/0*2 pt_tcpstore_uv*1 cuda0000240000a*1 
2026-09-24T23:54:04+04:00	tsw-mirror-1m	3	151795	151646	57	1286799360	1010475008	python3*49 ZMQbg/Reaper*4 ZMQbg/IO/0*4 
2026-09-24T23:54:17+04:00	tsw-mirror-1m	3	151630	488	2	24834048	6008832	uv*1 main2*1 
2026-09-24T23:54:17+04:00	tsw-mirror-1m	3	151646	151630	57	1249759232	964116480	ft*51 ZMQbg/Reaper*3 ZMQbg/IO/0*3 
2026-09-24T23:54:17+04:00	tsw-mirror-1m	3	151793	151646	1	12709888	5935104	python3*1 
2026-09-24T23:54:17+04:00	tsw-mirror-1m	3	151794	151646	45	12990099456	12328607744	python3*36 pt_gloo_runloop*2 ZMQbg/Reaper*2 ZMQbg/IO/0*2 pt_tcpstore_uv*1 cuda0000240000a*1 
2026-09-24T23:54:17+04:00	tsw-mirror-1m	3	151795	151646	57	1286799360	1010475008	python3*49 ZMQbg/Reaper*4 ZMQbg/IO/0*4 
2026-09-24T23:54:27+04:00	tsw-mirror-1m	3	151630	488	2	24834048	6008832	uv*1 main2*1 
2026-09-24T23:54:27+04:00	tsw-mirror-1m	3	151646	151630	57	1249759232	964116480	ft*51 ZMQbg/Reaper*3 ZMQbg/IO/0*3 
2026-09-24T23:54:27+04:00	tsw-mirror-1m	3	151793	151646	1	12709888	5935104	python3*1 
2026-09-24T23:54:27+04:00	tsw-mirror-1m	3	151794	151646	45	12990099456	12328607744	python3*36 pt_gloo_runloop*2 ZMQbg/Reaper*2 ZMQbg/IO/0*2 pt_tcpstore_uv*1 cuda0000240000a*1 
2026-09-24T23:54:27+04:00	tsw-mirror-1m	3	151795	151646	57	1286799360	1010475008	python3*49 ZMQbg/Reaper*4 ZMQbg/IO/0*4 
2026-09-24T23:54:37+04:00	tsw-mirror-1m	3	151630	488	2	24834048	6008832	uv*1 main2*1 
2026-09-24T23:54:37+04:00	tsw-mirror-1m	3	151646	151630	57	1249759232	964116480	ft*51 ZMQbg/Reaper*3 ZMQbg/IO/0*3 
2026-09-24T23:54:37+04:00	tsw-mirror-1m	3	151793	151646	1	12709888	5935104	python3*1 
2026-09-24T23:54:37+04:00	tsw-mirror-1m	3	151794	151646	45	12990099456	12328607744	python3*36 pt_gloo_runloop*2 ZMQbg/Reaper*2 ZMQbg/IO/0*2 pt_tcpstore_uv*1 cuda0000240000a*1 
2026-09-24T23:54:37+04:00	tsw-mirror-1m	3	151795	151646	57	1286799360	1010475008	python3*49 ZMQbg/Reaper*4 ZMQbg/IO/0*4 
2026-09-24T23:54:50+04:00	tsw-mirror-1m	3	151630	488	2	24834048	6008832	uv*1 main2*1 
2026-09-24T23:54:50+04:00	tsw-mirror-1m	3	151646	151630	57	1249759232	964116480	ft*51 ZMQbg/Reaper*3 ZMQbg/IO/0*3 
2026-09-24T23:54:50+04:00	tsw-mirror-1m	3	151793	151646	1	12709888	5935104	python3*1 
2026-09-24T23:54:50+04:00	tsw-mirror-1m	3	151794	151646	45	12990099456	12328607744	python3*36 pt_gloo_runloop*2 ZMQbg/Reaper*2 ZMQbg/IO/0*2 pt_tcpstore_uv*1 cuda0000240000a*1 
2026-09-24T23:54:50+04:00	tsw-mirror-1m	3	151795	151646	57	1286799360	1010475008	python3*49 ZMQbg/Reaper*4 ZMQbg/IO/0*4 
2026-09-24T23:55:00+04:00	tsw-mirror-1m	3	151630	488	2	24834048	6008832	uv*1 main2*1 
2026-09-24T23:55:00+04:00	tsw-mirror-1m	3	151646	151630	57	1249759232	964116480	ft*51 ZMQbg/Reaper*3 ZMQbg/IO/0*3 
2026-09-24T23:55:00+04:00	tsw-mirror-1m	3	151793	151646	1	12709888	5935104	python3*1 
2026-09-24T23:55:00+04:00	tsw-mirror-1m	3	151794	151646	45	12990099456	12328607744	python3*36 pt_gloo_runloop*2 ZMQbg/Reaper*2 ZMQbg/IO/0*2 pt_tcpstore_uv*1 cuda0000240000a*1 
2026-09-24T23:55:00+04:00	tsw-mirror-1m	3	151795	151646	57	1286799360	1010475008	python3*49 ZMQbg/Reaper*4 ZMQbg/IO/0*4 
2026-09-24T23:55:10+04:00	tsw-mirror-1m	3	151630	488	2	24834048	6008832	uv*1 main2*1 
2026-09-24T23:55:10+04:00	tsw-mirror-1m	3	151646	151630	57	1249759232	964116480	ft*51 ZMQbg/Reaper*3 ZMQbg/IO/0*3 
2026-09-24T23:55:10+04:00	tsw-mirror-1m	3	151793	151646	1	12709888	5935104	python3*1 
2026-09-24T23:55:10+04:00	tsw-mirror-1m	3	151794	151646	45	12990099456	12328607744	python3*36 pt_gloo_runloop*2 ZMQbg/Reaper*2 ZMQbg/IO/0*2 pt_tcpstore_uv*1 cuda0000240000a*1 
2026-09-24T23:55:11+04:00	tsw-mirror-1m	3	151795	151646	57	1286799360	1010475008	python3*49 ZMQbg/Reaper*4 ZMQbg/IO/0*4 
2026-09-24T23:55:21+04:00	tsw-mirror-1m	3	151630	488	2	24834048	6008832	uv*1 main2*1 
2026-09-24T23:55:21+04:00	tsw-mirror-1m	3	151646	151630	57	1249759232	964116480	ft*51 ZMQbg/Reaper*3 ZMQbg/IO/0*3 
2026-09-24T23:55:24+04:00	tsw-mirror-1m	3	151793	151646	1	12709888	5935104	python3*1 
2026-09-24T23:55:24+04:00	tsw-mirror-1m	3	151794	151646	45	12990099456	12328607744	python3*36 pt_gloo_runloop*2 ZMQbg/Reaper*2 ZMQbg/IO/0*2 pt_tcpstore_uv*1 cuda0000240000a*1 
2026-09-24T23:55:24+04:00	tsw-mirror-1m	3	151795	151646	57	1286799360	1010475008	python3*49 ZMQbg/Reaper*4 ZMQbg/IO/0*4 
2026-09-24T23:55:34+04:00	tsw-mirror-1m	3	151630	488	2	24834048	6008832	uv*1 main2*1 
2026-09-24T23:55:34+04:00	tsw-mirror-1m	3	151646	151630	57	1249759232	964116480	ft*51 ZMQbg/Reaper*3 ZMQbg/IO/0*3 
2026-09-24T23:55:34+04:00	tsw-mirror-1m	3	151793	151646	1	12709888	5935104	python3*1 
2026-09-24T23:55:34+04:00	tsw-mirror-1m	3	151794	151646	45	12990099456	12328607744	python3*36 pt_gloo_runloop*2 ZMQbg/Reaper*2 ZMQbg/IO/0*2 pt_tcpstore_uv*1 cuda0000240000a*1 
2026-09-24T23:55:34+04:00	tsw-mirror-1m	3	151795	151646	57	1286799360	1010475008	python3*49 ZMQbg/Reaper*4 ZMQbg/IO/0*4 
2026-09-24T23:55:44+04:00	tsw-mirror-1m	3	151630	488	2	24834048	6008832	uv*1 main2*1 
2026-09-24T23:55:44+04:00	tsw-mirror-1m	3	151646	151630	57	1249759232	964116480	ft*51 ZMQbg/Reaper*3 ZMQbg/IO/0*3 
2026-09-24T23:55:44+04:00	tsw-mirror-1m	3	151793	151646	1	12709888	5935104	python3*1 
2026-09-24T23:55:44+04:00	tsw-mirror-1m	3	151794	151646	45	12990099456	12328607744	python3*36 pt_gloo_runloop*2 ZMQbg/Reaper*2 ZMQbg/IO/0*2 pt_tcpstore_uv*1 cuda0000240000a*1 
2026-09-24T23:55:44+04:00	tsw-mirror-1m	3	151795	151646	57	1286799360	1010475008	python3*49 ZMQbg/Reaper*4 ZMQbg/IO/0*4 
2026-09-24T23:55:54+04:00	tsw-mirror-1m	3	151630	488	2	24834048	6008832	uv*1 main2*1 
2026-09-24T23:55:54+04:00	tsw-mirror-1m	3	151646	151630	57	1249759232	964116480	ft*51 ZMQbg/Reaper*3 ZMQbg/IO/0*3 
2026-09-24T23:55:54+04:00	tsw-mirror-1m	3	151793	151646	1	12709888	5935104	python3*1 
2026-09-24T23:55:54+04:00	tsw-mirror-1m	3	151794	151646	45	12990099456	12328607744	python3*36 pt_gloo_runloop*2 ZMQbg/Reaper*2 ZMQbg/IO/0*2 pt_tcpstore_uv*1 cuda0000240000a*1 
2026-09-24T23:55:54+04:00	tsw-mirror-1m	3	151795	151646	57	1286799360	1010475008	python3*49 ZMQbg/Reaper*4 ZMQbg/IO/0*4 
2026-09-24T23:56:07+04:00	tsw-mirror-1m	3	151630	488	2	24834048	6008832	uv*1 main2*1 
2026-09-24T23:56:07+04:00	tsw-mirror-1m	3	151646	151630	57	1249759232	964116480	ft*51 ZMQbg/Reaper*3 ZMQbg/IO/0*3 
2026-09-24T23:56:07+04:00	tsw-mirror-1m	3	151793	151646	1	12709888	5935104	python3*1 
2026-09-24T23:56:07+04:00	tsw-mirror-1m	3	151794	151646	45	12990099456	12328607744	python3*36 pt_gloo_runloop*2 ZMQbg/Reaper*2 ZMQbg/IO/0*2 pt_tcpstore_uv*1 cuda0000240000a*1 
2026-09-24T23:56:07+04:00	tsw-mirror-1m	3	151795	151646	57	1286799360	1010475008	python3*49 ZMQbg/Reaper*4 ZMQbg/IO/0*4 
2026-09-24T23:56:17+04:00	tsw-mirror-1m	3	151630	488	2	24834048	6008832	uv*1 main2*1 
2026-09-24T23:56:17+04:00	tsw-mirror-1m	3	151646	151630	57	1249759232	964116480	ft*51 ZMQbg/Reaper*3 ZMQbg/IO/0*3 
2026-09-24T23:56:17+04:00	tsw-mirror-1m	3	151793	151646	1	12709888	5935104	python3*1 
2026-09-24T23:56:17+04:00	tsw-mirror-1m	3	151794	151646	45	12990099456	12328607744	python3*36 pt_gloo_runloop*2 ZMQbg/Reaper*2 ZMQbg/IO/0*2 pt_tcpstore_uv*1 cuda0000240000a*1 
2026-09-24T23:56:17+04:00	tsw-mirror-1m	3	151795	151646	57	1286799360	1010475008	python3*49 ZMQbg/Reaper*4 ZMQbg/IO/0*4 
2026-09-24T23:56:27+04:00	tsw-mirror-1m	3	151630	488	2	24834048	6008832	uv*1 main2*1 
2026-09-24T23:56:27+04:00	tsw-mirror-1m	3	151646	151630	57	1249759232	964116480	ft*51 ZMQbg/Reaper*3 ZMQbg/IO/0*3 
2026-09-24T23:56:27+04:00	tsw-mirror-1m	3	151793	151646	1	12709888	5935104	python3*1 
2026-09-24T23:56:27+04:00	tsw-mirror-1m	3	151794	151646	45	12990099456	12328607744	python3*36 pt_gloo_runloop*2 ZMQbg/Reaper*2 ZMQbg/IO/0*2 pt_tcpstore_uv*1 cuda0000240000a*1 
2026-09-24T23:56:27+04:00	tsw-mirror-1m	3	151795	151646	57	1286799360	1010475008	python3*49 ZMQbg/Reaper*4 ZMQbg/IO/0*4 
2026-09-24T23:56:40+04:00	tsw-mirror-1m	3	151630	488	2	24834048	6008832	uv*1 main2*1 
2026-09-24T23:56:40+04:00	tsw-mirror-1m	3	151646	151630	57	1249759232	964116480	ft*51 ZMQbg/Reaper*3 ZMQbg/IO/0*3 
2026-09-24T23:56:40+04:00	tsw-mirror-1m	3	151793	151646	1	12709888	5935104	python3*1 
2026-09-24T23:56:40+04:00	tsw-mirror-1m	3	151794	151646	45	12990099456	12328607744	python3*36 pt_gloo_runloop*2 ZMQbg/Reaper*2 ZMQbg/IO/0*2 pt_tcpstore_uv*1 cuda0000240000a*1 
2026-09-24T23:56:40+04:00	tsw-mirror-1m	3	151795	151646	57	1286799360	1010475008	python3*49 ZMQbg/Reaper*4 ZMQbg/IO/0*4 
2026-09-24T23:56:50+04:00	tsw-mirror-1m	3	151630	488	2	24834048	6008832	uv*1 main2*1 
2026-09-24T23:56:50+04:00	tsw-mirror-1m	3	151646	151630	57	1249759232	964116480	ft*51 ZMQbg/Reaper*3 ZMQbg/IO/0*3 
2026-09-24T23:56:50+04:00	tsw-mirror-1m	3	151793	151646	1	12709888	5935104	python3*1 
2026-09-24T23:56:50+04:00	tsw-mirror-1m	3	151794	151646	45	12990099456	12328607744	python3*36 pt_gloo_runloop*2 ZMQbg/Reaper*2 ZMQbg/IO/0*2 pt_tcpstore_uv*1 cuda0000240000a*1 
2026-09-24T23:56:50+04:00	tsw-mirror-1m	3	151795	151646	57	1286799360	1010475008	python3*49 ZMQbg/Reaper*4 ZMQbg/IO/0*4 
2026-09-24T23:57:01+04:00	tsw-mirror-1m	3	151630	488	2	24834048	6008832	uv*1 main2*1 
2026-09-24T23:57:01+04:00	tsw-mirror-1m	3	151646	151630	57	1249759232	964116480	ft*51 ZMQbg/Reaper*3 ZMQbg/IO/0*3 
2026-09-24T23:57:01+04:00	tsw-mirror-1m	3	151793	151646	1	12709888	5935104	python3*1 
2026-09-24T23:57:01+04:00	tsw-mirror-1m	3	151794	151646	45	12990099456	12328607744	python3*36 pt_gloo_runloop*2 ZMQbg/Reaper*2 ZMQbg/IO/0*2 pt_tcpstore_uv*1 cuda0000240000a*1 
2026-09-24T23:57:01+04:00	tsw-mirror-1m	3	151795	151646	57	1286799360	1010475008	python3*49 ZMQbg/Reaper*4 ZMQbg/IO/0*4 
2026-09-24T23:57:13+04:00	tsw-mirror-1m	3	151630	488	2	24834048	6008832	uv*1 main2*1 
2026-09-24T23:57:13+04:00	tsw-mirror-1m	3	151646	151630	57	1249759232	964116480	ft*51 ZMQbg/Reaper*3 ZMQbg/IO/0*3 
2026-09-24T23:57:14+04:00	tsw-mirror-1m	3	151793	151646	1	12709888	5935104	python3*1 
2026-09-24T23:57:14+04:00	tsw-mirror-1m	3	151794	151646	45	12990099456	12328607744	python3*36 pt_gloo_runloop*2 ZMQbg/Reaper*2 ZMQbg/IO/0*2 pt_tcpstore_uv*1 cuda0000240000a*1 
2026-09-24T23:57:14+04:00	tsw-mirror-1m	3	151795	151646	57	1286799360	1010475008	python3*49 ZMQbg/Reaper*4 ZMQbg/IO/0*4 
2026-09-24T23:57:24+04:00	tsw-mirror-1m	3	151630	488	2	24834048	6008832	uv*1 main2*1 
2026-09-24T23:57:24+04:00	tsw-mirror-1m	3	151646	151630	57	1249759232	964116480	ft*51 ZMQbg/Reaper*3 ZMQbg/IO/0*3 
2026-09-24T23:57:24+04:00	tsw-mirror-1m	3	151793	151646	1	12709888	5935104	python3*1 
2026-09-24T23:57:24+04:00	tsw-mirror-1m	3	151794	151646	45	12990099456	12328607744	python3*36 pt_gloo_runloop*2 ZMQbg/Reaper*2 ZMQbg/IO/0*2 pt_tcpstore_uv*1 cuda0000240000a*1 
2026-09-24T23:57:24+04:00	tsw-mirror-1m	3	151795	151646	57	1286799360	1010475008	python3*49 ZMQbg/Reaper*4 ZMQbg/IO/0*4 
2026-09-24T23:57:34+04:00	tsw-mirror-1m	3	151630	488	2	24834048	6008832	uv*1 main2*1 
2026-09-24T23:57:34+04:00	tsw-mirror-1m	3	151646	151630	57	1249759232	964116480	ft*51 ZMQbg/Reaper*3 ZMQbg/IO/0*3 
2026-09-24T23:57:34+04:00	tsw-mirror-1m	3	151793	151646	1	12709888	5935104	python3*1 
2026-09-24T23:57:34+04:00	tsw-mirror-1m	3	151794	151646	45	12990099456	12328607744	python3*36 pt_gloo_runloop*2 ZMQbg/Reaper*2 ZMQbg/IO/0*2 pt_tcpstore_uv*1 cuda0000240000a*1 
2026-09-24T23:57:34+04:00	tsw-mirror-1m	3	151795	151646	57	1286799360	1010475008	python3*49 ZMQbg/Reaper*4 ZMQbg/IO/0*4 
2026-09-24T23:57:47+04:00	tsw-mirror-1m	3	151630	488	2	24834048	6008832	uv*1 main2*1 
2026-09-24T23:57:47+04:00	tsw-mirror-1m	3	151646	151630	57	1249759232	964116480	ft*51 ZMQbg/Reaper*3 ZMQbg/IO/0*3 
2026-09-24T23:57:47+04:00	tsw-mirror-1m	3	151793	151646	1	12709888	5935104	python3*1 
2026-09-24T23:57:47+04:00	tsw-mirror-1m	3	151794	151646	45	12990099456	12328607744	python3*36 pt_gloo_runloop*2 ZMQbg/Reaper*2 ZMQbg/IO/0*2 pt_tcpstore_uv*1 cuda0000240000a*1 
2026-09-24T23:57:47+04:00	tsw-mirror-1m	3	151795	151646	57	1286799360	1010475008	python3*49 ZMQbg/Reaper*4 ZMQbg/IO/0*4 
2026-09-24T23:57:57+04:00	tsw-mirror-1m	3	151630	488	2	24834048	6008832	uv*1 main2*1 
2026-09-24T23:57:57+04:00	tsw-mirror-1m	3	151646	151630	57	1249759232	964116480	ft*51 ZMQbg/Reaper*3 ZMQbg/IO/0*3 
2026-09-24T23:57:57+04:00	tsw-mirror-1m	3	151793	151646	1	12709888	5935104	python3*1 
2026-09-24T23:57:57+04:00	tsw-mirror-1m	3	151794	151646	45	12990099456	12328607744	python3*36 pt_gloo_runloop*2 ZMQbg/Reaper*2 ZMQbg/IO/0*2 pt_tcpstore_uv*1 cuda0000240000a*1 
2026-09-24T23:57:57+04:00	tsw-mirror-1m	3	151795	151646	57	1286799360	1010475008	python3*49 ZMQbg/Reaper*4 ZMQbg/IO/0*4 
2026-09-24T23:58:07+04:00	tsw-mirror-1m	3	151630	488	2	24834048	6008832	uv*1 main2*1 
2026-09-24T23:58:07+04:00	tsw-mirror-1m	3	151646	151630	57	1249759232	964116480	ft*51 ZMQbg/Reaper*3 ZMQbg/IO/0*3 
2026-09-24T23:58:07+04:00	tsw-mirror-1m	3	151793	151646	1	12709888	5935104	python3*1 
2026-09-24T23:58:08+04:00	tsw-mirror-1m	3	151794	151646	45	12990099456	12328607744	python3*36 pt_gloo_runloop*2 ZMQbg/Reaper*2 ZMQbg/IO/0*2 pt_tcpstore_uv*1 cuda0000240000a*1 
2026-09-24T23:58:08+04:00	tsw-mirror-1m	3	151795	151646	57	1286799360	1010475008	python3*49 ZMQbg/Reaper*4 ZMQbg/IO/0*4 
2026-09-24T23:58:21+04:00	tsw-mirror-1m	3	151630	488	2	24834048	6008832	uv*1 main2*1 
2026-09-24T23:58:21+04:00	tsw-mirror-1m	3	151646	151630	57	1249759232	964116480	ft*51 ZMQbg/Reaper*3 ZMQbg/IO/0*3 
2026-09-24T23:58:21+04:00	tsw-mirror-1m	3	151793	151646	1	12709888	5935104	python3*1 
2026-09-24T23:58:21+04:00	tsw-mirror-1m	3	151794	151646	45	12990099456	12328607744	python3*36 pt_gloo_runloop*2 ZMQbg/Reaper*2 ZMQbg/IO/0*2 pt_tcpstore_uv*1 cuda0000240000a*1 
2026-09-24T23:58:21+04:00	tsw-mirror-1m	3	151795	151646	57	1286799360	1010475008	python3*49 ZMQbg/Reaper*4 ZMQbg/IO/0*4 
2026-09-24T23:58:31+04:00	tsw-mirror-1m	3	151630	488	2	24834048	6008832	uv*1 main2*1 
2026-09-24T23:58:31+04:00	tsw-mirror-1m	3	151646	151630	57	1249759232	964116480	ft*51 ZMQbg/Reaper*3 ZMQbg/IO/0*3 
2026-09-24T23:58:31+04:00	tsw-mirror-1m	3	151793	151646	1	12709888	5935104	python3*1 
2026-09-24T23:58:31+04:00	tsw-mirror-1m	3	151794	151646	45	12990099456	12328607744	python3*36 pt_gloo_runloop*2 ZMQbg/Reaper*2 ZMQbg/IO/0*2 pt_tcpstore_uv*1 cuda0000240000a*1 
2026-09-24T23:58:31+04:00	tsw-mirror-1m	3	151795	151646	57	1286799360	1010475008	python3*49 ZMQbg/Reaper*4 ZMQbg/IO/0*4 
2026-09-24T23:58:41+04:00	tsw-mirror-1m	3	151630	488	2	24834048	6008832	uv*1 main2*1 
2026-09-24T23:58:41+04:00	tsw-mirror-1m	3	151646	151630	57	1249759232	964116480	ft*51 ZMQbg/Reaper*3 ZMQbg/IO/0*3 
2026-09-24T23:58:41+04:00	tsw-mirror-1m	3	151793	151646	1	12709888	5935104	python3*1 
2026-09-24T23:58:41+04:00	tsw-mirror-1m	3	151794	151646	45	12990099456	12328607744	python3*36 pt_gloo_runloop*2 ZMQbg/Reaper*2 ZMQbg/IO/0*2 pt_tcpstore_uv*1 cuda0000240000a*1 
2026-09-24T23:58:41+04:00	tsw-mirror-1m	3	151795	151646	57	1286799360	1010475008	python3*49 ZMQbg/Reaper*4 ZMQbg/IO/0*4 
2026-09-24T23:58:54+04:00	tsw-mirror-1m	3	151630	488	2	24834048	6008832	uv*1 main2*1 
2026-09-24T23:58:54+04:00	tsw-mirror-1m	3	151646	151630	57	1249759232	964116480	ft*51 ZMQbg/Reaper*3 ZMQbg/IO/0*3 
2026-09-24T23:58:54+04:00	tsw-mirror-1m	3	151793	151646	1	12709888	5935104	python3*1 
2026-09-24T23:58:54+04:00	tsw-mirror-1m	3	151794	151646	45	12990099456	12328607744	python3*36 pt_gloo_runloop*2 ZMQbg/Reaper*2 ZMQbg/IO/0*2 pt_tcpstore_uv*1 cuda0000240000a*1 
2026-09-24T23:58:54+04:00	tsw-mirror-1m	3	151795	151646	57	1286799360	1010475008	python3*49 ZMQbg/Reaper*4 ZMQbg/IO/0*4 
2026-09-24T23:59:04+04:00	tsw-mirror-1m	3	151630	488	2	24834048	6008832	uv*1 main2*1 
2026-09-24T23:59:04+04:00	tsw-mirror-1m	3	151646	151630	57	1249759232	964116480	ft*51 ZMQbg/Reaper*3 ZMQbg/IO/0*3 
2026-09-24T23:59:04+04:00	tsw-mirror-1m	3	151793	151646	1	12709888	5935104	python3*1 
2026-09-24T23:59:04+04:00	tsw-mirror-1m	3	151794	151646	45	12990099456	12328607744	python3*36 pt_gloo_runloop*2 ZMQbg/Reaper*2 ZMQbg/IO/0*2 pt_tcpstore_uv*1 cuda0000240000a*1 
2026-09-24T23:59:04+04:00	tsw-mirror-1m	3	151795	151646	57	1286799360	1010475008	python3*49 ZMQbg/Reaper*4 ZMQbg/IO/0*4 
2026-09-24T23:59:14+04:00	tsw-mirror-1m	3	151630	488	2	24834048	6008832	uv*1 main2*1 
2026-09-24T23:59:14+04:00	tsw-mirror-1m	3	151646	151630	57	1249759232	964116480	ft*51 ZMQbg/Reaper*3 ZMQbg/IO/0*3 
2026-09-24T23:59:14+04:00	tsw-mirror-1m	3	151793	151646	1	12709888	5935104	python3*1 
2026-09-24T23:59:14+04:00	tsw-mirror-1m	3	151794	151646	45	12990099456	12328607744	python3*36 pt_gloo_runloop*2 ZMQbg/Reaper*2 ZMQbg/IO/0*2 pt_tcpstore_uv*1 cuda0000240000a*1 
2026-09-24T23:59:15+04:00	tsw-mirror-1m	3	151795	151646	57	1286799360	1010475008	python3*49 ZMQbg/Reaper*4 ZMQbg/IO/0*4 
2026-09-24T23:59:25+04:00	tsw-mirror-1m	3	151630	488	2	24834048	6008832	uv*1 main2*1 
2026-09-24T23:59:25+04:00	tsw-mirror-1m	3	151646	151630	57	1249759232	964116480	ft*51 ZMQbg/Reaper*3 ZMQbg/IO/0*3 
2026-09-24T23:59:25+04:00	tsw-mirror-1m	3	151793	151646	1	12709888	5935104	python3*1 
2026-09-24T23:59:25+04:00	tsw-mirror-1m	3	151794	151646	45	12990099456	12328607744	python3*36 pt_gloo_runloop*2 ZMQbg/Reaper*2 ZMQbg/IO/0*2 pt_tcpstore_uv*1 cuda0000240000a*1 
2026-09-24T23:59:25+04:00	tsw-mirror-1m	3	151795	151646	57	1286799360	1010475008	python3*49 ZMQbg/Reaper*4 ZMQbg/IO/0*4 
2026-09-24T23:59:38+04:00	tsw-mirror-1m	3	151630	488	2	24834048	6008832	uv*1 main2*1 
2026-09-24T23:59:38+04:00	tsw-mirror-1m	3	151646	151630	57	1249759232	964116480	ft*51 ZMQbg/Reaper*3 ZMQbg/IO/0*3 
2026-09-24T23:59:38+04:00	tsw-mirror-1m	3	151793	151646	1	12709888	5935104	python3*1 
2026-09-24T23:59:38+04:00	tsw-mirror-1m	3	151794	151646	45	12990099456	12328607744	python3*36 pt_gloo_runloop*2 ZMQbg/Reaper*2 ZMQbg/IO/0*2 pt_tcpstore_uv*1 cuda0000240000a*1 
2026-09-24T23:59:38+04:00	tsw-mirror-1m	3	151795	151646	57	1286799360	1010475008	python3*49 ZMQbg/Reaper*4 ZMQbg/IO/0*4 
2026-09-24T23:59:48+04:00	tsw-mirror-1m	3	151630	488	2	24834048	6008832	uv*1 main2*1 
2026-09-24T23:59:48+04:00	tsw-mirror-1m	3	151646	151630	57	1249759232	964116480	ft*51 ZMQbg/Reaper*3 ZMQbg/IO/0*3 
2026-09-24T23:59:48+04:00	tsw-mirror-1m	3	151793	151646	1	12709888	5935104	python3*1 
2026-09-24T23:59:48+04:00	tsw-mirror-1m	3	151794	151646	45	12990099456	12328607744	python3*36 pt_gloo_runloop*2 ZMQbg/Reaper*2 ZMQbg/IO/0*2 pt_tcpstore_uv*1 cuda0000240000a*1 
2026-09-24T23:59:48+04:00	tsw-mirror-1m	3	151795	151646	57	1286799360	1010475008	python3*49 ZMQbg/Reaper*4 ZMQbg/IO/0*4 
2026-09-24T23:59:58+04:00	tsw-mirror-1m	3	151630	488	2	24834048	6008832	uv*1 main2*1 
2026-09-24T23:59:58+04:00	tsw-mirror-1m	3	151646	151630	57	1249759232	964116480	ft*51 ZMQbg/Reaper*3 ZMQbg/IO/0*3 
2026-09-24T23:59:58+04:00	tsw-mirror-1m	3	151793	151646	1	12709888	5935104	python3*1 
2026-09-24T23:59:58+04:00	tsw-mirror-1m	3	151794	151646	45	12990099456	12328607744	python3*36 pt_gloo_runloop*2 ZMQbg/Reaper*2 ZMQbg/IO/0*2 pt_tcpstore_uv*1 cuda0000240000a*1 
2026-09-24T23:59:58+04:00	tsw-mirror-1m	3	151795	151646	57	1286799360	1010475008	python3*49 ZMQbg/Reaper*4 ZMQbg/IO/0*4 
2026-09-25T00:00:11+04:00	tsw-mirror-1m	3	151630	488	2	24834048	6008832	uv*1 main2*1 
2026-09-25T00:00:11+04:00	tsw-mirror-1m	3	151646	151630	57	1249759232	964116480	ft*51 ZMQbg/Reaper*3 ZMQbg/IO/0*3 
2026-09-25T00:00:11+04:00	tsw-mirror-1m	3	151793	151646	1	12709888	5935104	python3*1 
2026-09-25T00:00:11+04:00	tsw-mirror-1m	3	151794	151646	45	12990099456	12328607744	python3*36 pt_gloo_runloop*2 ZMQbg/Reaper*2 ZMQbg/IO/0*2 pt_tcpstore_uv*1 cuda0000240000a*1 
2026-09-25T00:00:11+04:00	tsw-mirror-1m	3	151795	151646	57	1286799360	1010475008	python3*49 ZMQbg/Reaper*4 ZMQbg/IO/0*4 
2026-09-25T00:00:21+04:00	tsw-mirror-1m	4	151630	488	2	24834048	6008832	uv*1 main2*1 
2026-09-25T00:00:22+04:00	tsw-mirror-1m	4	151646	151630	59	1277739008	985325568	ft*52 ZMQbg/Reaper*3 ZMQbg/IO/0*3 cuda0000a40002a*1 
2026-09-25T00:00:22+04:00	tsw-mirror-1m	4	151793	151646	1	12709888	5935104	python3*1 
2026-09-25T00:00:22+04:00	tsw-mirror-1m	4	151794	151646	45	12990164992	12328673280	python3*36 pt_gloo_runloop*2 ZMQbg/Reaper*2 ZMQbg/IO/0*2 pt_tcpstore_uv*1 cuda0000240000a*1 
2026-09-25T00:00:22+04:00	tsw-mirror-1m	4	151795	151646	57	1286799360	1010475008	python3*49 ZMQbg/Reaper*4 ZMQbg/IO/0*4 
