ts	unit	ready	probes_done	cg_current	cg_peak	cg_anon	cg_file	cg_unevict	cg_shmem	pid	vm_rss	rss_anon	rss_file	rss_shmem	memavail
2026-09-28T10:21:14+04:00	cb-w2	1	0	27762520064	28315508736	3073245184	24534831104	0	20375945216	1496752	22755454976	1984102400	396476416	20374876160	8347516928
2026-09-28T10:21:27+04:00	cb-w2	1	0	27460792320	28315508736	3073245184	24233103360	0	20375945216	1496752	22753751040	1984102400	394772480	20374876160	7725158400
2026-09-28T10:21:38+04:00	cb-w2	1	0	26755006464	28315508736	3049263104	23550672896	0	20375945216	1496752	22754537472	1985150976	394510336	20374876160	6790426624
2026-09-28T10:21:48+04:00	cb-w2	1	0	25825812480	28315508736	2806763520	22863740928	0	20375945216	1496752	22646272000	1891958784	379437056	20374876160	5728174080
2026-09-28T10:22:02+04:00	cb-w2	1	0	25705766912	28315508736	2801676288	22742208512	0	20375945216	1496752	22639980544	1889075200	376029184	20374876160	5624438784
2026-09-28T10:22:12+04:00	cb-w2	1	0	25699041280	28315508736	2800128000	22742208512	0	20375945216	1496752	22639980544	1889075200	376029184	20374876160	8553517056
2026-09-28T10:22:23+04:00	cb-w2	1	0	25698795520	28315508736	2800128000	22742208512	0	20375945216	1496752	22639980544	1889075200	376029184	20374876160	8243003392
2026-09-28T10:22:36+04:00	cb-w2	1	0	25698795520	28315508736	2800128000	22742208512	0	20375945216	1496752	22639980544	1889075200	376029184	20374876160	8249683968
2026-09-28T10:22:47+04:00	cb-w2	1	0	25698795520	28315508736	2800128000	22742208512	0	20375945216	1496752	22639980544	1889075200	376029184	20374876160	8257105920
2026-09-28T10:22:57+04:00	cb-w2	1	0	25930518528	28315508736	2991812608	22775824384	0	20375945216	1496752	22711644160	1958379520	378388480	20374876160	8012898304
2026-09-28T10:23:11+04:00	cb-w2	1	0	25980293120	28315508736	3045240832	22775824384	0	20375945216	1496752	22711644160	1958379520	378388480	20374876160	7941849088
2026-09-28T10:23:21+04:00	cb-w2	1	0	25980293120	28315508736	3045240832	22775824384	0	20375945216	1496752	22711644160	1958379520	378388480	20374876160	7976292352
2026-09-28T10:23:31+04:00	cb-w2	1	0	25980317696	28315508736	3045240832	22775824384	0	20375945216	1496752	22711644160	1958379520	378388480	20374876160	7925501952
2026-09-28T10:23:45+04:00	cb-w2	1	0	25980321792	28315508736	3045240832	22775824384	0	20375945216	1496752	22711644160	1958379520	378388480	20374876160	7952924672
2026-09-28T10:23:56+04:00	cb-w2	1	0	25980579840	28315508736	3045240832	22775824384	0	20375945216	1496752	22711644160	1958379520	378388480	20374876160	7950606336
2026-09-28T10:24:06+04:00	cb-w2	1	0	25980579840	28315508736	3045240832	22775824384	0	20375945216	1496752	22711644160	1958379520	378388480	20374876160	7978094592
2026-09-28T10:24:16+04:00	cb-w2	1	0	25980936192	28315508736	3045240832	22775918592	0	20375945216	1496752	22711644160	1958379520	378388480	20374876160	7937146880
2026-09-28T10:25:14+04:00	ck9b-whole-256k	0	0	2752241664	2754600960	1845641216	894513152	0	413044736	1526154	1622237184	802975744	402583552	427687936	29221376000
2026-09-28T10:25:24+04:00	ck9b-whole-256k	0	0	18977214464	18977214464	2028072960	16891473920	0	7872167936	1526154	9262903296	984805376	406700032	7871397888	21586501632
2026-09-28T10:25:38+04:00	ck9b-whole-256k	0	0	27797217280	27829927936	2028527616	25659027456	0	17351376896	1526154	18742554624	985460736	406700032	17350393856	12099452928
2026-09-28T10:25:48+04:00	ck9b-whole-256k	0	0	28583514112	29428813824	2803777536	25645776896	0	20375945216	1526154	22609494016	1760817152	473546752	20375130112	8407642112
2026-09-28T10:25:58+04:00	ck9b-whole-256k	1	0	29046579200	29428813824	3232940032	25677045760	0	20375945216	1526154	22846640128	1990754304	480755712	20375130112	7988588544
2026-09-28T10:26:12+04:00	ck9b-whole-256k	1	0	29046579200	29428813824	3232940032	25677045760	0	20375945216	1526154	22846640128	1990754304	480755712	20375130112	7958315008
2026-09-28T10:26:23+04:00	ck9b-whole-256k	1	1	29138636800	29428813824	3369594880	25630806016	0	20375945216	1526154	22846509056	1991802880	479576064	20375130112	7792574464
2026-09-28T10:26:33+04:00	ck9b-whole-256k	1	1	29138767872	29428813824	3369594880	25630806016	0	20375945216	1526154	22846509056	1991802880	479576064	20375130112	7794368512
2026-09-28T10:26:47+04:00	ck9b-whole-256k	1	1	29106487296	29428813824	3369594880	25598529536	0	20375945216	1526154	22845198336	1991802880	478265344	20375130112	7805235200
2026-09-28T10:26:57+04:00	ck9b-whole-256k	1	1	29106475008	29428813824	3369594880	25598529536	0	20375945216	1526154	22845198336	1991802880	478265344	20375130112	7780286464
2026-09-28T10:27:08+04:00	ck9b-whole-256k	1	1	29106470912	29428813824	3369594880	25598529536	0	20375945216	1526154	22845198336	1991802880	478265344	20375130112	7771815936
2026-09-28T10:27:21+04:00	ck9b-whole-256k	1	1	29063360512	29428813824	3369594880	25555427328	0	20375945216	1526154	22843756544	1991802880	476823552	20375130112	7774740480
2026-09-28T10:27:32+04:00	ck9b-whole-256k	1	1	29063356416	29428813824	3369594880	25555427328	0	20375945216	1526154	22843756544	1991802880	476823552	20375130112	7782797312
2026-09-28T10:27:42+04:00	ck9b-whole-256k	1	3	29085786112	29428813824	3452674048	25494499328	0	20375945216	1526154	22900838400	2049671168	476037120	20375130112	7697735680
2026-09-28T10:27:56+04:00	ck9b-whole-256k	1	3	28407205888	29428813824	3452674048	24816173056	0	20375945216	1526154	22881046528	2049671168	456245248	20375130112	7733882880
2026-09-28T10:28:07+04:00	ck9b-whole-256k	1	3	28407205888	29428813824	3452674048	24816173056	0	20375945216	1526154	22881046528	2049671168	456245248	20375130112	7508516864
2026-09-28T10:28:17+04:00	ck9b-whole-256k	1	3	27622903808	29428813824	3452674048	24031870976	0	20375945216	1526154	22867021824	2049671168	442220544	20375130112	6457380864
2026-09-28T10:28:27+04:00	ck9b-whole-256k	1	3	26652598272	29428813824	3452674048	23061397504	0	20375945216	1526154	22842249216	2049671168	417447936	20375130112	5237145600
2026-09-28T10:28:41+04:00	ck9b-whole-256k	1	3	26376040448	29428813824	3419832320	22817673216	0	20375945216	1526154	22838710272	2049671168	413908992	20375130112	5076946944
2026-09-28T10:28:51+04:00	ck9b-whole-256k	1	3	26375884800	29428813824	3419832320	22817673216	0	20375945216	1526154	22838710272	2049671168	413908992	20375130112	5999493120
2026-09-28T10:29:02+04:00	ck9b-whole-256k	1	4	26399051776	29428813824	3428528128	22831415296	0	20375945216	1526154	22850572288	2058125312	417316864	20375130112	7949176832
2026-09-28T10:29:15+04:00	ck9b-whole-256k	1	4	26399207424	29428813824	3428577280	22831513600	0	20375945216	1526154	22850572288	2058125312	417316864	20375130112	7937064960
2026-09-28T10:29:26+04:00	ck9b-whole-256k	1	4	26398953472	29428813824	3428577280	22831513600	0	20375945216	1526154	22850572288	2058125312	417316864	20375130112	7936282624
2026-09-28T10:29:36+04:00	ck9b-whole-256k	1	4	26399191040	29428813824	3428577280	22831513600	0	20375945216	1526154	22850572288	2058125312	417316864	20375130112	7936073728
2026-09-28T10:29:50+04:00	ck9b-whole-256k	1	4	26399166464	29428813824	3428585472	22831513600	0	20375945216	1526154	22850572288	2058125312	417316864	20375130112	7947714560
2026-09-28T10:30:00+04:00	ck9b-whole-256k	1	4	26399227904	29428813824	3428585472	22831513600	0	20375945216	1526154	22850572288	2058125312	417316864	20375130112	7946117120
2026-09-28T10:30:10+04:00	ck9b-whole-256k	1	4	26399412224	29428813824	3428585472	22831513600	0	20375945216	1526154	22850572288	2058125312	417316864	20375130112	7950192640
2026-09-28T10:30:24+04:00	ck9b-whole-256k	1	4	26398941184	29428813824	3428585472	22831513600	0	20375945216	1526154	22850572288	2058125312	417316864	20375130112	7952162816
2026-09-28T10:30:34+04:00	ck9b-whole-256k	1	4	26398687232	29428813824	3428585472	22831513600	0	20375945216	1526154	22850572288	2058125312	417316864	20375130112	7961276416
2026-09-28T10:30:45+04:00	ck9b-whole-256k	1	4	26399211520	29428813824	3428585472	22831513600	0	20375945216	1526154	22850572288	2058125312	417316864	20375130112	7948873728
2026-09-28T10:30:58+04:00	ck9b-whole-256k	1	4	26399211520	29428813824	3428585472	22831513600	0	20375945216	1526154	22850572288	2058125312	417316864	20375130112	7927750656
2026-09-28T10:31:09+04:00	ck9b-whole-256k	1	4	26399461376	29428813824	3428585472	22831513600	0	20375945216	1526154	22850572288	2058125312	417316864	20375130112	7941443584
2026-09-28T10:31:19+04:00	ck9b-whole-256k	1	4	26398949376	29428813824	3428585472	22831513600	0	20375945216	1526154	22850572288	2058125312	417316864	20375130112	7929876480
2026-09-28T10:31:33+04:00	ck9b-whole-256k	1	4	26399215616	29428813824	3428585472	22831513600	0	20375945216	1526154	22850572288	2058125312	417316864	20375130112	7938576384
2026-09-28T10:31:43+04:00	ck9b-whole-256k	1	4	26399195136	29428813824	3428585472	22831513600	0	20375945216	1526154	22850572288	2058125312	417316864	20375130112	7942664192
2026-09-28T10:31:54+04:00	ck9b-whole-256k	1	4	26399457280	29428813824	3428585472	22831513600	0	20375945216	1526154	22850572288	2058125312	417316864	20375130112	7917019136
2026-09-28T10:32:07+04:00	ck9b-whole-256k	1	4	26399469568	29428813824	3428585472	22831513600	0	20375945216	1526154	22850572288	2058125312	417316864	20375130112	7929417728
2026-09-28T10:32:18+04:00	ck9b-whole-256k	1	4	26399338496	29428813824	3428585472	22831513600	0	20375945216	1526154	22850572288	2058125312	417316864	20375130112	7918632960
2026-09-28T10:32:28+04:00	ck9b-whole-256k	1	4	26399416320	29428813824	3428585472	22831513600	0	20375945216	1526154	22850572288	2058125312	417316864	20375130112	7889514496
2026-09-28T10:32:42+04:00	ck9b-whole-256k	1	4	26399199232	29428813824	3428585472	22831513600	0	20375945216	1526154	22850572288	2058125312	417316864	20375130112	7882518528
2026-09-28T10:32:52+04:00	ck9b-whole-256k	1	4	26399449088	29428813824	3428585472	22831513600	0	20375945216	1526154	22850572288	2058125312	417316864	20375130112	7868100608
2026-09-28T10:33:02+04:00	ck9b-whole-256k	1	4	26399203328	29428813824	3428585472	22831513600	0	20375945216	1526154	22850572288	2058125312	417316864	20375130112	7868960768
2026-09-28T10:33:13+04:00	ck9b-whole-256k	1	4	26398953472	29428813824	3428585472	22831513600	0	20375945216	1526154	22850572288	2058125312	417316864	20375130112	7869194240
2026-09-28T10:33:27+04:00	ck9b-whole-256k	1	4	26398949376	29428813824	3428585472	22831513600	0	20375945216	1526154	22850572288	2058125312	417316864	20375130112	7835160576
2026-09-28T10:33:37+04:00	ck9b-whole-256k	1	4	26399719424	29428813824	3429056512	22831513600	0	20375945216	1526154	22850965504	2058518528	417316864	20375130112	7842570240
2026-09-28T10:33:47+04:00	ck9b-whole-256k	1	4	26399907840	29428813824	3429056512	22831513600	0	20375945216	1526154	22850965504	2058518528	417316864	20375130112	7807938560
2026-09-28T10:34:01+04:00	ck9b-whole-256k	1	4	26399428608	29428813824	3429060608	22831513600	0	20375945216	1526154	22850965504	2058518528	417316864	20375130112	7740506112
2026-09-28T10:34:11+04:00	ck9b-whole-256k	1	4	26399944704	29428813824	3429060608	22831513600	0	20375945216	1526154	22850965504	2058518528	417316864	20375130112	7820582912
2026-09-28T10:34:21+04:00	ck9b-whole-256k	1	4	26399485952	29428813824	3429122048	22831513600	0	20375945216	1526154	22850965504	2058518528	417316864	20375130112	7821836288
2026-09-28T10:34:35+04:00	ck9b-whole-256k	1	4	26399891456	29428813824	3429273600	22831513600	0	20375945216	1526154	22851227648	2058780672	417316864	20375130112	7842553856
2026-09-28T10:34:45+04:00	ck9b-whole-256k	1	4	26399940608	29428813824	3429404672	22831513600	0	20375945216	1526154	22851358720	2058911744	417316864	20375130112	7825285120
2026-09-28T10:34:56+04:00	ck9b-whole-256k	1	4	26399911936	29428813824	3429543936	22831513600	0	20375945216	1526154	22851489792	2059042816	417316864	20375130112	6851186688
2026-09-28T10:35:09+04:00	ck9b-whole-256k	1	4	26400305152	29428813824	3429703680	22831513600	0	20375945216	1526154	22851620864	2059173888	417316864	20375130112	5752868864
2026-09-28T10:35:20+04:00	ck9b-whole-256k	1	4	25892790272	29428813824	3294982144	22458576896	0	20375945216	1526154	22818459648	2059304960	384024576	20375130112	5132169216
2026-09-28T10:35:30+04:00	ck9b-whole-256k	1	4	25897869312	29428813824	3296550912	22462263296	0	20375945216	1526154	22821515264	2060394496	385990656	20375130112	5103251456
2026-09-28T10:35:44+04:00	ck9b-whole-256k	1	4	25887797248	29428813824	3296550912	22452420608	0	20375945216	1526154	22816272384	2060394496	380747776	20375130112	7884742656
2026-09-28T10:35:54+04:00	ck9b-whole-256k	1	4	25889312768	29428813824	3297959936	22452518912	0	20375945216	1526154	22817255424	2061377536	380747776	20375130112	7878610944
2026-09-28T10:36:05+04:00	ck9b-whole-256k	1	4	25890598912	29428813824	3298828288	22452666368	0	20375945216	1526154	22817255424	2061377536	380747776	20375130112	7870386176
2026-09-28T10:36:18+04:00	ck9b-whole-256k	1	4	25890447360	29428813824	3298832384	22452764672	0	20375945216	1526154	22817259520	2061381632	380747776	20375130112	7866281984
2026-09-28T10:36:29+04:00	ck9b-whole-256k	1	4	25890680832	29428813824	3298832384	22452764672	0	20375945216	1526154	22817259520	2061381632	380747776	20375130112	7988920320
2026-09-28T10:36:39+04:00	ck9b-whole-256k	1	4	25891172352	29428813824	3298832384	22452764672	0	20375945216	1526154	22817259520	2061381632	380747776	20375130112	7962296320
2026-09-28T10:36:53+04:00	ck9b-whole-256k	1	4	25890914304	29428813824	3298832384	22452764672	0	20375945216	1526154	22817259520	2061381632	380747776	20375130112	7974653952
2026-09-28T10:37:03+04:00	ck9b-whole-256k	1	4	25890668544	29428813824	3298832384	22452764672	0	20375945216	1526154	22817259520	2061381632	380747776	20375130112	7978520576
2026-09-28T10:37:13+04:00	ck9b-whole-256k	1	4	25890885632	29428813824	3298832384	22452764672	0	20375945216	1526154	22817259520	2061381632	380747776	20375130112	7975657472
2026-09-28T10:37:24+04:00	ck9b-whole-256k	1	4	25890676736	29428813824	3298832384	22452764672	0	20375945216	1526154	22817259520	2061381632	380747776	20375130112	7971143680
2026-09-28T10:37:38+04:00	ck9b-whole-256k	1	4	25890910208	29428813824	3298832384	22452764672	0	20375945216	1526154	22817259520	2061381632	380747776	20375130112	7969415168
2026-09-28T10:37:48+04:00	ck9b-whole-256k	1	4	25890861056	29428813824	3298832384	22452764672	0	20375945216	1526154	22817259520	2061381632	380747776	20375130112	8011968512
2026-09-28T10:37:58+04:00	ck9b-whole-256k	1	4	25890693120	29428813824	3298832384	22452764672	0	20375945216	1526154	22817259520	2061381632	380747776	20375130112	8016781312
2026-09-28T10:38:12+04:00	ck9b-whole-256k	1	4	25890938880	29428813824	3298832384	22452764672	0	20375945216	1526154	22817259520	2061381632	380747776	20375130112	7593988096
2026-09-28T10:38:22+04:00	ck9b-whole-256k	1	4	25890639872	29428813824	3298832384	22452764672	0	20375945216	1526154	22817259520	2061381632	380747776	20375130112	8000454656
2026-09-28T10:38:33+04:00	ck9b-whole-256k	1	4	25890865152	29428813824	3298832384	22452764672	0	20375945216	1526154	22817259520	2061381632	380747776	20375130112	7510773760
2026-09-28T10:38:46+04:00	ck9b-whole-256k	1	4	25891028992	29428813824	3298902016	22452764672	0	20375945216	1526154	22817390592	2061512704	380747776	20375130112	8003977216
2026-09-28T10:38:57+04:00	ck9b-whole-256k	1	4	25890889728	29428813824	3299033088	22452764672	0	20375945216	1526154	22817521664	2061643776	380747776	20375130112	8014823424
2026-09-28T10:39:07+04:00	ck9b-whole-256k	1	4	25891278848	29428813824	3299151872	22452764672	0	20375945216	1526154	22817652736	2061774848	380747776	20375130112	7992659968
2026-09-28T10:39:21+04:00	ck9b-whole-256k	1	4	25891143680	29428813824	3299287040	22452764672	0	20375945216	1526154	22817783808	2061905920	380747776	20375130112	7987773440
2026-09-28T10:39:31+04:00	ck9b-whole-256k	1	4	25891680256	29428813824	3299438592	22452764672	0	20375945216	1526154	22817914880	2062036992	380747776	20375130112	7961448448
2026-09-28T10:39:41+04:00	ck9b-whole-256k	1	4	25648349184	29428813824	3299565568	22209257472	0	20375945216	1526154	22717513728	2062168064	279691264	20375130112	7999737856
2026-09-28T10:39:55+04:00	ck9b-whole-256k	1	4	25056907264	29428813824	3300110336	21617610752	0	20375945216	1526154	22692347904	2062692352	254525440	20375130112	7987462144
2026-09-28T10:40:06+04:00	ck9b-whole-256k	1	4	24736464896	29428813824	3300110336	21297012736	0	20375945216	1526154	22675832832	2062692352	238010368	20375130112	7977291776
2026-09-28T10:40:16+04:00	ck9b-whole-256k	1	4	24479596544	29428813824	3300114432	21040164864	0	20375945216	1526154	22660366336	2062692352	222543872	20375130112	7958843392
2026-09-28T10:40:30+04:00	ck9b-whole-256k	1	4	24350191616	29428813824	3300126720	20911071232	0	20375945216	1526154	22647390208	2062692352	209567744	20375130112	7966547968
2026-09-28T10:40:40+04:00	ck9b-whole-256k	1	4	24280756224	29428813824	3300253696	20841078784	0	20375945216	1526154	22637953024	2062823424	199999488	20375130112	7965753344
2026-09-28T10:40:50+04:00	ck9b-whole-256k	1	4	24201666560	29428813824	3300388864	20762001408	0	20375945216	1526154	22621306880	2062954496	183222272	20375130112	7982563328
2026-09-28T10:41:04+04:00	ck9b-whole-256k	1	4	24132988928	29428813824	3300503552	20693118976	0	20375945216	1526154	22593650688	2062954496	155566080	20375130112	7983378432
2026-09-28T10:41:14+04:00	ck9b-whole-256k	1	4	24043401216	29428813824	3300638720	20603322368	0	20375945216	1526154	22580150272	2063085568	141934592	20375130112	7987048448
2026-09-28T10:41:25+04:00	ck9b-whole-256k	1	4	23965351936	29428813824	3300773888	20525678592	0	20375945216	1526154	22558654464	2063216640	120307712	20375130112	8002867200
2026-09-28T10:41:35+04:00	ck9b-whole-256k	1	4	23945572352	29428813824	3300892672	20505321472	0	20375945216	1526154	22550790144	2063347712	112312320	20375130112	7899955200
2026-09-28T10:41:49+04:00	ck9b-whole-256k	1	4	23945449472	29428813824	3301040128	20505321472	0	20375945216	1526154	22550921216	2063478784	112312320	20375130112	7906717696
2026-09-28T10:41:59+04:00	ck9b-whole-256k	1	4	23939588096	29428813824	3301163008	20499021824	0	20375945216	1526154	22540566528	2063609856	101826560	20375130112	7452372992
2026-09-28T10:42:09+04:00	ck9b-whole-256k	1	4	23914496000	29428813824	3301294080	20474077184	0	20375945216	1526154	22511337472	2063740928	72466432	20375130112	7951474688
2026-09-28T10:42:23+04:00	ck9b-whole-256k	1	4	23913201664	29428813824	3301412864	20472672256	0	20375945216	1526154	22509895680	2063872000	70893568	20375130112	7915536384
2026-09-28T10:42:34+04:00	ck9b-whole-256k	1	4	23913283584	29428813824	3301556224	20472328192	0	20375945216	1526154	22509633536	2064003072	70500352	20375130112	7947059200
2026-09-28T10:42:44+04:00	ck9b-whole-256k	1	4	23913439232	29428813824	3301670912	20472213504	0	20375945216	1526154	22509502464	2064134144	70238208	20375130112	7511470080
2026-09-28T10:42:58+04:00	ck9b-whole-256k	1	4	23913127936	29428813824	3301810176	20472213504	0	20375945216	1526154	22509240320	2064265216	69844992	20375130112	7913254912
2026-09-28T10:43:08+04:00	ck9b-whole-256k	1	4	23913525248	29428813824	3301941248	20472213504	0	20375945216	1526154	22509371392	2064396288	69844992	20375130112	7907352576
2026-09-28T10:43:18+04:00	ck9b-whole-256k	1	4	23913062400	29428813824	3302064128	20472213504	0	20375945216	1526154	22509240320	2064527360	69582848	20375130112	7880478720
2026-09-28T10:43:32+04:00	ck9b-whole-256k	1	4	23913541632	29428813824	3302203392	20472213504	0	20375945216	1526154	22509371392	2064658432	69582848	20375130112	7881773056
2026-09-28T10:43:42+04:00	ck9b-whole-256k	1	4	23927087104	29428813824	3305340928	20483067904	0	20375945216	1526154	22516576256	2066620416	74825728	20375130112	7845867520
2026-09-28T10:43:53+04:00	ck9b-whole-256k	1	4	23934484480	29428813824	3305340928	20489953280	0	20375945216	1526154	22521556992	2066620416	79806464	20375130112	7753433088
2026-09-28T10:44:07+04:00	ck9b-whole-256k	1	4	23931613184	29428813824	3302469632	20487823360	0	20375945216	1526154	22518935552	2066620416	77185024	20375130112	7166349312
2026-09-28T10:44:17+04:00	ck9b-whole-256k	1	4	23774273536	29428813824	3160322048	20474646528	0	20375945216	1526154	22507008000	2066620416	65257472	20375130112	7990906880
2026-09-28T10:44:27+04:00	ck9b-whole-256k	1	4	23774277632	29428813824	3160322048	20474646528	0	20375945216	1526154	22507008000	2066620416	65257472	20375130112	7966744576
2026-09-28T10:44:41+04:00	ck9b-whole-256k	1	4	23727468544	29428813824	3123908608	20464365568	0	20375945216	1526154	22500585472	2066620416	58834944	20375130112	7191269376
2026-09-28T10:44:51+04:00	ck9b-whole-256k	1	4	23645577216	29428813824	3059388416	20446515200	0	20375945216	1526154	22484332544	2050498560	58703872	20375130112	6130573312
2026-09-28T10:45:02+04:00	ck9b-whole-256k	1	4	23594921984	29428813824	3018002432	20436566016	0	20375945216	1526154	22464802816	2030968832	58703872	20375130112	5067517952
2026-09-28T10:45:15+04:00	ck9b-whole-256k	1	4	23587647488	29428813824	3004248064	20443074560	0	20375945216	1526154	22461919232	2024153088	62636032	20375130112	5063872512
2026-09-28T10:45:26+04:00	ck9b-whole-256k	1	4	23574130688	29428813824	2991276032	20442157056	0	20375945216	1526154	22455627776	2017861632	62636032	20375130112	7639220224
2026-09-28T10:45:36+04:00	ck9b-whole-256k	1	4	23574065152	29428813824	2991276032	20442157056	0	20375945216	1526154	22455627776	2017861632	62636032	20375130112	7875063808
2026-09-28T10:45:50+04:00	ck9b-whole-256k	1	4	23574065152	29428813824	2991276032	20442157056	0	20375945216	1526154	22455627776	2017861632	62636032	20375130112	8234889216
2026-09-28T10:46:00+04:00	ck9b-whole-256k	1	4	23574020096	29428813824	2991276032	20442157056	0	20375945216	1526154	22455627776	2017861632	62636032	20375130112	8196784128
2026-09-28T10:46:11+04:00	ck9b-whole-256k	1	4	23574302720	29428813824	2991276032	20442157056	0	20375945216	1526154	22455627776	2017861632	62636032	20375130112	8210305024
2026-09-28T10:46:21+04:00	ck9b-whole-256k	1	4	23573803008	29428813824	2991276032	20442157056	0	20375945216	1526154	22455627776	2017861632	62636032	20375130112	7820509184
2026-09-28T10:46:35+04:00	ck9b-whole-256k	1	4	23574069248	29428813824	2991276032	20442157056	0	20375945216	1526154	22455627776	2017861632	62636032	20375130112	7854428160
2026-09-28T10:46:45+04:00	ck9b-whole-256k	1	4	23573811200	29428813824	2991276032	20442157056	0	20375945216	1526154	22455627776	2017861632	62636032	20375130112	7778586624
2026-09-28T10:46:55+04:00	ck9b-whole-256k	1	4	23573811200	29428813824	2991280128	20442157056	0	20375945216	1526154	22455627776	2017861632	62636032	20375130112	7790354432
2026-09-28T10:47:09+04:00	ck9b-whole-256k	1	4	23574155264	29428813824	2991403008	20442157056	0	20375945216	1526154	22455758848	2017992704	62636032	20375130112	7850582016
2026-09-28T10:47:20+04:00	ck9b-whole-256k	1	4	23574278144	29428813824	2991505408	20442157056	0	20375945216	1526154	22455889920	2018123776	62636032	20375130112	7802056704
2026-09-28T10:47:30+04:00	ck9b-whole-256k	1	4	23574654976	29428813824	2991616000	20442157056	0	20375945216	1526154	22456020992	2018254848	62636032	20375130112	7811858432
2026-09-28T10:47:44+04:00	ck9b-whole-256k	1	4	23574491136	29428813824	2991726592	20442157056	0	20375945216	1526154	22456020992	2018254848	62636032	20375130112	7780900864
2026-09-28T10:47:54+04:00	ck9b-whole-256k	1	4	23574605824	29428813824	2991833088	20442157056	0	20375945216	1526154	22456152064	2018385920	62636032	20375130112	7760216064
2026-09-28T10:48:04+04:00	ck9b-whole-256k	1	4	23574720512	29428813824	2991947776	20442157056	0	20375945216	1526154	22456152064	2018385920	62636032	20375130112	7763386368
2026-09-28T10:48:18+04:00	ck9b-whole-256k	1	4	23578042368	29428813824	2992447488	20445220864	0	20375945216	1526154	22458380288	2018910208	64339968	20375130112	7752339456
2026-09-28T10:48:29+04:00	ck9b-whole-256k	1	4	23578292224	29428813824	2992447488	20445220864	0	20375945216	1526154	22458380288	2018910208	64339968	20375130112	7768600576
2026-09-28T10:48:39+04:00	ck9b-whole-256k	1	4	23578300416	29428813824	2992447488	20445220864	0	20375945216	1526154	22458380288	2018910208	64339968	20375130112	7832223744
2026-09-28T10:48:53+04:00	ck9b-whole-256k	1	4	23578533888	29428813824	2992455680	20445220864	0	20375945216	1526154	22458380288	2018910208	64339968	20375130112	7888838656
2026-09-28T10:49:03+04:00	ck9b-whole-256k	1	4	23578869760	29428813824	2992472064	20445220864	0	20375945216	1526154	22458380288	2018910208	64339968	20375130112	7891660800
2026-09-28T10:49:13+04:00	ck9b-whole-256k	1	4	23578431488	29428813824	2992549888	20445220864	0	20375945216	1526154	22458380288	2018910208	64339968	20375130112	7896944640
2026-09-28T10:49:27+04:00	ck9b-whole-256k	1	4	23579045888	29428813824	2992644096	20445220864	0	20375945216	1526154	22458511360	2019041280	64339968	20375130112	7878324224
2026-09-28T10:49:37+04:00	ck9b-whole-256k	1	4	23578746880	29428813824	2992762880	20445220864	0	20375945216	1526154	22458642432	2019172352	64339968	20375130112	7897362432
2026-09-28T10:49:48+04:00	ck9b-whole-256k	1	4	23578738688	29428813824	2992857088	20445220864	0	20375945216	1526154	22458642432	2019172352	64339968	20375130112	7858626560
2026-09-28T10:50:02+04:00	ck9b-whole-256k	1	4	23579082752	29428813824	2992951296	20445220864	0	20375945216	1526154	22458773504	2019303424	64339968	20375130112	7861460992
2026-09-28T10:50:12+04:00	ck9b-whole-256k	1	4	23579176960	29428813824	2993057792	20445220864	0	20375945216	1526154	22458904576	2019434496	64339968	20375130112	7850381312
2026-09-28T10:50:22+04:00	ck9b-whole-256k	1	4	23579308032	29428813824	2993168384	20445220864	0	20375945216	1526154	22459035648	2019565568	64339968	20375130112	7875854336
2026-09-28T10:50:32+04:00	ck9b-whole-256k	1	4	23579385856	29428813824	2993274880	20445220864	0	20375945216	1526154	22459166720	2019696640	64339968	20375130112	8002916352
2026-09-28T10:50:46+04:00	ck9b-whole-256k	1	4	23579176960	29428813824	2993369088	20445220864	0	20375945216	1526154	22459166720	2019696640	64339968	20375130112	7986061312
2026-09-28T10:50:56+04:00	ck9b-whole-256k	1	4	23579586560	29428813824	2993487872	20445220864	0	20375945216	1526154	22459297792	2019827712	64339968	20375130112	8001843200
2026-09-28T10:51:07+04:00	ck9b-whole-256k	1	4	23579496448	29428813824	2993582080	20445220864	0	20375945216	1526154	22459428864	2019958784	64339968	20375130112	8007630848
2026-09-28T10:51:20+04:00	ck9b-whole-256k	1	4	23579824128	29428813824	2993680384	20445220864	0	20375945216	1526154	22459559936	2020089856	64339968	20375130112	7959355392
2026-09-28T10:51:30+04:00	ck9b-whole-256k	1	4	23580065792	29428813824	2993778688	20445220864	0	20375945216	1526154	22459691008	2020220928	64339968	20375130112	7869943808
2026-09-28T10:51:41+04:00	ck9b-whole-256k	1	4	23579525120	29428813824	2993876992	20445220864	0	20375945216	1526154	22459691008	2020220928	64339968	20375130112	7855976448
2026-09-28T10:51:55+04:00	ck9b-whole-256k	1	4	23580360704	29428813824	2993971200	20445220864	0	20375945216	1526154	22459822080	2020352000	64339968	20375130112	7883616256
2026-09-28T10:52:05+04:00	ck9b-whole-256k	1	4	23579951104	29428813824	2994073600	20445220864	0	20375945216	1526154	22459953152	2020483072	64339968	20375130112	7853416448
2026-09-28T10:52:15+04:00	ck9b-whole-256k	1	4	23580291072	29428813824	2994163712	20445220864	0	20375945216	1526154	22459953152	2020483072	64339968	20375130112	7886303232
2026-09-28T10:52:28+04:00	ck9b-whole-256k	1	4	23579914240	29428813824	2994266112	20445220864	0	20375945216	1526154	22460084224	2020614144	64339968	20375130112	7886839808
2026-09-28T10:52:39+04:00	ck9b-whole-256k	1	4	23580770304	29428813824	2994360320	20445220864	0	20375945216	1526154	22460215296	2020745216	64339968	20375130112	7888318464
2026-09-28T10:52:49+04:00	ck9b-whole-256k	1	4	23580344320	29428813824	2994438144	20445220864	0	20375945216	1526154	22460346368	2020876288	64339968	20375130112	7881879552
2026-09-28T10:53:01+04:00	ck9b-whole-256k	1	4	23580721152	29428813824	2994536448	20445220864	0	20375945216	1526154	22460346368	2020876288	64339968	20375130112	7898853376
2026-09-28T10:53:11+04:00	ck9b-whole-256k	1	4	23591903232	29428813824	2997981184	20453216256	0	20375945216	1526154	22466080768	2022940672	68009984	20375130112	7901802496
2026-09-28T10:53:21+04:00	ck9b-whole-256k	1	4	23594815488	29428813824	2998657024	20455432192	0	20375945216	1526154	22467223552	2022903808	69189632	20375130112	7901814784
2026-09-28T10:53:33+04:00	ck9b-whole-256k	1	4	23596310528	29428813824	3000303616	20455542784	0	20375945216	1526154	22467239936	2022920192	69189632	20375130112	7882207232
2026-09-28T10:53:43+04:00	ck9b-whole-256k	1	4	23596843008	29428813824	3000307712	20455641088	0	20375945216	1526154	22467162112	2022842368	69189632	20375130112	7912161280
2026-09-28T10:53:54+04:00	ck9b-whole-256k	1	4	23604695040	29428813824	3007918080	20455993344	0	20375945216	1526154	22467162112	2022842368	69189632	20375130112	7880679424
2026-09-28T10:54:05+04:00	ck9b-whole-256k	1	4	23604961280	29428813824	3007922176	20456448000	0	20375945216	1526154	22467293184	2022842368	69320704	20375130112	7862312960
2026-09-28T10:54:16+04:00	ck9b-whole-256k	1	4	23591284736	29428813824	2994085888	20456448000	0	20375945216	1526154	22467301376	2022850560	69320704	20375130112	7875833856
2026-09-28T10:54:26+04:00	ck9b-whole-256k	1	4	23591292928	29428813824	2994085888	20456448000	0	20375945216	1526154	22467301376	2022850560	69320704	20375130112	7836278784
2026-09-28T10:54:38+04:00	ck9b-whole-256k	1	4	23591280640	29428813824	2994085888	20456448000	0	20375945216	1526154	22467301376	2022850560	69320704	20375130112	7808155648
2026-09-28T10:54:48+04:00	ck9b-whole-256k	1	4	23591276544	29428813824	2994085888	20456448000	0	20375945216	1526154	22467301376	2022850560	69320704	20375130112	7853817856
2026-09-28T10:54:58+04:00	ck9b-whole-256k	1	4	23725588480	29428813824	3088551936	20496281600	0	20375945216	1526154	22476939264	2034192384	67616768	20375130112	7514152960
2026-09-28T10:55:20+04:00	cb-s2	0	0	2650214400	2650476544	1773531136	862830592	0	83898368	1752132	1212788736	737652736	392822784	83886080	29461041152
2026-09-28T10:55:30+04:00	cb-s2	0	0	21733888000	21734150144	16388313088	5291610112	0	1723764736	1752132	17467748352	15345115136	398905344	1723727872	13142298624
2026-09-28T10:55:41+04:00	cb-s2	0	0	22251671552	22253301760	16474857472	5722071040	0	1723764736	1752132	17558581248	15431884800	402968576	1723727872	12970729472
2026-09-28T10:55:52+04:00	cb-s2	0	0	21206130688	22838714368	16792551424	4364320768	0	87986176	1752132	16338694144	15749603328	501141504	87949312	14014742528
2026-09-28T10:56:02+04:00	cb-s2	0	0	21206089728	22838714368	16792772608	4364320768	0	87986176	1752132	16338956288	15749865472	501141504	87949312	14032789504
2026-09-28T10:56:13+04:00	cb-s2	0	0	21601808384	22838714368	17039974400	4512161792	0	87986176	1752132	16596643840	15996936192	511758336	87949312	13771915264
2026-09-28T10:56:24+04:00	cb-s2	0	0	22015053824	22838714368	17292455936	4672339968	0	87986176	1752132	16855248896	16249511936	517787648	87949312	13538541568
2026-09-28T10:56:35+04:00	cb-s2	1	0	22448562176	22838714368	17779859456	4615979008	0	87986176	1752132	17065181184	16451973120	525258752	87949312	13009137664
2026-09-28T10:56:45+04:00	cb-s2	1	0	22034792448	22838714368	17779859456	4202209280	0	87986176	1752132	17065050112	16451973120	525127680	87949312	13016932352
2026-09-28T10:56:56+04:00	cb-s2	1	0	21865201664	22838714368	17779990528	4031438848	0	87986176	1752132	17065443328	16451973120	525520896	87949312	12963909632
2026-09-28T10:57:07+04:00	cb-s2	1	0	21690953728	22838714368	17864028160	3772772352	0	87986176	1752132	17066229760	16453021696	525258752	87949312	12752416768
2026-09-28T10:57:17+04:00	cb-s2	1	0	21065576448	22838714368	17864028160	3147390976	0	87986176	1752132	17066229760	16453021696	525258752	87949312	11317452800
2026-09-28T10:57:28+04:00	cb-s2	1	0	20955332608	22838714368	17864028160	3037155328	0	87986176	1752132	17066229760	16453021696	525258752	87949312	12744331264
2026-09-28T10:57:39+04:00	cb-s2	1	0	20930093056	22838714368	17864028160	3011649536	0	87986176	1752132	17066229760	16453021696	525258752	87949312	11233636352
2026-09-28T10:57:49+04:00	cb-s2	1	0	20845883392	22838714368	17864028160	2927714304	0	87986176	1752132	17066229760	16453021696	525258752	87949312	12639232000
2026-09-28T10:58:00+04:00	cb-s2	1	0	20455342080	22838714368	17864028160	2537164800	0	87986176	1752132	17066229760	16453021696	525258752	87949312	12986982400
2026-09-28T10:58:11+04:00	cb-s2	1	0	20315123712	22838714368	17864028160	2396942336	0	87986176	1752132	17066229760	16453021696	525258752	87949312	12944941056
2026-09-28T10:58:21+04:00	cb-s2	1	0	20291870720	22838714368	17921929216	2315321344	0	87986176	1752132	17125384192	16510865408	526569472	87949312	12931584000
2026-09-28T10:58:32+04:00	cb-s2	1	0	20291874816	22838714368	17921929216	2315321344	0	87986176	1752132	17125384192	16510865408	526569472	87949312	12934553600
2026-09-28T10:58:43+04:00	cb-s2	1	0	20291874816	22838714368	17921929216	2315321344	0	87986176	1752132	17125384192	16510865408	526569472	87949312	12884484096
2026-09-28T10:58:53+04:00	cb-s2	1	0	20291866624	22838714368	17921929216	2315321344	0	87986176	1752132	17125384192	16510865408	526569472	87949312	12917149696
2026-09-28T10:59:03+04:00	cb-s2	1	0	20291862528	22838714368	17921929216	2315321344	0	87986176	1752132	17125384192	16510865408	526569472	87949312	12678553600
2026-09-28T10:59:15+04:00	cb-s2	1	0	19958591488	22838714368	17921929216	1982017536	0	87986176	1752132	17125384192	16510865408	526569472	87949312	12943962112
2026-09-28T10:59:25+04:00	cb-s2	1	0	19954524160	22838714368	17921929216	1977946112	0	87986176	1752132	17125384192	16510865408	526569472	87949312	12838449152
2026-09-28T10:59:35+04:00	cb-s2	1	0	19866476544	22838714368	17921929216	1889902592	0	87986176	1752132	17125384192	16510865408	526569472	87949312	12903567360
2026-09-28T10:59:47+04:00	cb-s2	1	0	19770425344	22838714368	17930321920	1785724928	0	87986176	1752132	17133867008	16519348224	526569472	87949312	12838387712
2026-09-28T11:02:02+04:00	ck9b-mirror-256k	0	0	1183936512	1183936512	1132265472	41484288	0	12288	1833559	701435904	422252544	279183360	0	29888659456
2026-09-28T11:02:12+04:00	ck9b-mirror-256k	0	0	19212693504	19317075968	16390475776	2768539648	0	1723764736	1834089	17477672960	15348174848	405770240	1723727872	13022851072
2026-09-28T11:02:22+04:00	ck9b-mirror-256k	0	0	19473797120	19474059264	16477011968	2943246336	0	1723764736	1834089	17567588352	15434551296	409309184	1723727872	12170579968
2026-09-28T11:02:34+04:00	ck9b-mirror-256k	0	0	18322067456	19954552832	16791891968	1479208960	0	87986176	1834089	16342196224	15749386240	504860672	87949312	14856912896
2026-09-28T11:02:44+04:00	ck9b-mirror-256k	0	0	18322292736	19954552832	16792117248	1479208960	0	87986176	1834089	16342589440	15749779456	504860672	87949312	14858817536
2026-09-28T11:02:54+04:00	ck9b-mirror-256k	0	0	18676957184	19954552832	17039073280	1585389568	0	87986176	1834089	16600145920	15996719104	515477504	87949312	14642135040
2026-09-28T11:03:06+04:00	ck9b-mirror-256k	0	0	19075624960	19954552832	17291546624	1730592768	0	87986176	1834089	16858488832	16249163776	521375744	87949312	14391181312
2026-09-28T11:03:16+04:00	ck9b-mirror-256k	1	0	19502702592	19954552832	17694130176	1748897792	0	87986176	1834089	17068400640	16452915200	527536128	87949312	13957066752
2026-09-28T11:03:27+04:00	ck9b-mirror-256k	1	0	19515617280	19954552832	17694998528	1760854016	0	87986176	1834089	17069973504	16453308416	528715776	87949312	13986086912
2026-09-28T11:03:38+04:00	ck9b-mirror-256k	1	0	19515617280	19954552832	17694998528	1760854016	0	87986176	1834089	17069973504	16453308416	528715776	87949312	13970169856
2026-09-28T11:03:49+04:00	ck9b-mirror-256k	1	1	19608752128	19954552832	17786077184	1761185792	0	87986176	1834089	17071546368	16454881280	528715776	87949312	13828153344
2026-09-28T11:03:59+04:00	ck9b-mirror-256k	1	1	19608731648	19954552832	17786077184	1761185792	0	87986176	1834089	17071546368	16454881280	528715776	87949312	13852430336
2026-09-28T11:04:10+04:00	ck9b-mirror-256k	1	1	19608723456	19954552832	17786081280	1761185792	0	87986176	1834089	17071546368	16454881280	528715776	87949312	13904265216
2026-09-28T11:04:21+04:00	ck9b-mirror-256k	1	1	19608719360	19954552832	17786081280	1761185792	0	87986176	1834089	17071546368	16454881280	528715776	87949312	13929799680
2026-09-28T11:04:31+04:00	ck9b-mirror-256k	1	1	19608715264	19954552832	17786081280	1761185792	0	87986176	1834089	17071546368	16454881280	528715776	87949312	13920215040
2026-09-28T11:04:42+04:00	ck9b-mirror-256k	1	1	19608707072	19954552832	17786085376	1761185792	0	87986176	1834089	17071546368	16454881280	528715776	87949312	13340368896
2026-09-28T11:04:53+04:00	ck9b-mirror-256k	1	1	19608702976	19954552832	17786085376	1761185792	0	87986176	1834089	17071546368	16454881280	528715776	87949312	12295446528
2026-09-28T11:05:03+04:00	ck9b-mirror-256k	1	2	19622719488	19954552832	17843924992	1716998144	0	87986176	1834089	17130143744	16512823296	529371136	87949312	13759102976
2026-09-28T11:05:15+04:00	ck9b-mirror-256k	1	3	19649028096	19954552832	17870348288	1716998144	0	87986176	1834089	17130143744	16512823296	529371136	87949312	13727285248
2026-09-28T11:05:25+04:00	ck9b-mirror-256k	1	3	19649015808	19954552832	17870348288	1716998144	0	87986176	1834089	17130143744	16512823296	529371136	87949312	12898533376
2026-09-28T11:05:35+04:00	ck9b-mirror-256k	1	3	19649003520	19954552832	17870348288	1716998144	0	87986176	1834089	17130143744	16512823296	529371136	87949312	12051656704
2026-09-28T11:05:47+04:00	ck9b-mirror-256k	1	3	19417382912	19954552832	17870348288	1485385728	0	87986176	1834089	17090560000	16512823296	489787392	87949312	10752774144
2026-09-28T11:05:57+04:00	ck9b-mirror-256k	1	3	19224596480	19954552832	17870348288	1292603392	0	87986176	1834089	17070374912	16512823296	469602304	87949312	13788459008
2026-09-28T11:06:07+04:00	ck9b-mirror-256k	1	3	19224588288	19954552832	17870348288	1292603392	0	87986176	1834089	17070374912	16512823296	469602304	87949312	13818007552
2026-09-28T11:06:17+04:00	ck9b-mirror-256k	1	3	19224588288	19954552832	17870348288	1292603392	0	87986176	1834089	17070374912	16512823296	469602304	87949312	13820567552
2026-09-28T11:06:29+04:00	ck9b-mirror-256k	1	4	19241492480	19954552832	17879044096	1300389888	0	87986176	1834089	17079439360	16521232384	470257664	87949312	12884590592
2026-09-28T11:06:39+04:00	ck9b-mirror-256k	1	4	19241512960	19954552832	17879101440	1300631552	0	87986176	1834089	17079439360	16521232384	470257664	87949312	11969556480
2026-09-28T11:06:50+04:00	ck9b-mirror-256k	1	4	19241451520	19954552832	17879101440	1300631552	0	87986176	1834089	17079439360	16521232384	470257664	87949312	10359513088
2026-09-28T11:07:00+04:00	ck9b-mirror-256k	1	4	19140005888	19954552832	17879101440	1199243264	0	87986176	1834089	17076948992	16521232384	467767296	87949312	13769506816
2026-09-28T11:07:11+04:00	ck9b-mirror-256k	1	4	19140468736	19954552832	17879101440	1199243264	0	87986176	1834089	17076948992	16521232384	467767296	87949312	13768425472
2026-09-28T11:07:21+04:00	ck9b-mirror-256k	1	4	19140415488	19954552832	17879101440	1199243264	0	87986176	1834089	17076948992	16521232384	467767296	87949312	13759025152
2026-09-28T11:07:32+04:00	ck9b-mirror-256k	1	4	19140362240	19954552832	17879101440	1199243264	0	87986176	1834089	17076948992	16521232384	467767296	87949312	13750992896
2026-09-28T11:07:43+04:00	ck9b-mirror-256k	1	4	19140272128	19954552832	17879101440	1199243264	0	87986176	1834089	17076948992	16521232384	467767296	87949312	13709049856
2026-09-28T11:07:53+04:00	ck9b-mirror-256k	1	4	19140239360	19954552832	17879101440	1199243264	0	87986176	1834089	17076948992	16521232384	467767296	87949312	13711155200
2026-09-28T11:08:04+04:00	ck9b-mirror-256k	1	4	19140456448	19954552832	17879101440	1199243264	0	87986176	1834089	17076948992	16521232384	467767296	87949312	13705101312
2026-09-28T11:08:14+04:00	ck9b-mirror-256k	1	4	19140640768	19954552832	17879101440	1199243264	0	87986176	1834089	17076948992	16521232384	467767296	87949312	13577306112
2026-09-28T11:08:24+04:00	ck9b-mirror-256k	1	4	19140325376	19954552832	17879101440	1199243264	0	87986176	1834089	17076948992	16521232384	467767296	87949312	12835151872
2026-09-28T11:08:35+04:00	ck9b-mirror-256k	1	4	19140427776	19954552832	17879101440	1199243264	0	87986176	1834089	17076948992	16521232384	467767296	87949312	11997061120
2026-09-28T11:08:45+04:00	ck9b-mirror-256k	1	4	19140444160	19954552832	17879113728	1199243264	0	87986176	1834089	17076948992	16521232384	467767296	87949312	13698297856
2026-09-28T11:08:56+04:00	ck9b-mirror-256k	1	4	19139928064	19954552832	17879113728	1199243264	0	87986176	1834089	17076948992	16521232384	467767296	87949312	13695557632
2026-09-28T11:09:07+04:00	ck9b-mirror-256k	1	4	19140186112	19954552832	17879113728	1199243264	0	87986176	1834089	17076948992	16521232384	467767296	87949312	13685354496
2026-09-28T11:09:17+04:00	ck9b-mirror-256k	1	4	19140694016	19954552832	17879113728	1199243264	0	87986176	1834089	17076948992	16521232384	467767296	87949312	13696221184
2026-09-28T11:09:27+04:00	ck9b-mirror-256k	1	4	19140706304	19954552832	17879113728	1199243264	0	87986176	1834089	17076948992	16521232384	467767296	87949312	13695823872
2026-09-28T11:09:38+04:00	ck9b-mirror-256k	1	4	19140431872	19954552832	17879113728	1199243264	0	87986176	1834089	17076948992	16521232384	467767296	87949312	13656297472
2026-09-28T11:09:48+04:00	ck9b-mirror-256k	1	4	19140710400	19954552832	17879113728	1199243264	0	87986176	1834089	17076948992	16521232384	467767296	87949312	13688270848
2026-09-28T11:09:59+04:00	ck9b-mirror-256k	1	4	19140268032	19954552832	17879195648	1199243264	0	87986176	1834089	17077080064	16521363456	467767296	87949312	13736689664
2026-09-28T11:10:09+04:00	ck9b-mirror-256k	1	4	19140857856	19954552832	17879334912	1199243264	0	87986176	1834089	17077211136	16521494528	467767296	87949312	13732499456
2026-09-28T11:10:20+04:00	ck9b-mirror-256k	1	4	19140558848	19954552832	17879461888	1199243264	0	87986176	1834089	17077342208	16521625600	467767296	87949312	12377677824
2026-09-28T11:10:30+04:00	ck9b-mirror-256k	1	4	19140747264	19954552832	17879580672	1199243264	0	87986176	1834089	17077473280	16521756672	467767296	87949312	11146625024
2026-09-28T11:10:40+04:00	ck9b-mirror-256k	1	4	19034726400	19954552832	17879724032	1093021696	0	87986176	1834089	17076686848	16521887744	466849792	87949312	13688221696
2026-09-28T11:10:51+04:00	ck9b-mirror-256k	1	4	19035197440	19954552832	17879859200	1093021696	0	87986176	1834089	17076817920	16522018816	466849792	87949312	13685739520
2026-09-28T11:11:01+04:00	ck9b-mirror-256k	1	4	19035136000	19954552832	17879965696	1093021696	0	87986176	1834089	17076948992	16522149888	466849792	87949312	13685960704
2026-09-28T11:11:12+04:00	ck9b-mirror-256k	1	4	19035090944	19954552832	17880117248	1093021696	0	87986176	1834089	17077080064	16522280960	466849792	87949312	13710876672
2026-09-28T11:11:22+04:00	ck9b-mirror-256k	1	4	19036078080	19954552832	17881182208	1093021696	0	87986176	1834089	17078128640	16523329536	466849792	87949312	12525547520
2026-09-28T11:11:33+04:00	ck9b-mirror-256k	1	4	19036033024	19954552832	17881182208	1093021696	0	87986176	1834089	17078128640	16523329536	466849792	87949312	11305603072
2026-09-28T11:11:43+04:00	ck9b-mirror-256k	1	4	19035774976	19954552832	17881186304	1093021696	0	87986176	1834089	17078128640	16523329536	466849792	87949312	13635678208
2026-09-28T11:11:53+04:00	ck9b-mirror-256k	1	4	19035770880	19954552832	17881186304	1093021696	0	87986176	1834089	17078128640	16523329536	466849792	87949312	13611728896
2026-09-28T11:12:04+04:00	ck9b-mirror-256k	1	4	19036033024	19954552832	17881186304	1093021696	0	87986176	1834089	17078128640	16523329536	466849792	87949312	13580394496
2026-09-28T11:12:14+04:00	ck9b-mirror-256k	1	4	19036299264	19954552832	17881190400	1093021696	0	87986176	1834089	17078128640	16523329536	466849792	87949312	13612060672
2026-09-28T11:12:24+04:00	ck9b-mirror-256k	1	4	19036291072	19954552832	17881190400	1093021696	0	87986176	1834089	17078128640	16523329536	466849792	87949312	13599690752
2026-09-28T11:12:35+04:00	ck9b-mirror-256k	1	4	19036016640	19954552832	17881190400	1093021696	0	87986176	1834089	17078128640	16523329536	466849792	87949312	13703286784
2026-09-28T11:12:45+04:00	ck9b-mirror-256k	1	4	19036233728	19954552832	17881300992	1093021696	0	87986176	1834089	17078128640	16523329536	466849792	87949312	13699981312
2026-09-28T11:12:55+04:00	ck9b-mirror-256k	1	4	19036700672	19954552832	17881399296	1093021696	0	87986176	1834089	17078259712	16523460608	466849792	87949312	13043228672
2026-09-28T11:13:06+04:00	ck9b-mirror-256k	1	4	19036860416	19954552832	17881509888	1093021696	0	87986176	1834089	17078390784	16523591680	466849792	87949312	13707522048
2026-09-28T11:13:16+04:00	ck9b-mirror-256k	1	4	19038449664	19954552832	17882677248	1093644288	0	87986176	1834089	17079566336	16524767232	466849792	87949312	12586905600
2026-09-28T11:13:26+04:00	ck9b-mirror-256k	1	4	19039035392	19954552832	17883160576	1094017024	0	87986176	1834089	17079566336	16524767232	466849792	87949312	13684269056
2026-09-28T11:13:36+04:00	ck9b-mirror-256k	1	4	19039219712	19954552832	17883160576	1094356992	0	87986176	1834089	17079566336	16524767232	466849792	87949312	13703704576
2026-09-28T11:13:47+04:00	ck9b-mirror-256k	1	4	19041796096	19954552832	17885474816	1094586368	0	87986176	1834089	17081282560	16526483456	466849792	87949312	13354070016
2026-09-28T11:13:57+04:00	ck9b-mirror-256k	1	4	19042525184	19954552832	17885954048	1094586368	0	87986176	1834089	17081352192	16526553088	466849792	87949312	12286078976
2026-09-28T11:14:07+04:00	ck9b-mirror-256k	1	4	19043090432	19954552832	17886224384	1094860800	0	87986176	1834089	17081376768	16526577664	466849792	87949312	12538081280
2026-09-28T11:14:18+04:00	ck9b-mirror-256k	1	4	19043307520	19954552832	17886224384	1094860800	0	87986176	1834089	17081376768	16526577664	466849792	87949312	11358928896
2026-09-28T11:14:28+04:00	ck9b-mirror-256k	1	4	18946719744	19954552832	17886224384	998313984	0	87986176	1834089	17081245696	16526577664	466718720	87949312	11283107840
2026-09-28T11:14:38+04:00	ck9b-mirror-256k	1	4	18946482176	19954552832	17886224384	998313984	0	87986176	1834089	17081245696	16526577664	466718720	87949312	12455202816
2026-09-28T11:14:49+04:00	ck9b-mirror-256k	1	4	18946740224	19954552832	17886224384	998313984	0	87986176	1834089	17081245696	16526577664	466718720	87949312	13659484160
2026-09-28T11:14:59+04:00	ck9b-mirror-256k	1	4	18711474176	19954552832	17886224384	763310080	0	87986176	1834089	17080066048	16526577664	465539072	87949312	10794045440
2026-09-28T11:15:09+04:00	ck9b-mirror-256k	1	4	18699497472	19954552832	17886224384	751476736	0	87986176	1834089	17080197120	16526577664	465670144	87949312	11010359296
2026-09-28T11:15:20+04:00	ck9b-mirror-256k	1	4	18699956224	19954552832	17886224384	751476736	0	87986176	1834089	17080197120	16526577664	465670144	87949312	13687570432
2026-09-28T11:15:30+04:00	ck9b-mirror-256k	1	4	18699661312	19954552832	17886224384	751476736	0	87986176	1834089	17080197120	16526577664	465670144	87949312	13675102208
2026-09-28T11:15:40+04:00	ck9b-mirror-256k	1	4	18700132352	19954552832	17886224384	751476736	0	87986176	1834089	17080197120	16526577664	465670144	87949312	13343944704
2026-09-28T11:15:51+04:00	ck9b-mirror-256k	1	4	18700345344	19954552832	17886224384	751476736	0	87986176	1834089	17080197120	16526577664	465670144	87949312	13449482240
2026-09-28T11:16:01+04:00	ck9b-mirror-256k	1	4	18700283904	19954552832	17886224384	751476736	0	87986176	1834089	17080197120	16526577664	465670144	87949312	13713702912
2026-09-28T11:16:11+04:00	ck9b-mirror-256k	1	4	18699653120	19954552832	17886224384	751476736	0	87986176	1834089	17080197120	16526577664	465670144	87949312	13716959232
2026-09-28T11:16:22+04:00	ck9b-mirror-256k	1	4	18699599872	19954552832	17886224384	751476736	0	87986176	1834089	17080197120	16526577664	465670144	87949312	13464834048
2026-09-28T11:16:32+04:00	ck9b-mirror-256k	1	4	18699812864	19954552832	17886224384	751476736	0	87986176	1834089	17080197120	16526577664	465670144	87949312	11561148416
2026-09-28T11:16:42+04:00	ck9b-mirror-256k	1	4	18699657216	19954552832	17886224384	751476736	0	87986176	1834089	17080197120	16526577664	465670144	87949312	11592740864
2026-09-28T11:16:52+04:00	ck9b-mirror-256k	1	4	18657181696	19954552832	17886224384	708956160	0	87986176	1834089	17080197120	16526577664	465670144	87949312	10953281536
2026-09-28T11:17:03+04:00	ck9b-mirror-256k	1	4	18656899072	19954552832	17886224384	708956160	0	87986176	1834089	17080197120	16526577664	465670144	87949312	13412806656
2026-09-28T11:17:13+04:00	ck9b-mirror-256k	1	4	18657427456	19954552832	17886224384	708956160	0	87986176	1834089	17080197120	16526577664	465670144	87949312	13577576448
2026-09-28T11:17:24+04:00	ck9b-mirror-256k	1	4	18657677312	19954552832	17886224384	708956160	0	87986176	1834089	17080197120	16526577664	465670144	87949312	13521784832
2026-09-28T11:17:34+04:00	ck9b-mirror-256k	1	4	18657419264	19954552832	17886224384	708956160	0	87986176	1834089	17080197120	16526577664	465670144	87949312	13558804480
2026-09-28T11:17:44+04:00	ck9b-mirror-256k	1	4	18657419264	19954552832	17886224384	708956160	0	87986176	1834089	17080197120	16526577664	465670144	87949312	13571633152
2026-09-28T11:17:54+04:00	ck9b-mirror-256k	1	4	18658295808	19954552832	17887043584	709292032	0	87986176	1834089	17081245696	16527495168	465801216	87949312	13614850048
2026-09-28T11:18:05+04:00	ck9b-mirror-256k	1	4	18658824192	19954552832	17887043584	709292032	0	87986176	1834089	17081245696	16527495168	465801216	87949312	13545369600
2026-09-28T11:18:15+04:00	ck9b-mirror-256k	1	4	18658312192	19954552832	17887043584	709292032	0	87986176	1834089	17081245696	16527495168	465801216	87949312	13504032768
2026-09-28T11:18:25+04:00	ck9b-mirror-256k	1	4	18658279424	19954552832	17887043584	709292032	0	87986176	1834089	17081245696	16527495168	465801216	87949312	13560619008
2026-09-28T11:18:36+04:00	ck9b-mirror-256k	1	4	18658582528	19954552832	17887043584	709292032	0	87986176	1834089	17081245696	16527495168	465801216	87949312	13627654144
2026-09-28T11:18:46+04:00	ck9b-mirror-256k	1	4	18658828288	19954552832	17887096832	709292032	0	87986176	1834089	17081245696	16527495168	465801216	87949312	13621202944
2026-09-28T11:18:56+04:00	ck9b-mirror-256k	1	4	18658971648	19954552832	17887199232	709292032	0	87986176	1834089	17081376768	16527626240	465801216	87949312	13628350464
2026-09-28T11:19:07+04:00	ck9b-mirror-256k	1	4	18658582528	19954552832	17887309824	709292032	0	87986176	1834089	17081507840	16527757312	465801216	87949312	13532078080
2026-09-28T11:19:17+04:00	ck9b-mirror-256k	1	4	18658680832	19954552832	17887404032	709292032	0	87986176	1834089	17081638912	16527888384	465801216	87949312	13406953472
2026-09-28T11:19:28+04:00	ck9b-mirror-256k	1	4	18658795520	19954552832	17887522816	709292032	0	87986176	1834089	17081769984	16528019456	465801216	87949312	13476921344
2026-09-28T11:19:38+04:00	ck9b-mirror-256k	1	4	18658619392	19954552832	17887604736	709292032	0	87986176	1834089	17081769984	16528019456	465801216	87949312	13493903360
2026-09-28T11:19:48+04:00	ck9b-mirror-256k	1	4	18659471360	19954552832	17887711232	709292032	0	87986176	1834089	17081901056	16528150528	465801216	87949312	13643055104
2026-09-28T11:19:59+04:00	ck9b-mirror-256k	1	4	18659512320	19954552832	17887809536	709292032	0	87986176	1834089	17081901056	16528150528	465801216	87949312	13706485760
2026-09-28T11:20:09+04:00	ck9b-mirror-256k	1	4	18659098624	19954552832	17887928320	709292032	0	87986176	1834089	17082163200	16528412672	465801216	87949312	13686558720
2026-09-28T11:20:19+04:00	ck9b-mirror-256k	1	4	18659594240	19954552832	17888010240	709292032	0	87986176	1834089	17082163200	16528412672	465801216	87949312	13702017024
2026-09-28T11:20:29+04:00	ck9b-mirror-256k	1	4	18659762176	19954552832	17888104448	709292032	0	87986176	1834089	17082163200	16528412672	465801216	87949312	13707083776
2026-09-28T11:20:40+04:00	ck9b-mirror-256k	1	4	18659975168	19954552832	17888215040	709292032	0	87986176	1834089	17082294272	16528543744	465801216	87949312	13687185408
2026-09-28T11:20:50+04:00	ck9b-mirror-256k	1	4	18659794944	19954552832	17888301056	709292032	0	87986176	1834089	17082425344	16528674816	465801216	87949312	13713211392
2026-09-28T11:21:00+04:00	ck9b-mirror-256k	1	4	18660048896	19954552832	17888415744	709292032	0	87986176	1834089	17082556416	16528805888	465801216	87949312	13715402752
2026-09-28T11:21:11+04:00	ck9b-mirror-256k	1	4	18659979264	19954552832	17888497664	709292032	0	87986176	1834089	17082556416	16528805888	465801216	87949312	13721899008
2026-09-28T11:21:21+04:00	ck9b-mirror-256k	1	4	18660200448	19954552832	17888591872	709292032	0	87986176	1834089	17082687488	16528936960	465801216	87949312	13717671936
2026-09-28T11:21:31+04:00	ck9b-mirror-256k	1	4	18660671488	19954552832	17888714752	709292032	0	87986176	1834089	17082818560	16529068032	465801216	87949312	13741637632
2026-09-28T11:21:42+04:00	ck9b-mirror-256k	1	4	18660372480	19954552832	17888804864	709292032	0	87986176	1834089	17082949632	16529199104	465801216	87949312	13738184704
2026-09-28T11:21:52+04:00	ck9b-mirror-256k	1	4	18663358464	19954552832	17891414016	709951488	0	87986176	1834089	17084788736	16530776064	466063360	87949312	13740666880
2026-09-28T11:22:02+04:00	ck9b-mirror-256k	1	4	18664116224	19954552832	17891418112	710590464	0	87986176	1834089	17084919808	16530776064	466194432	87949312	13742149632
2026-09-28T11:22:13+04:00	ck9b-mirror-256k	1	4	18664075264	19954552832	17891418112	710590464	0	87986176	1834089	17084919808	16530776064	466194432	87949312	13757116416
2026-09-28T11:22:23+04:00	ck9b-mirror-256k	1	4	18663776256	19954552832	17891422208	710590464	0	87986176	1834089	17084919808	16530776064	466194432	87949312	13743927296
2026-09-28T11:22:33+04:00	ck9b-mirror-256k	1	4	18664280064	19954552832	17891422208	710590464	0	87986176	1834089	17084919808	16530776064	466194432	87949312	13737541632
2026-09-28T11:22:43+04:00	ck9b-mirror-256k	1	4	18664226816	19954552832	17891422208	710590464	0	87986176	1834089	17084919808	16530776064	466194432	87949312	13751103488
2026-09-28T11:22:54+04:00	ck9b-mirror-256k	1	4	18664173568	19954552832	17891422208	710590464	0	87986176	1834089	17084919808	16530776064	466194432	87949312	13750947840
2026-09-28T11:23:04+04:00	ck9b-mirror-256k	1	4	18664411136	19954552832	17891422208	710590464	0	87986176	1834089	17084919808	16530776064	466194432	87949312	13768650752
2026-09-28T11:23:14+04:00	ck9b-mirror-256k	1	4	18664349696	19954552832	17891426304	710590464	0	87986176	1834089	17084919808	16530776064	466194432	87949312	13773783040
2026-09-28T11:23:25+04:00	ck9b-mirror-256k	1	4	18664026112	19954552832	17891426304	710590464	0	87986176	1834089	17084919808	16530776064	466194432	87949312	13774454784
2026-09-28T11:23:35+04:00	ck9b-mirror-256k	1	4	18664038400	19954552832	17891426304	710590464	0	87986176	1834089	17084919808	16530776064	466194432	87949312	13749182464
2026-09-28T11:23:45+04:00	ck9b-mirror-256k	1	4	18664280064	19954552832	17891426304	710590464	0	87986176	1834089	17084919808	16530776064	466194432	87949312	13759676416
2026-09-28T11:23:56+04:00	ck9b-mirror-256k	1	4	18664808448	19954552832	17891426304	710590464	0	87986176	1834089	17084919808	16530776064	466194432	87949312	13764206592
2026-09-28T11:24:06+04:00	ck9b-mirror-256k	1	4	18664013824	19954552832	17891426304	710590464	0	87986176	1834089	17084919808	16530776064	466194432	87949312	13755674624
2026-09-28T11:24:16+04:00	ck9b-mirror-256k	1	4	18664558592	19954552832	17891430400	710590464	0	87986176	1834089	17084919808	16530776064	466194432	87949312	13772562432
2026-09-28T11:24:27+04:00	ck9b-mirror-256k	1	4	18664239104	19954552832	17891430400	710590464	0	87986176	1834089	17084919808	16530776064	466194432	87949312	13778231296
2026-09-28T11:24:37+04:00	ck9b-mirror-256k	1	4	18664292352	19954552832	17891434496	710590464	0	87986176	1834089	17084919808	16530776064	466194432	87949312	13782102016
2026-09-28T11:24:47+04:00	ck9b-mirror-256k	1	4	18664292352	19954552832	17891495936	710590464	0	87986176	1834089	17085050880	16530907136	466194432	87949312	13748940800
2026-09-28T11:24:58+04:00	ck9b-mirror-256k	1	4	18664198144	19954552832	17891590144	710590464	0	87986176	1834089	17085050880	16530907136	466194432	87949312	13731405824
2026-09-28T11:25:08+04:00	ck9b-mirror-256k	1	4	18664513536	19954552832	17891672064	710590464	0	87986176	1834089	17085181952	16531038208	466194432	87949312	13693001728
2026-09-28T11:25:18+04:00	ck9b-mirror-256k	1	4	18664607744	19954552832	17891762176	710590464	0	87986176	1834089	17085313024	16531169280	466194432	87949312	13708378112
2026-09-28T11:25:28+04:00	ck9b-mirror-256k	1	4	18664660992	19954552832	17891835904	710590464	0	87986176	1834089	17085444096	16531300352	466194432	87949312	13715976192
2026-09-28T11:25:39+04:00	ck9b-mirror-256k	1	4	18664562688	19954552832	17891950592	710590464	0	87986176	1834089	17085444096	16531300352	466194432	87949312	13681799168
2026-09-28T11:25:49+04:00	ck9b-mirror-256k	1	4	18664640512	19954552832	17892028416	710590464	0	87986176	1834089	17085575168	16531431424	466194432	87949312	13549801472
2026-09-28T11:25:59+04:00	ck9b-mirror-256k	1	4	18665013248	19954552832	17892118528	710590464	0	87986176	1834089	17085706240	16531562496	466194432	87949312	13648470016
2026-09-28T11:26:10+04:00	ck9b-mirror-256k	1	4	18664824832	19954552832	17892216832	710590464	0	87986176	1834089	17085706240	16531562496	466194432	87949312	13601394688
2026-09-28T11:26:20+04:00	ck9b-mirror-256k	1	4	18664636416	19954552832	17892290560	710590464	0	87986176	1834089	17085837312	16531693568	466194432	87949312	13634318336
2026-09-28T11:26:30+04:00	ck9b-mirror-256k	1	4	18665119744	19954552832	17892388864	710590464	0	87986176	1834089	17085968384	16531824640	466194432	87949312	13629423616
2026-09-28T11:26:41+04:00	ck9b-mirror-256k	1	4	18666127360	19954552832	17893281792	710590464	0	87986176	1834089	17086885888	16532742144	466194432	87949312	13651156992
2026-09-28T11:26:51+04:00	ck9b-mirror-256k	1	4	18666094592	19954552832	17893289984	710590464	0	87986176	1834089	17086885888	16532742144	466194432	87949312	13639995392
2026-09-28T11:27:01+04:00	ck9b-mirror-256k	1	4	18666582016	19954552832	17893294080	710590464	0	87986176	1834089	17086885888	16532742144	466194432	87949312	13674573824
2026-09-28T11:27:12+04:00	ck9b-mirror-256k	1	4	18666532864	19954552832	17893294080	710590464	0	87986176	1834089	17086885888	16532742144	466194432	87949312	13629132800
2026-09-28T11:27:22+04:00	ck9b-mirror-256k	1	4	18666250240	19954552832	17893294080	710590464	0	87986176	1834089	17086885888	16532742144	466194432	87949312	13635309568
2026-09-28T11:27:32+04:00	ck9b-mirror-256k	1	4	18666209280	19954552832	17893294080	710590464	0	87986176	1834089	17086885888	16532742144	466194432	87949312	13626056704
2026-09-28T11:27:43+04:00	ck9b-mirror-256k	1	4	18665656320	19954552832	17893294080	710590464	0	87986176	1834089	17086885888	16532742144	466194432	87949312	13615456256
2026-09-28T11:27:53+04:00	ck9b-mirror-256k	1	4	18666143744	19954552832	17893306368	710590464	0	87986176	1834089	17086885888	16532742144	466194432	87949312	13626019840
2026-09-28T11:28:03+04:00	ck9b-mirror-256k	1	4	18666364928	19954552832	17893376000	710590464	0	87986176	1834089	17087016960	16532873216	466194432	87949312	13670543360
2026-09-28T11:28:13+04:00	ck9b-mirror-256k	1	4	18666078208	19954552832	17893449728	710590464	0	87986176	1834089	17087016960	16532873216	466194432	87949312	13667225600
2026-09-28T11:28:24+04:00	ck9b-mirror-256k	1	4	18666049536	19954552832	17893490688	710590464	0	87986176	1834089	17087016960	16532873216	466194432	87949312	13647233024
2026-09-28T11:28:34+04:00	ck9b-mirror-256k	1	4	18666102784	19954552832	17893490688	710590464	0	87986176	1834089	17087016960	16532873216	466194432	87949312	13681975296
2026-09-28T11:28:44+04:00	ck9b-mirror-256k	1	4	18666340352	19954552832	17893490688	710590464	0	87986176	1834089	17087016960	16532873216	466194432	87949312	13699620864
2026-09-28T11:28:55+04:00	ck9b-mirror-256k	1	4	18666618880	19954552832	17893490688	710590464	0	87986176	1834089	17087016960	16532873216	466194432	87949312	13704351744
2026-09-28T11:29:05+04:00	ck9b-mirror-256k	1	4	18666074112	19954552832	17893490688	710590464	0	87986176	1834089	17087016960	16532873216	466194432	87949312	13690273792
2026-09-28T11:29:15+04:00	ck9b-mirror-256k	1	4	18666094592	19954552832	17893490688	710590464	0	87986176	1834089	17087016960	16532873216	466194432	87949312	13711757312
2026-09-28T11:29:26+04:00	ck9b-mirror-256k	1	4	18666352640	19954552832	17893490688	710590464	0	87986176	1834089	17087016960	16532873216	466194432	87949312	13703770112
2026-09-28T11:29:36+04:00	ck9b-mirror-256k	1	4	18665836544	19954552832	17893490688	710590464	0	87986176	1834089	17087016960	16532873216	466194432	87949312	13696225280
2026-09-28T11:29:46+04:00	ck9b-mirror-256k	1	4	18666606592	19954552832	17893490688	710590464	0	87986176	1834089	17087016960	16532873216	466194432	87949312	13704085504
2026-09-28T11:29:57+04:00	ck9b-mirror-256k	1	4	18666614784	19954552832	17893490688	710590464	0	87986176	1834089	17087016960	16532873216	466194432	87949312	13672910848
2026-09-28T11:30:07+04:00	ck9b-mirror-256k	1	4	18666356736	19954552832	17893490688	710590464	0	87986176	1834089	17087016960	16532873216	466194432	87949312	13663760384
2026-09-28T11:30:17+04:00	ck9b-mirror-256k	1	4	18665840640	19954552832	17893490688	710590464	0	87986176	1834089	17087016960	16532873216	466194432	87949312	13698412544
2026-09-28T11:30:28+04:00	ck9b-mirror-256k	1	4	18666356736	19954552832	17893490688	710590464	0	87986176	1834089	17087016960	16532873216	466194432	87949312	13695397888
2026-09-28T11:30:38+04:00	ck9b-mirror-256k	1	4	18666352640	19954552832	17893490688	710590464	0	87986176	1834089	17087016960	16532873216	466194432	87949312	13655859200
2026-09-28T11:30:48+04:00	ck9b-mirror-256k	1	4	18666082304	19954552832	17893490688	710590464	0	87986176	1834089	17087016960	16532873216	466194432	87949312	13693825024
2026-09-28T11:30:58+04:00	ck9b-mirror-256k	1	4	18666364928	19954552832	17893490688	710590464	0	87986176	1834089	17087016960	16532873216	466194432	87949312	13690109952
2026-09-28T11:31:09+04:00	ck9b-mirror-256k	1	4	18666602496	19954552832	17893490688	710590464	0	87986176	1834089	17087016960	16532873216	466194432	87949312	13697171456
2026-09-28T11:31:19+04:00	ck9b-mirror-256k	1	4	18666074112	19954552832	17893490688	710590464	0	87986176	1834089	17087016960	16532873216	466194432	87949312	13699694592
2026-09-28T11:31:29+04:00	ck9b-mirror-256k	1	4	18666565632	19954552832	17893490688	710590464	0	87986176	1834089	17087016960	16532873216	466194432	87949312	13700644864
2026-09-28T11:31:40+04:00	ck9b-mirror-256k	1	4	18666090496	19954552832	17893490688	710590464	0	87986176	1834089	17087016960	16532873216	466194432	87949312	13694558208
2026-09-28T11:31:50+04:00	ck9b-mirror-256k	1	4	18666352640	19954552832	17893490688	710590464	0	87986176	1834089	17087016960	16532873216	466194432	87949312	13687881728
2026-09-28T11:32:00+04:00	ck9b-mirror-256k	1	4	18666332160	19954552832	17893490688	710590464	0	87986176	1834089	17087016960	16532873216	466194432	87949312	13741645824
2026-09-28T11:32:11+04:00	ck9b-mirror-256k	1	4	18667765760	19954552832	17895137280	710594560	0	87986176	1834089	17087148032	16533004288	466194432	87949312	13737881600
2026-09-28T11:32:21+04:00	ck9b-mirror-256k	1	4	18668896256	19954552832	17895878656	710967296	0	87986176	1834089	17087148032	16533004288	466194432	87949312	13736525824
2026-09-28T11:32:31+04:00	ck9b-mirror-256k	1	4	18669133824	19954552832	17895882752	711180288	0	87986176	1834089	17087148032	16533004288	466194432	87949312	13734871040
2026-09-28T11:32:42+04:00	ck9b-mirror-256k	1	4	18670149632	19954552832	17895886848	712192000	0	87986176	1834089	17087148032	16533004288	466194432	87949312	13733261312
2026-09-28T11:32:52+04:00	ck9b-mirror-256k	1	4	18670231552	19954552832	17895886848	712192000	0	87986176	1834089	17087148032	16533004288	466194432	87949312	13743697920
2026-09-28T11:33:02+04:00	ck9b-mirror-256k	1	4	18702348288	19954552832	17927839744	712298496	0	87986176	1834089	17087148032	16533004288	466194432	87949312	13715574784
2026-09-28T11:33:12+04:00	ck9b-mirror-256k	1	4	18702360576	19954552832	17927839744	712298496	0	87986176	1834089	17087148032	16533004288	466194432	87949312	13708034048
2026-09-28T11:33:23+04:00	ck9b-mirror-256k	1	4	18702114816	19954552832	17927839744	712298496	0	87986176	1834089	17087148032	16533004288	466194432	87949312	13706153984
2026-09-28T11:33:33+04:00	ck9b-mirror-256k	1	4	18702118912	19954552832	17927839744	712298496	0	87986176	1834089	17087148032	16533004288	466194432	87949312	13707902976
2026-09-28T11:33:43+04:00	ck9b-mirror-256k	1	4	18702110720	19954552832	17927839744	712298496	0	87986176	1834089	17087148032	16533004288	466194432	87949312	12720275456
2026-09-28T11:33:54+04:00	ck9b-mirror-256k	1	4	18702364672	19954552832	17927839744	712400896	0	87986176	1834089	17087148032	16533004288	466194432	87949312	11822489600
