2026/09/23 17:59:58.836, 41, 277 MHz, 405 MHz, 16.03 W, 0x0000000000000400
2026/09/23 17:59:59.839, 41, 277 MHz, 405 MHz, 15.98 W, 0x0000000000000400
2026/09/23 18:00:00.842, 41, 277 MHz, 405 MHz, 15.87 W, 0x0000000000000400
2026/09/23 18:00:01.844, 41, 277 MHz, 405 MHz, 15.89 W, 0x0000000000000400
2026/09/23 18:00:02.845, 41, 277 MHz, 405 MHz, 15.55 W, 0x0000000000000400
2026/09/23 18:00:03.847, 41, 277 MHz, 405 MHz, 15.32 W, 0x0000000000000400
2026/09/23 18:00:04.849, 41, 277 MHz, 405 MHz, 15.08 W, 0x0000000000000400
2026/09/23 18:00:05.852, 41, 277 MHz, 405 MHz, 15.24 W, 0x0000000000000400
2026/09/23 18:00:06.854, 41, 277 MHz, 405 MHz, 15.18 W, 0x0000000000000400
2026/09/23 18:00:07.861, 41, 277 MHz, 405 MHz, 15.14 W, 0x0000000000000400
2026/09/23 18:00:08.864, 41, 277 MHz, 405 MHz, 15.02 W, 0x0000000000000400
2026/09/23 18:00:09.866, 41, 1440 MHz, 15016 MHz, 21.54 W, 0x0000000000000400
2026/09/23 18:00:10.868, 42, 2610 MHz, 15016 MHz, 43.45 W, 0x0000000000000400
2026/09/23 18:00:11.870, 42, 2610 MHz, 15016 MHz, 43.08 W, 0x0000000000000400
2026/09/23 18:00:12.871, 42, 2610 MHz, 15016 MHz, 44.54 W, 0x0000000000000400
2026/09/23 18:00:13.872, 43, 2685 MHz, 15016 MHz, 47.14 W, 0x0000000000000400
2026/09/23 18:00:16.423, 43, 2610 MHz, 15016 MHz, 44.44 W, 0x0000000000000400
2026/09/23 18:00:17.425, 43, 2617 MHz, 15016 MHz, 40.68 W, 0x0000000000000400
2026/09/23 18:00:18.427, 42, 907 MHz, 7001 MHz, 29.48 W, 0x0000000000000400
2026/09/23 18:00:19.430, 41, 435 MHz, 810 MHz, 19.29 W, 0x0000000000000400
2026/09/23 18:00:20.435, 41, 277 MHz, 405 MHz, 18.60 W, 0x0000000000000400
2026/09/23 18:00:21.438, 41, 277 MHz, 405 MHz, 16.99 W, 0x0000000000000400
2026/09/23 18:00:22.441, 41, 277 MHz, 405 MHz, 16.94 W, 0x0000000000000400
2026/09/23 18:00:23.446, 41, 277 MHz, 405 MHz, 16.75 W, 0x0000000000000400
2026/09/23 18:00:24.447, 41, 277 MHz, 405 MHz, 16.66 W, 0x0000000000000400
2026/09/23 18:00:25.452, 41, 270 MHz, 405 MHz, 16.67 W, 0x0000000000000400
2026/09/23 18:00:26.455, 41, 277 MHz, 405 MHz, 16.43 W, 0x0000000000000400
2026/09/23 18:00:27.457, 41, 277 MHz, 405 MHz, 16.40 W, 0x0000000000000400
2026/09/23 18:00:28.462, 41, 277 MHz, 405 MHz, 16.44 W, 0x0000000000000400
2026/09/23 18:00:29.464, 41, 277 MHz, 405 MHz, 16.65 W, 0x0000000000000400
2026/09/23 18:00:30.469, 41, 277 MHz, 405 MHz, 16.65 W, 0x0000000000000400
2026/09/23 18:00:31.473, 41, 277 MHz, 405 MHz, 16.65 W, 0x0000000000000400
2026/09/23 18:00:32.475, 41, 277 MHz, 405 MHz, 16.70 W, 0x0000000000000400
2026/09/23 18:00:33.479, 41, 277 MHz, 405 MHz, 17.00 W, 0x0000000000000400
2026/09/23 18:00:34.482, 41, 277 MHz, 405 MHz, 16.89 W, 0x0000000000000400
2026/09/23 18:00:35.484, 41, 277 MHz, 405 MHz, 16.68 W, 0x0000000000000400
2026/09/23 18:00:36.486, 41, 277 MHz, 405 MHz, 16.70 W, 0x0000000000000400
2026/09/23 18:00:37.489, 41, 277 MHz, 405 MHz, 16.82 W, 0x0000000000000400
2026/09/23 18:00:38.493, 41, 277 MHz, 405 MHz, 16.86 W, 0x0000000000000400
2026/09/23 18:00:39.495, 41, 277 MHz, 405 MHz, 16.73 W, 0x0000000000000400
2026/09/23 18:00:40.500, 41, 277 MHz, 405 MHz, 16.61 W, 0x0000000000000400
2026/09/23 18:00:41.505, 41, 277 MHz, 405 MHz, 16.59 W, 0x0000000000000400
2026/09/23 18:00:42.506, 41, 277 MHz, 405 MHz, 16.50 W, 0x0000000000000400
2026/09/23 18:00:43.510, 41, 277 MHz, 405 MHz, 16.51 W, 0x0000000000000400
2026/09/23 18:00:44.517, 41, 277 MHz, 405 MHz, 16.20 W, 0x0000000000000400
2026/09/23 18:00:45.518, 41, 277 MHz, 405 MHz, 16.44 W, 0x0000000000000400
2026/09/23 18:00:46.519, 41, 277 MHz, 405 MHz, 16.48 W, 0x0000000000000400
2026/09/23 18:00:47.520, 41, 277 MHz, 405 MHz, 16.65 W, 0x0000000000000400
2026/09/23 18:00:50.289, 41, 277 MHz, 405 MHz, 16.41 W, 0x0000000000000400
2026/09/23 18:00:51.294, 41, 277 MHz, 405 MHz, 19.70 W, 0x0000000000000400
2026/09/23 18:00:52.295, 43, 2625 MHz, 15016 MHz, 44.60 W, 0x0000000000000400
2026/09/23 18:00:53.297, 43, 2610 MHz, 15016 MHz, 39.56 W, 0x0000000000000400
2026/09/23 18:00:54.298, 42, 645 MHz, 7001 MHz, 33.24 W, 0x0000000000000400
2026/09/23 18:00:55.299, 44, 2940 MHz, 15016 MHz, 62.46 W, 0x0000000000000400
2026/09/23 18:00:56.300, 44, 2947 MHz, 15016 MHz, 55.75 W, 0x0000000000000400
2026/09/23 18:00:57.301, 43, 2347 MHz, 7001 MHz, 39.75 W, 0x0000000000000400
2026/09/23 18:00:58.303, 42, 510 MHz, 7001 MHz, 36.15 W, 0x0000000000000400
2026/09/23 18:00:59.304, 49, 2940 MHz, 15016 MHz, 124.05 W, 0x0000000000000400
2026/09/23 18:01:00.305, 54, 2940 MHz, 15016 MHz, 149.26 W, 0x0000000000000400
2026/09/23 18:01:01.307, 47, 2947 MHz, 15016 MHz, 105.09 W, 0x0000000000000400
2026/09/23 18:01:02.308, 45, 2947 MHz, 15016 MHz, 56.17 W, 0x0000000000000400
2026/09/23 18:01:03.309, 44, 555 MHz, 7001 MHz, 31.42 W, 0x0000000000000400
2026/09/23 18:01:04.315, 43, 435 MHz, 7001 MHz, 27.72 W, 0x0000000000000400
2026/09/23 18:01:05.316, 43, 277 MHz, 7001 MHz, 27.45 W, 0x0000000000000400
2026/09/23 18:01:06.318, 43, 277 MHz, 7001 MHz, 27.37 W, 0x0000000000000400
2026/09/23 18:01:07.319, 43, 277 MHz, 7001 MHz, 27.27 W, 0x0000000000000400
2026/09/23 18:01:08.321, 43, 277 MHz, 810 MHz, 18.37 W, 0x0000000000000400
2026/09/23 18:01:09.323, 43, 277 MHz, 810 MHz, 16.05 W, 0x0000000000000400
2026/09/23 18:01:10.324, 43, 277 MHz, 405 MHz, 15.87 W, 0x0000000000000400
2026/09/23 18:01:11.326, 43, 277 MHz, 405 MHz, 15.52 W, 0x0000000000000400
2026/09/23 18:01:12.328, 43, 277 MHz, 405 MHz, 15.45 W, 0x0000000000000400
2026/09/23 18:01:13.330, 43, 277 MHz, 405 MHz, 15.49 W, 0x0000000000000400
2026/09/23 18:01:14.331, 43, 277 MHz, 405 MHz, 15.33 W, 0x0000000000000400
2026/09/23 18:01:15.332, 43, 277 MHz, 405 MHz, 15.46 W, 0x0000000000000400
2026/09/23 18:01:16.334, 43, 277 MHz, 405 MHz, 15.48 W, 0x0000000000000400
2026/09/23 18:01:17.335, 43, 277 MHz, 405 MHz, 15.50 W, 0x0000000000000400
2026/09/23 18:01:18.337, 43, 277 MHz, 405 MHz, 15.56 W, 0x0000000000000400
2026/09/23 18:01:19.340, 43, 277 MHz, 405 MHz, 15.62 W, 0x0000000000000400
2026/09/23 18:01:20.342, 43, 277 MHz, 405 MHz, 15.62 W, 0x0000000000000400
2026/09/23 18:01:21.344, 44, 885 MHz, 7001 MHz, 49.64 W, 0x0000000000000400
2026/09/23 18:01:24.045, 52, 2910 MHz, 15016 MHz, 164.32 W, 0x0000000000000400
2026/09/23 18:01:25.047, 48, 2947 MHz, 15016 MHz, 81.79 W, 0x0000000000000400
2026/09/23 18:01:26.049, 48, 2947 MHz, 15016 MHz, 89.80 W, 0x0000000000000400
2026/09/23 18:01:27.051, 48, 2947 MHz, 15016 MHz, 89.94 W, 0x0000000000000400
2026/09/23 18:01:28.053, 50, 2947 MHz, 15016 MHz, 91.32 W, 0x0000000000000400
2026/09/23 18:01:29.055, 49, 2947 MHz, 15016 MHz, 90.92 W, 0x0000000000000400
2026/09/23 18:01:30.056, 49, 2947 MHz, 15016 MHz, 91.09 W, 0x0000000000000400
2026/09/23 18:01:31.058, 49, 2947 MHz, 15016 MHz, 89.69 W, 0x0000000000000400
2026/09/23 18:01:32.059, 49, 2947 MHz, 15016 MHz, 91.76 W, 0x0000000000000400
2026/09/23 18:01:33.061, 49, 2947 MHz, 15016 MHz, 90.44 W, 0x0000000000000400
2026/09/23 18:01:34.062, 50, 2947 MHz, 15016 MHz, 91.60 W, 0x0000000000000400
2026/09/23 18:01:35.064, 49, 2947 MHz, 15016 MHz, 90.07 W, 0x0000000000000400
2026/09/23 18:01:36.065, 49, 2947 MHz, 15016 MHz, 93.08 W, 0x0000000000000400
2026/09/23 18:01:37.067, 50, 2947 MHz, 15016 MHz, 94.27 W, 0x0000000000000400
2026/09/23 18:01:38.071, 51, 2940 MHz, 15016 MHz, 95.93 W, 0x0000000000000400
2026/09/23 18:01:39.072, 51, 2947 MHz, 15016 MHz, 95.89 W, 0x0000000000000400
2026/09/23 18:01:40.083, 50, 2947 MHz, 15016 MHz, 95.91 W, 0x0000000000000400
2026/09/23 18:01:41.085, 50, 2947 MHz, 15016 MHz, 96.13 W, 0x0000000000000400
2026/09/23 18:01:42.091, 50, 2947 MHz, 15016 MHz, 86.38 W, 0x0000000000000400
2026/09/23 18:01:43.092, 50, 2940 MHz, 15016 MHz, 93.12 W, 0x0000000000000400
2026/09/23 18:01:44.094, 51, 2940 MHz, 15016 MHz, 94.83 W, 0x0000000000000400
2026/09/23 18:01:45.095, 51, 2947 MHz, 15016 MHz, 94.98 W, 0x0000000000000400
2026/09/23 18:01:46.097, 51, 2940 MHz, 15016 MHz, 95.99 W, 0x0000000000000400
2026/09/23 18:01:47.098, 51, 2932 MHz, 15016 MHz, 98.57 W, 0x0000000000000400
2026/09/23 18:01:48.099, 52, 2932 MHz, 15016 MHz, 97.72 W, 0x0000000000000400
2026/09/23 18:01:49.101, 52, 2932 MHz, 15016 MHz, 97.95 W, 0x0000000000000400
2026/09/23 18:01:50.103, 52, 2932 MHz, 15016 MHz, 98.86 W, 0x0000000000000400
2026/09/23 18:01:51.105, 61, 2940 MHz, 15016 MHz, 98.89 W, 0x0000000000000400
2026/09/23 18:01:52.106, 51, 2932 MHz, 15016 MHz, 100.20 W, 0x0000000000000400
2026/09/23 18:01:53.108, 52, 2932 MHz, 15016 MHz, 96.48 W, 0x0000000000000400
2026/09/23 18:01:54.110, 61, 2932 MHz, 15016 MHz, 101.10 W, 0x0000000000000400
2026/09/23 18:01:55.111, 52, 2932 MHz, 15016 MHz, 101.15 W, 0x0000000000000400
2026/09/23 18:01:57.825, 52, 2932 MHz, 15016 MHz, 88.33 W, 0x0000000000000400
2026/09/23 18:01:58.827, 56, 2925 MHz, 15016 MHz, 163.87 W, 0x0000000000000400
2026/09/23 18:01:59.836, 56, 2925 MHz, 15016 MHz, 164.53 W, 0x0000000000000400
2026/09/23 18:02:00.838, 58, 2925 MHz, 15016 MHz, 158.12 W, 0x0000000000000400
2026/09/23 18:02:01.839, 59, 2910 MHz, 15016 MHz, 165.51 W, 0x0000000000000400
2026/09/23 18:02:02.841, 53, 2932 MHz, 15016 MHz, 84.55 W, 0x0000000000000400
2026/09/23 18:02:03.850, 53, 2932 MHz, 15016 MHz, 92.71 W, 0x0000000000000400
2026/09/23 18:02:04.851, 53, 2932 MHz, 15016 MHz, 92.71 W, 0x0000000000000400
2026/09/23 18:02:05.853, 54, 2932 MHz, 15016 MHz, 94.02 W, 0x0000000000000400
2026/09/23 18:02:06.854, 54, 2932 MHz, 15016 MHz, 92.58 W, 0x0000000000000400
2026/09/23 18:02:07.856, 54, 2932 MHz, 15016 MHz, 94.00 W, 0x0000000000000400
2026/09/23 18:02:08.857, 53, 2932 MHz, 15016 MHz, 92.65 W, 0x0000000000000400
2026/09/23 18:02:09.859, 54, 2932 MHz, 15016 MHz, 92.79 W, 0x0000000000000400
2026/09/23 18:02:10.861, 54, 2932 MHz, 15016 MHz, 92.65 W, 0x0000000000000400
2026/09/23 18:02:11.863, 54, 2932 MHz, 15016 MHz, 93.87 W, 0x0000000000000400
2026/09/23 18:02:12.865, 54, 2932 MHz, 15016 MHz, 93.78 W, 0x0000000000000400
2026/09/23 18:02:13.866, 55, 2932 MHz, 15016 MHz, 97.96 W, 0x0000000000000400
2026/09/23 18:02:14.874, 54, 2932 MHz, 15016 MHz, 98.11 W, 0x0000000000000400
2026/09/23 18:02:15.876, 55, 2932 MHz, 15016 MHz, 97.78 W, 0x0000000000000400
2026/09/23 18:02:16.877, 55, 2932 MHz, 15016 MHz, 96.30 W, 0x0000000000000400
2026/09/23 18:02:17.879, 55, 2932 MHz, 15016 MHz, 96.52 W, 0x0000000000000400
2026/09/23 18:02:18.881, 63, 2932 MHz, 15016 MHz, 96.92 W, 0x0000000000000400
2026/09/23 18:02:19.887, 54, 2932 MHz, 15016 MHz, 95.71 W, 0x0000000000000400
2026/09/23 18:02:20.889, 55, 2932 MHz, 15016 MHz, 98.85 W, 0x0000000000000400
2026/09/23 18:02:21.891, 56, 2932 MHz, 15016 MHz, 98.69 W, 0x0000000000000400
2026/09/23 18:02:22.892, 57, 2932 MHz, 15016 MHz, 90.39 W, 0x0000000000000400
2026/09/23 18:02:23.898, 55, 2932 MHz, 15016 MHz, 94.73 W, 0x0000000000000400
2026/09/23 18:02:24.900, 55, 2932 MHz, 15016 MHz, 100.83 W, 0x0000000000000400
2026/09/23 18:02:25.901, 55, 2932 MHz, 15016 MHz, 101.19 W, 0x0000000000000400
2026/09/23 18:02:26.902, 55, 2932 MHz, 15016 MHz, 102.93 W, 0x0000000000000400
2026/09/23 18:02:27.903, 56, 2932 MHz, 15016 MHz, 100.92 W, 0x0000000000000400
2026/09/23 18:02:28.909, 56, 2925 MHz, 15016 MHz, 101.47 W, 0x0000000000000400
2026/09/23 18:02:31.554, 56, 2932 MHz, 15016 MHz, 103.01 W, 0x0000000000000400
2026/09/23 18:02:32.556, 55, 2932 MHz, 15016 MHz, 100.64 W, 0x0000000000000400
2026/09/23 18:02:33.564, 56, 2925 MHz, 15016 MHz, 100.58 W, 0x0000000000000400
2026/09/23 18:02:34.566, 57, 2925 MHz, 15016 MHz, 103.70 W, 0x0000000000000400
2026/09/23 18:02:35.568, 62, 2932 MHz, 15016 MHz, 103.34 W, 0x0000000000000400
2026/09/23 18:02:36.569, 56, 2932 MHz, 15016 MHz, 101.00 W, 0x0000000000000400
2026/09/23 18:02:37.572, 56, 2932 MHz, 15016 MHz, 105.29 W, 0x0000000000000400
2026/09/23 18:02:38.574, 56, 2932 MHz, 15016 MHz, 105.50 W, 0x0000000000000400
2026/09/23 18:02:39.575, 57, 2932 MHz, 15016 MHz, 107.70 W, 0x0000000000000400
2026/09/23 18:02:40.577, 58, 2925 MHz, 15016 MHz, 105.57 W, 0x0000000000000400
2026/09/23 18:02:41.578, 57, 2925 MHz, 15016 MHz, 107.80 W, 0x0000000000000400
2026/09/23 18:02:42.580, 58, 2932 MHz, 15016 MHz, 107.89 W, 0x0000000000000400
2026/09/23 18:02:43.582, 57, 2932 MHz, 15016 MHz, 105.66 W, 0x0000000000000400
2026/09/23 18:02:44.583, 58, 2925 MHz, 15016 MHz, 105.79 W, 0x0000000000000400
2026/09/23 18:02:45.584, 60, 2932 MHz, 15016 MHz, 108.41 W, 0x0000000000000400
2026/09/23 18:02:46.586, 57, 2932 MHz, 15016 MHz, 107.81 W, 0x0000000000000400
2026/09/23 18:02:47.595, 57, 2932 MHz, 15016 MHz, 94.30 W, 0x0000000000000004
2026/09/23 18:02:48.596, 57, 2932 MHz, 15016 MHz, 104.67 W, 0x0000000000000400
2026/09/23 18:02:49.598, 58, 2932 MHz, 15016 MHz, 109.98 W, 0x0000000000000400
2026/09/23 18:02:50.599, 58, 2932 MHz, 15016 MHz, 110.34 W, 0x0000000000000400
2026/09/23 18:02:51.601, 57, 2932 MHz, 15016 MHz, 110.70 W, 0x0000000000000400
2026/09/23 18:02:52.602, 58, 2932 MHz, 15016 MHz, 113.04 W, 0x0000000000000400
2026/09/23 18:02:53.604, 60, 2925 MHz, 15016 MHz, 110.26 W, 0x0000000000000400
2026/09/23 18:02:54.605, 59, 2925 MHz, 15016 MHz, 110.81 W, 0x0000000000000400
2026/09/23 18:02:55.607, 68, 2932 MHz, 15016 MHz, 113.00 W, 0x0000000000000400
2026/09/23 18:02:56.617, 59, 2917 MHz, 15016 MHz, 108.81 W, 0x0000000000000400
2026/09/23 18:02:57.618, 60, 2925 MHz, 15016 MHz, 113.31 W, 0x0000000000000400
2026/09/23 18:02:58.620, 67, 2932 MHz, 15016 MHz, 117.13 W, 0x0000000000000400
2026/09/23 18:02:59.623, 59, 2932 MHz, 15016 MHz, 104.85 W, 0x0000000000000004
2026/09/23 18:03:00.633, 60, 2932 MHz, 15016 MHz, 114.80 W, 0x0000000000000400
2026/09/23 18:03:01.635, 59, 2932 MHz, 15016 MHz, 117.79 W, 0x0000000000000400
2026/09/23 18:03:02.637, 61, 2925 MHz, 15016 MHz, 112.75 W, 0x0000000000000400
2026/09/23 18:03:03.640, 60, 2910 MHz, 15016 MHz, 115.25 W, 0x0000000000000400
2026/09/23 18:03:06.597, 72, 2932 MHz, 15016 MHz, 118.33 W, 0x0000000000000400
2026/09/23 18:03:07.618, 59, 2932 MHz, 15016 MHz, 115.81 W, 0x0000000000000400
2026/09/23 18:03:08.639, 61, 2932 MHz, 15016 MHz, 107.49 W, 0x0000000000000004
2026/09/23 18:03:09.659, 60, 2925 MHz, 15016 MHz, 116.72 W, 0x0000000000000400
2026/09/23 18:03:10.680, 62, 2925 MHz, 15016 MHz, 119.59 W, 0x0000000000000400
2026/09/23 18:03:11.700, 61, 2910 MHz, 15016 MHz, 116.41 W, 0x0000000000000400
2026/09/23 18:03:12.702, 72, 2932 MHz, 15016 MHz, 123.15 W, 0x0000000000000400
2026/09/23 18:03:13.709, 59, 2932 MHz, 15016 MHz, 119.63 W, 0x0000000000000400
2026/09/23 18:03:14.710, 63, 2925 MHz, 15016 MHz, 123.00 W, 0x0000000000000400
2026/09/23 18:03:15.719, 59, 2932 MHz, 15016 MHz, 112.14 W, 0x0000000000000004
2026/09/23 18:03:16.720, 59, 2932 MHz, 15016 MHz, 118.40 W, 0x0000000000000400
2026/09/23 18:03:17.722, 59, 2932 MHz, 15016 MHz, 119.24 W, 0x0000000000000400
2026/09/23 18:03:18.724, 59, 2932 MHz, 15016 MHz, 119.93 W, 0x0000000000000400
2026/09/23 18:03:19.726, 60, 2910 MHz, 15016 MHz, 122.19 W, 0x0000000000000400
2026/09/23 18:03:20.728, 70, 2932 MHz, 15016 MHz, 122.28 W, 0x0000000000000400
2026/09/23 18:03:21.730, 58, 2932 MHz, 15016 MHz, 117.15 W, 0x0000000000000400
2026/09/23 18:03:22.731, 62, 2932 MHz, 15016 MHz, 120.07 W, 0x0000000000000400
2026/09/23 18:03:23.732, 58, 2932 MHz, 15016 MHz, 123.31 W, 0x0000000000000400
2026/09/23 18:03:24.734, 58, 2932 MHz, 15016 MHz, 96.86 W, 0x0000000000000400
2026/09/23 18:03:25.743, 58, 2932 MHz, 15016 MHz, 114.98 W, 0x0000000000000400
2026/09/23 18:03:26.751, 58, 2932 MHz, 15016 MHz, 121.06 W, 0x0000000000000400
2026/09/23 18:03:27.752, 58, 2932 MHz, 15016 MHz, 118.44 W, 0x0000000000000400
2026/09/23 18:03:28.753, 59, 2910 MHz, 15016 MHz, 121.57 W, 0x0000000000000400
2026/09/23 18:03:29.754, 61, 2925 MHz, 15016 MHz, 120.19 W, 0x0000000000000400
2026/09/23 18:03:30.756, 57, 2932 MHz, 15016 MHz, 117.63 W, 0x0000000000000400
2026/09/23 18:03:31.759, 66, 2932 MHz, 15016 MHz, 119.71 W, 0x0000000000000400
2026/09/23 18:03:32.762, 57, 2932 MHz, 15016 MHz, 105.36 W, 0x0000000000000400
2026/09/23 18:03:33.765, 58, 2932 MHz, 15016 MHz, 120.29 W, 0x0000000000000400
2026/09/23 18:03:34.767, 69, 2910 MHz, 15016 MHz, 195.17 W, 0x0000000000000400
2026/09/23 18:03:35.768, 70, 2872 MHz, 15016 MHz, 263.75 W, 0x0000000000000400
2026/09/23 18:03:36.772, 71, 2887 MHz, 15016 MHz, 263.99 W, 0x0000000000000400
2026/09/23 18:03:39.474, 60, 2910 MHz, 15016 MHz, 136.66 W, 0x0000000000000400
2026/09/23 18:03:40.475, 62, 2932 MHz, 15016 MHz, 142.30 W, 0x0000000000000400
2026/09/23 18:03:41.477, 59, 2925 MHz, 15016 MHz, 121.02 W, 0x0000000000000400
2026/09/23 18:03:42.478, 58, 2925 MHz, 15016 MHz, 142.07 W, 0x0000000000000400
2026/09/23 18:03:43.487, 61, 2932 MHz, 15016 MHz, 130.05 W, 0x0000000000000400
2026/09/23 18:03:44.488, 59, 2925 MHz, 15016 MHz, 120.40 W, 0x0000000000000400
2026/09/23 18:03:45.490, 57, 2925 MHz, 15016 MHz, 139.03 W, 0x0000000000000400
2026/09/23 18:03:46.491, 59, 2887 MHz, 15016 MHz, 193.90 W, 0x0000000000000400
2026/09/23 18:03:47.493, 69, 2895 MHz, 15016 MHz, 202.70 W, 0x0000000000000400
2026/09/23 18:03:48.495, 73, 2887 MHz, 15016 MHz, 284.49 W, 0x0000000000000400
2026/09/23 18:03:49.503, 74, 2880 MHz, 15016 MHz, 290.17 W, 0x0000000000000400
2026/09/23 18:03:50.514, 75, 2880 MHz, 15016 MHz, 298.59 W, 0x0000000000000004
2026/09/23 18:03:51.516, 73, 2872 MHz, 15016 MHz, 297.94 W, 0x0000000000000400
2026/09/23 18:03:52.517, 76, 2880 MHz, 15016 MHz, 300.31 W, 0x0000000000000400
2026/09/23 18:03:53.519, 77, 2880 MHz, 15016 MHz, 306.79 W, 0x0000000000000400
2026/09/23 18:03:54.526, 72, 2880 MHz, 15016 MHz, 295.08 W, 0x0000000000000400
2026/09/23 18:03:55.535, 73, 2880 MHz, 15016 MHz, 287.87 W, 0x0000000000000400
2026/09/23 18:03:56.542, 73, 2872 MHz, 15016 MHz, 268.16 W, 0x0000000000000400
2026/09/23 18:03:57.543, 64, 2880 MHz, 15016 MHz, 257.37 W, 0x0000000000000400
2026/09/23 18:03:58.545, 72, 2872 MHz, 15016 MHz, 274.78 W, 0x0000000000000400
2026/09/23 18:03:59.546, 72, 2872 MHz, 15016 MHz, 274.67 W, 0x0000000000000004
2026/09/23 18:04:00.548, 72, 2865 MHz, 15016 MHz, 270.93 W, 0x0000000000000400
2026/09/23 18:04:01.551, 73, 2865 MHz, 15016 MHz, 272.99 W, 0x0000000000000400
2026/09/23 18:04:02.553, 73, 2865 MHz, 15016 MHz, 270.08 W, 0x0000000000000004
2026/09/23 18:04:03.559, 73, 2895 MHz, 15016 MHz, 269.46 W, 0x0000000000000400
2026/09/23 18:04:04.561, 72, 2865 MHz, 15016 MHz, 273.07 W, 0x0000000000000400
2026/09/23 18:04:05.562, 73, 2880 MHz, 15016 MHz, 266.42 W, 0x0000000000000400
2026/09/23 18:04:06.564, 73, 2872 MHz, 15016 MHz, 271.56 W, 0x0000000000000400
2026/09/23 18:04:07.572, 73, 2872 MHz, 15016 MHz, 271.04 W, 0x0000000000000400
2026/09/23 18:04:08.573, 72, 2865 MHz, 15016 MHz, 267.72 W, 0x0000000000000400
2026/09/23 18:04:09.574, 72, 2872 MHz, 15016 MHz, 270.39 W, 0x0000000000000400
2026/09/23 18:04:10.575, 71, 2872 MHz, 15016 MHz, 270.52 W, 0x0000000000000004
2026/09/23 18:04:11.577, 67, 2865 MHz, 15016 MHz, 268.32 W, 0x0000000000000004
2026/09/23 18:04:14.534, 72, 2880 MHz, 15016 MHz, 269.08 W, 0x0000000000000400
2026/09/23 18:04:15.557, 72, 2887 MHz, 15016 MHz, 268.78 W, 0x0000000000000400
2026/09/23 18:04:16.580, 72, 2865 MHz, 15016 MHz, 268.23 W, 0x0000000000000400
2026/09/23 18:04:17.603, 72, 2865 MHz, 15016 MHz, 263.92 W, 0x0000000000000400
2026/09/23 18:04:18.615, 72, 2872 MHz, 15016 MHz, 269.73 W, 0x0000000000000400
2026/09/23 18:04:19.616, 72, 2865 MHz, 15016 MHz, 269.49 W, 0x0000000000000400
2026/09/23 18:04:20.617, 72, 2865 MHz, 15016 MHz, 265.27 W, 0x0000000000000400
2026/09/23 18:04:21.618, 72, 2872 MHz, 15016 MHz, 268.27 W, 0x0000000000000400
2026/09/23 18:04:22.619, 72, 2865 MHz, 15016 MHz, 268.67 W, 0x0000000000000400
2026/09/23 18:04:23.621, 64, 2895 MHz, 15016 MHz, 223.13 W, 0x0000000000000400
2026/09/23 18:04:24.623, 70, 2872 MHz, 15016 MHz, 268.64 W, 0x0000000000000400
2026/09/23 18:04:25.624, 66, 2895 MHz, 15016 MHz, 250.17 W, 0x0000000000000004
2026/09/23 18:04:26.625, 71, 2872 MHz, 15016 MHz, 320.04 W, 0x0000000000000004
2026/09/23 18:04:27.635, 75, 2865 MHz, 15016 MHz, 322.61 W, 0x0000000000000004
2026/09/23 18:04:28.636, 67, 2857 MHz, 15016 MHz, 304.30 W, 0x0000000000000400
2026/09/23 18:04:29.644, 63, 2902 MHz, 15016 MHz, 206.02 W, 0x0000000000000004
2026/09/23 18:04:30.645, 74, 2872 MHz, 15016 MHz, 322.99 W, 0x0000000000000004
2026/09/23 18:04:31.654, 75, 2865 MHz, 15016 MHz, 322.85 W, 0x0000000000000004
2026/09/23 18:04:32.655, 76, 2857 MHz, 15016 MHz, 325.08 W, 0x0000000000000004
2026/09/23 18:04:33.657, 77, 2865 MHz, 15016 MHz, 323.16 W, 0x0000000000000004
2026/09/23 18:04:34.664, 77, 2872 MHz, 15016 MHz, 323.63 W, 0x0000000000000004
2026/09/23 18:04:35.665, 74, 2865 MHz, 15016 MHz, 321.62 W, 0x0000000000000004
2026/09/23 18:04:36.667, 74, 2865 MHz, 15016 MHz, 317.83 W, 0x0000000000000400
2026/09/23 18:04:37.677, 73, 2865 MHz, 15016 MHz, 287.50 W, 0x0000000000000004
2026/09/23 18:04:38.685, 74, 2865 MHz, 15016 MHz, 281.92 W, 0x0000000000000400
2026/09/23 18:04:39.692, 72, 2865 MHz, 15016 MHz, 264.51 W, 0x0000000000000400
2026/09/23 18:04:40.693, 72, 2872 MHz, 15016 MHz, 278.86 W, 0x0000000000000400
2026/09/23 18:04:41.695, 61, 2880 MHz, 15016 MHz, 221.11 W, 0x0000000000000400
2026/09/23 18:04:42.696, 59, 2925 MHz, 15016 MHz, 126.90 W, 0x0000000000000400
2026/09/23 18:04:43.699, 57, 2932 MHz, 15016 MHz, 149.30 W, 0x0000000000000400
2026/09/23 18:04:44.706, 58, 2925 MHz, 15016 MHz, 120.60 W, 0x0000000000000400
2026/09/23 18:04:45.712, 55, 2925 MHz, 15016 MHz, 142.36 W, 0x0000000000000400
2026/09/23 18:04:48.726, 55, 2932 MHz, 15016 MHz, 122.22 W, 0x0000000000000400
2026/09/23 18:04:49.727, 57, 2917 MHz, 15016 MHz, 146.95 W, 0x0000000000000400
2026/09/23 18:04:50.729, 55, 2910 MHz, 15016 MHz, 174.34 W, 0x0000000000000400
2026/09/23 18:04:51.730, 68, 2880 MHz, 15016 MHz, 287.15 W, 0x0000000000000004
2026/09/23 18:04:52.732, 73, 2872 MHz, 15016 MHz, 322.62 W, 0x0000000000000004
2026/09/23 18:04:53.734, 74, 2872 MHz, 15016 MHz, 319.72 W, 0x0000000000000004
2026/09/23 18:04:54.735, 73, 2865 MHz, 15016 MHz, 320.68 W, 0x0000000000000004
2026/09/23 18:04:55.738, 75, 2857 MHz, 15016 MHz, 322.14 W, 0x0000000000000004
2026/09/23 18:04:56.739, 72, 2865 MHz, 15016 MHz, 324.12 W, 0x0000000000000004
2026/09/23 18:04:57.740, 76, 2872 MHz, 15016 MHz, 316.67 W, 0x0000000000000004
2026/09/23 18:04:58.741, 72, 2872 MHz, 15016 MHz, 306.83 W, 0x0000000000000400
2026/09/23 18:04:59.742, 72, 2865 MHz, 15016 MHz, 281.96 W, 0x0000000000000400
2026/09/23 18:05:00.743, 73, 2865 MHz, 15016 MHz, 271.55 W, 0x0000000000000400
2026/09/23 18:05:01.744, 72, 2872 MHz, 15016 MHz, 277.61 W, 0x0000000000000400
2026/09/23 18:05:02.746, 72, 2865 MHz, 15016 MHz, 276.28 W, 0x0000000000000400
2026/09/23 18:05:03.747, 72, 2872 MHz, 15016 MHz, 271.92 W, 0x0000000000000400
2026/09/23 18:05:04.753, 71, 2865 MHz, 15016 MHz, 272.00 W, 0x0000000000000004
2026/09/23 18:05:05.754, 72, 2887 MHz, 15016 MHz, 271.28 W, 0x0000000000000400
2026/09/23 18:05:06.755, 71, 2865 MHz, 15016 MHz, 273.35 W, 0x0000000000000400
2026/09/23 18:05:07.757, 71, 2872 MHz, 15016 MHz, 274.10 W, 0x0000000000000400
2026/09/23 18:05:08.758, 71, 2895 MHz, 15016 MHz, 269.16 W, 0x0000000000000400
2026/09/23 18:05:09.761, 70, 2865 MHz, 15016 MHz, 272.99 W, 0x0000000000000400
2026/09/23 18:05:10.762, 71, 2872 MHz, 15016 MHz, 271.03 W, 0x0000000000000400
2026/09/23 18:05:11.764, 71, 2872 MHz, 15016 MHz, 268.47 W, 0x0000000000000400
2026/09/23 18:05:12.765, 71, 2865 MHz, 15016 MHz, 268.36 W, 0x0000000000000004
2026/09/23 18:05:13.772, 71, 2865 MHz, 15016 MHz, 270.52 W, 0x0000000000000400
2026/09/23 18:05:14.773, 71, 2895 MHz, 15016 MHz, 268.01 W, 0x0000000000000400
2026/09/23 18:05:15.774, 70, 2872 MHz, 15016 MHz, 268.20 W, 0x0000000000000400
2026/09/23 18:05:16.784, 71, 2865 MHz, 15016 MHz, 268.55 W, 0x0000000000000400
2026/09/23 18:05:17.785, 71, 2872 MHz, 15016 MHz, 266.58 W, 0x0000000000000004
2026/09/23 18:05:18.787, 71, 2872 MHz, 15016 MHz, 268.03 W, 0x0000000000000400
2026/09/23 18:05:19.788, 71, 2865 MHz, 15016 MHz, 268.54 W, 0x0000000000000400
2026/09/23 18:05:22.794, 69, 2872 MHz, 15016 MHz, 268.99 W, 0x0000000000000400
2026/09/23 18:05:23.796, 71, 2865 MHz, 15016 MHz, 264.65 W, 0x0000000000000400
2026/09/23 18:05:24.797, 71, 2880 MHz, 15016 MHz, 267.19 W, 0x0000000000000400
2026/09/23 18:05:25.799, 65, 2872 MHz, 15016 MHz, 251.97 W, 0x0000000000000400
2026/09/23 18:05:26.800, 57, 2895 MHz, 15016 MHz, 183.32 W, 0x0000000000000400
2026/09/23 18:05:27.801, 53, 2932 MHz, 15016 MHz, 62.80 W, 0x0000000000000400
2026/09/23 18:05:28.803, 50, 1380 MHz, 15016 MHz, 49.13 W, 0x0000000000000400
2026/09/23 18:05:29.804, 49, 390 MHz, 7001 MHz, 32.65 W, 0x0000000000000400
2026/09/23 18:05:30.806, 49, 390 MHz, 7001 MHz, 31.70 W, 0x0000000000000400
2026/09/23 18:05:31.807, 48, 277 MHz, 7001 MHz, 31.15 W, 0x0000000000000400
2026/09/23 18:05:32.809, 48, 277 MHz, 7001 MHz, 19.32 W, 0x0000000000000400
2026/09/23 18:05:33.812, 47, 277 MHz, 405 MHz, 21.32 W, 0x0000000000000400
