2026/09/23 17:53:01.420, 41, 277 MHz, 405 MHz, 14.63 W, 0x0000000000000400
2026/09/23 17:53:02.426, 41, 277 MHz, 405 MHz, 14.72 W, 0x0000000000000400
2026/09/23 17:53:03.428, 41, 277 MHz, 405 MHz, 14.68 W, 0x0000000000000400
2026/09/23 17:53:04.429, 41, 277 MHz, 405 MHz, 14.65 W, 0x0000000000000400
2026/09/23 17:53:05.430, 41, 277 MHz, 405 MHz, 14.77 W, 0x0000000000000400
2026/09/23 17:53:06.441, 41, 277 MHz, 405 MHz, 14.89 W, 0x0000000000000400
2026/09/23 17:53:07.442, 41, 277 MHz, 405 MHz, 14.81 W, 0x0000000000000400
2026/09/23 17:53:08.444, 41, 277 MHz, 405 MHz, 14.79 W, 0x0000000000000400
2026/09/23 17:53:09.446, 41, 277 MHz, 405 MHz, 14.76 W, 0x0000000000000400
2026/09/23 17:53:10.447, 41, 277 MHz, 405 MHz, 14.86 W, 0x0000000000000400
2026/09/23 17:53:11.450, 41, 277 MHz, 405 MHz, 14.91 W, 0x0000000000000400
2026/09/23 17:53:12.452, 42, 277 MHz, 15016 MHz, 21.28 W, 0x0000000000000400
2026/09/23 17:53:13.453, 43, 2610 MHz, 15016 MHz, 43.31 W, 0x0000000000000400
2026/09/23 17:53:14.455, 43, 2610 MHz, 15016 MHz, 42.92 W, 0x0000000000000400
2026/09/23 17:53:15.456, 43, 2610 MHz, 15016 MHz, 43.42 W, 0x0000000000000400
2026/09/23 17:53:16.457, 43, 2610 MHz, 15016 MHz, 43.03 W, 0x0000000000000400
2026/09/23 17:53:17.459, 43, 2670 MHz, 15016 MHz, 47.36 W, 0x0000000000000400
2026/09/23 17:53:18.460, 43, 2025 MHz, 7001 MHz, 39.38 W, 0x0000000000000400
2026/09/23 17:53:19.461, 42, 562 MHz, 810 MHz, 25.77 W, 0x0000000000000400
2026/09/23 17:53:20.465, 42, 337 MHz, 810 MHz, 18.31 W, 0x0000000000000400
2026/09/23 17:53:21.470, 42, 277 MHz, 405 MHz, 16.86 W, 0x0000000000000400
2026/09/23 17:53:22.473, 42, 277 MHz, 405 MHz, 16.52 W, 0x0000000000000400
2026/09/23 17:53:23.480, 42, 277 MHz, 405 MHz, 16.48 W, 0x0000000000000400
2026/09/23 17:53:24.483, 42, 277 MHz, 405 MHz, 16.43 W, 0x0000000000000400
2026/09/23 17:53:25.488, 42, 277 MHz, 405 MHz, 16.73 W, 0x0000000000000400
2026/09/23 17:53:26.489, 42, 277 MHz, 405 MHz, 16.53 W, 0x0000000000000400
2026/09/23 17:53:29.113, 42, 277 MHz, 405 MHz, 16.35 W, 0x0000000000000400
2026/09/23 17:53:30.116, 42, 277 MHz, 405 MHz, 16.24 W, 0x0000000000000400
2026/09/23 17:53:31.122, 42, 277 MHz, 405 MHz, 16.43 W, 0x0000000000000400
2026/09/23 17:53:32.125, 42, 277 MHz, 405 MHz, 16.52 W, 0x0000000000000400
2026/09/23 17:53:33.128, 42, 277 MHz, 405 MHz, 16.47 W, 0x0000000000000400
2026/09/23 17:53:34.135, 42, 277 MHz, 405 MHz, 16.66 W, 0x0000000000000400
2026/09/23 17:53:35.137, 42, 277 MHz, 405 MHz, 16.59 W, 0x0000000000000400
2026/09/23 17:53:36.140, 42, 277 MHz, 405 MHz, 16.49 W, 0x0000000000000400
2026/09/23 17:53:37.142, 42, 277 MHz, 405 MHz, 16.40 W, 0x0000000000000400
2026/09/23 17:53:38.143, 42, 277 MHz, 405 MHz, 16.43 W, 0x0000000000000400
2026/09/23 17:53:39.146, 42, 277 MHz, 405 MHz, 16.29 W, 0x0000000000000400
2026/09/23 17:53:40.150, 42, 277 MHz, 405 MHz, 16.38 W, 0x0000000000000400
2026/09/23 17:53:41.153, 42, 277 MHz, 405 MHz, 16.54 W, 0x0000000000000400
2026/09/23 17:53:42.158, 42, 277 MHz, 405 MHz, 16.33 W, 0x0000000000000400
2026/09/23 17:53:43.163, 42, 277 MHz, 405 MHz, 16.24 W, 0x0000000000000400
2026/09/23 17:53:44.168, 42, 277 MHz, 405 MHz, 16.33 W, 0x0000000000000400
2026/09/23 17:53:45.169, 42, 277 MHz, 405 MHz, 16.53 W, 0x0000000000000400
2026/09/23 17:53:46.177, 42, 277 MHz, 405 MHz, 16.38 W, 0x0000000000000400
2026/09/23 17:53:47.183, 42, 277 MHz, 405 MHz, 16.34 W, 0x0000000000000400
2026/09/23 17:53:48.186, 42, 277 MHz, 405 MHz, 16.39 W, 0x0000000000000400
2026/09/23 17:53:49.191, 42, 277 MHz, 405 MHz, 16.29 W, 0x0000000000000400
2026/09/23 17:53:50.198, 42, 277 MHz, 405 MHz, 16.05 W, 0x0000000000000400
2026/09/23 17:53:51.206, 42, 277 MHz, 405 MHz, 16.35 W, 0x0000000000000400
2026/09/23 17:53:52.210, 42, 277 MHz, 405 MHz, 16.28 W, 0x0000000000000400
2026/09/23 17:53:53.212, 42, 277 MHz, 405 MHz, 16.09 W, 0x0000000000000400
2026/09/23 17:53:54.214, 42, 270 MHz, 405 MHz, 18.32 W, 0x0000000000000400
2026/09/23 17:53:55.216, 43, 2610 MHz, 15016 MHz, 42.10 W, 0x0000000000000400
2026/09/23 17:53:56.217, 43, 2610 MHz, 7001 MHz, 40.01 W, 0x0000000000000400
2026/09/23 17:53:57.219, 42, 510 MHz, 7001 MHz, 28.23 W, 0x0000000000000400
2026/09/23 17:53:58.221, 42, 457 MHz, 7001 MHz, 27.47 W, 0x0000000000000400
2026/09/23 17:53:59.224, 42, 277 MHz, 7001 MHz, 27.25 W, 0x0000000000000400
2026/09/23 17:54:00.225, 42, 397 MHz, 810 MHz, 24.43 W, 0x0000000000000400
2026/09/23 17:54:02.854, 43, 2475 MHz, 15016 MHz, 41.90 W, 0x0000000000000400
2026/09/23 17:54:03.855, 43, 2467 MHz, 15016 MHz, 44.69 W, 0x0000000000000400
2026/09/23 17:54:04.856, 44, 2940 MHz, 15016 MHz, 65.34 W, 0x0000000000000400
2026/09/23 17:54:05.857, 44, 2947 MHz, 15016 MHz, 59.94 W, 0x0000000000000400
2026/09/23 17:54:06.858, 51, 2940 MHz, 15016 MHz, 115.92 W, 0x0000000000000400
2026/09/23 17:54:07.862, 51, 2940 MHz, 15016 MHz, 141.22 W, 0x0000000000000400
2026/09/23 17:54:08.872, 48, 2910 MHz, 15016 MHz, 129.14 W, 0x0000000000000400
2026/09/23 17:54:09.880, 46, 2947 MHz, 15016 MHz, 56.38 W, 0x0000000000000400
2026/09/23 17:54:10.882, 44, 960 MHz, 7001 MHz, 36.94 W, 0x0000000000000400
2026/09/23 17:54:11.883, 44, 465 MHz, 7001 MHz, 28.51 W, 0x0000000000000400
2026/09/23 17:54:12.885, 43, 292 MHz, 7001 MHz, 27.33 W, 0x0000000000000400
2026/09/23 17:54:13.886, 43, 277 MHz, 7001 MHz, 27.33 W, 0x0000000000000400
2026/09/23 17:54:14.887, 43, 277 MHz, 7001 MHz, 27.32 W, 0x0000000000000400
2026/09/23 17:54:15.888, 43, 277 MHz, 7001 MHz, 27.29 W, 0x0000000000000400
2026/09/23 17:54:16.890, 43, 277 MHz, 810 MHz, 15.89 W, 0x0000000000000400
2026/09/23 17:54:17.892, 43, 277 MHz, 405 MHz, 15.31 W, 0x0000000000000400
2026/09/23 17:54:18.893, 43, 277 MHz, 405 MHz, 15.26 W, 0x0000000000000400
2026/09/23 17:54:19.895, 43, 277 MHz, 405 MHz, 15.33 W, 0x0000000000000400
2026/09/23 17:54:20.897, 43, 277 MHz, 405 MHz, 15.37 W, 0x0000000000000400
2026/09/23 17:54:21.898, 43, 277 MHz, 405 MHz, 15.29 W, 0x0000000000000400
2026/09/23 17:54:22.900, 43, 277 MHz, 405 MHz, 15.32 W, 0x0000000000000400
2026/09/23 17:54:23.902, 43, 277 MHz, 405 MHz, 15.39 W, 0x0000000000000400
2026/09/23 17:54:24.903, 43, 277 MHz, 405 MHz, 15.34 W, 0x0000000000000400
2026/09/23 17:54:25.905, 43, 277 MHz, 405 MHz, 15.23 W, 0x0000000000000400
2026/09/23 17:54:26.907, 43, 277 MHz, 405 MHz, 15.19 W, 0x0000000000000400
2026/09/23 17:54:27.908, 43, 277 MHz, 405 MHz, 15.20 W, 0x0000000000000400
2026/09/23 17:54:28.910, 45, 277 MHz, 15016 MHz, 35.90 W, 0x0000000000000400
2026/09/23 17:54:29.913, 53, 2910 MHz, 15016 MHz, 175.17 W, 0x0000000000000400
2026/09/23 17:54:30.914, 49, 2947 MHz, 15016 MHz, 88.42 W, 0x0000000000000400
2026/09/23 17:54:31.915, 49, 2947 MHz, 15016 MHz, 89.47 W, 0x0000000000000400
2026/09/23 17:54:32.924, 49, 2940 MHz, 15016 MHz, 88.07 W, 0x0000000000000400
2026/09/23 17:54:33.925, 49, 2947 MHz, 15016 MHz, 89.34 W, 0x0000000000000400
2026/09/23 17:54:34.926, 49, 2947 MHz, 15016 MHz, 90.58 W, 0x0000000000000400
2026/09/23 17:54:37.477, 49, 2947 MHz, 15016 MHz, 89.85 W, 0x0000000000000400
2026/09/23 17:54:38.478, 50, 2947 MHz, 15016 MHz, 89.54 W, 0x0000000000000400
2026/09/23 17:54:39.479, 49, 2947 MHz, 15016 MHz, 90.94 W, 0x0000000000000400
2026/09/23 17:54:40.480, 50, 2947 MHz, 15016 MHz, 89.83 W, 0x0000000000000400
2026/09/23 17:54:41.482, 53, 2947 MHz, 15016 MHz, 89.85 W, 0x0000000000000400
2026/09/23 17:54:42.483, 50, 2947 MHz, 15016 MHz, 90.87 W, 0x0000000000000400
2026/09/23 17:54:43.484, 50, 2947 MHz, 15016 MHz, 91.98 W, 0x0000000000000400
2026/09/23 17:54:44.485, 50, 2947 MHz, 15016 MHz, 87.24 W, 0x0000000000000400
2026/09/23 17:54:45.487, 50, 2947 MHz, 15016 MHz, 84.57 W, 0x0000000000000400
2026/09/23 17:54:46.488, 50, 2947 MHz, 15016 MHz, 92.65 W, 0x0000000000000400
2026/09/23 17:54:47.490, 51, 2947 MHz, 15016 MHz, 94.21 W, 0x0000000000000400
2026/09/23 17:54:48.491, 50, 2940 MHz, 15016 MHz, 94.05 W, 0x0000000000000400
2026/09/23 17:54:49.493, 51, 2940 MHz, 15016 MHz, 90.99 W, 0x0000000000000400
2026/09/23 17:54:50.494, 51, 2940 MHz, 15016 MHz, 92.93 W, 0x0000000000000400
2026/09/23 17:54:51.496, 51, 2947 MHz, 15016 MHz, 93.06 W, 0x0000000000000400
2026/09/23 17:54:52.497, 53, 2947 MHz, 15016 MHz, 92.33 W, 0x0000000000000400
2026/09/23 17:54:53.499, 51, 2932 MHz, 15016 MHz, 92.81 W, 0x0000000000000400
2026/09/23 17:54:54.506, 51, 2932 MHz, 15016 MHz, 97.28 W, 0x0000000000000400
2026/09/23 17:54:55.507, 51, 2932 MHz, 15016 MHz, 95.01 W, 0x0000000000000400
2026/09/23 17:54:56.509, 51, 2932 MHz, 15016 MHz, 87.53 W, 0x0000000000000400
2026/09/23 17:54:57.511, 52, 2932 MHz, 15016 MHz, 95.96 W, 0x0000000000000400
2026/09/23 17:54:58.512, 52, 2932 MHz, 15016 MHz, 95.66 W, 0x0000000000000400
2026/09/23 17:54:59.514, 52, 2932 MHz, 15016 MHz, 94.21 W, 0x0000000000000400
2026/09/23 17:55:00.514, 52, 2932 MHz, 15016 MHz, 94.86 W, 0x0000000000000400
2026/09/23 17:55:01.516, 56, 2932 MHz, 15016 MHz, 93.55 W, 0x0000000000000400
2026/09/23 17:55:02.526, 52, 2932 MHz, 15016 MHz, 95.11 W, 0x0000000000000400
2026/09/23 17:55:03.531, 52, 2932 MHz, 15016 MHz, 89.96 W, 0x0000000000000400
2026/09/23 17:55:04.546, 52, 2932 MHz, 15016 MHz, 92.28 W, 0x0000000000000400
2026/09/23 17:55:05.548, 58, 2932 MHz, 15016 MHz, 142.84 W, 0x0000000000000400
2026/09/23 17:55:06.550, 60, 2932 MHz, 15016 MHz, 141.49 W, 0x0000000000000400
2026/09/23 17:55:07.551, 61, 2932 MHz, 15016 MHz, 143.58 W, 0x0000000000000400
2026/09/23 17:55:08.563, 59, 2910 MHz, 15016 MHz, 173.32 W, 0x0000000000000400
2026/09/23 17:55:11.181, 54, 2932 MHz, 15016 MHz, 92.20 W, 0x0000000000000400
2026/09/23 17:55:12.183, 54, 2932 MHz, 15016 MHz, 91.72 W, 0x0000000000000400
2026/09/23 17:55:13.184, 53, 2932 MHz, 15016 MHz, 90.12 W, 0x0000000000000400
2026/09/23 17:55:14.186, 54, 2932 MHz, 15016 MHz, 92.10 W, 0x0000000000000400
2026/09/23 17:55:15.187, 55, 2932 MHz, 15016 MHz, 91.73 W, 0x0000000000000400
2026/09/23 17:55:16.188, 53, 2932 MHz, 15016 MHz, 93.18 W, 0x0000000000000400
2026/09/23 17:55:17.189, 54, 2932 MHz, 15016 MHz, 91.61 W, 0x0000000000000400
2026/09/23 17:55:18.192, 54, 2932 MHz, 15016 MHz, 89.86 W, 0x0000000000000400
2026/09/23 17:55:19.194, 56, 2932 MHz, 15016 MHz, 91.86 W, 0x0000000000000400
2026/09/23 17:55:20.195, 54, 2932 MHz, 15016 MHz, 93.46 W, 0x0000000000000400
2026/09/23 17:55:21.196, 54, 2932 MHz, 15016 MHz, 93.04 W, 0x0000000000000400
2026/09/23 17:55:22.197, 54, 2932 MHz, 15016 MHz, 89.38 W, 0x0000000000000400
2026/09/23 17:55:23.198, 54, 2932 MHz, 15016 MHz, 92.14 W, 0x0000000000000400
2026/09/23 17:55:24.200, 54, 2932 MHz, 15016 MHz, 95.02 W, 0x0000000000000400
2026/09/23 17:55:25.202, 56, 2932 MHz, 15016 MHz, 95.20 W, 0x0000000000000400
2026/09/23 17:55:26.203, 56, 2932 MHz, 15016 MHz, 96.34 W, 0x0000000000000400
2026/09/23 17:55:27.204, 54, 2932 MHz, 15016 MHz, 94.32 W, 0x0000000000000400
2026/09/23 17:55:28.212, 55, 2932 MHz, 15016 MHz, 95.34 W, 0x0000000000000400
2026/09/23 17:55:29.213, 55, 2932 MHz, 15016 MHz, 96.87 W, 0x0000000000000400
2026/09/23 17:55:30.215, 55, 2932 MHz, 15016 MHz, 97.12 W, 0x0000000000000400
2026/09/23 17:55:31.217, 60, 2932 MHz, 15016 MHz, 94.23 W, 0x0000000000000400
2026/09/23 17:55:32.218, 55, 2932 MHz, 15016 MHz, 95.61 W, 0x0000000000000400
2026/09/23 17:55:33.220, 55, 2932 MHz, 15016 MHz, 99.99 W, 0x0000000000000400
2026/09/23 17:55:34.221, 55, 2932 MHz, 15016 MHz, 96.09 W, 0x0000000000000400
2026/09/23 17:55:35.223, 55, 2932 MHz, 15016 MHz, 98.33 W, 0x0000000000000400
2026/09/23 17:55:36.224, 56, 2932 MHz, 15016 MHz, 98.55 W, 0x0000000000000400
2026/09/23 17:55:37.225, 55, 2932 MHz, 15016 MHz, 96.49 W, 0x0000000000000400
2026/09/23 17:55:38.228, 56, 2932 MHz, 15016 MHz, 97.54 W, 0x0000000000000400
2026/09/23 17:55:39.230, 56, 2932 MHz, 15016 MHz, 98.63 W, 0x0000000000000400
2026/09/23 17:55:40.231, 61, 2932 MHz, 15016 MHz, 97.56 W, 0x0000000000000400
2026/09/23 17:55:41.233, 56, 2932 MHz, 15016 MHz, 99.33 W, 0x0000000000000400
2026/09/23 17:55:42.234, 57, 2932 MHz, 15016 MHz, 91.74 W, 0x0000000000000400
2026/09/23 17:55:44.866, 56, 2932 MHz, 15016 MHz, 99.11 W, 0x0000000000000400
2026/09/23 17:55:45.868, 57, 2932 MHz, 15016 MHz, 100.17 W, 0x0000000000000400
2026/09/23 17:55:46.870, 57, 2932 MHz, 15016 MHz, 100.91 W, 0x0000000000000400
2026/09/23 17:55:47.877, 57, 2932 MHz, 15016 MHz, 102.15 W, 0x0000000000000400
2026/09/23 17:55:48.884, 57, 2932 MHz, 15016 MHz, 101.22 W, 0x0000000000000400
2026/09/23 17:55:49.885, 58, 2925 MHz, 15016 MHz, 101.27 W, 0x0000000000000400
2026/09/23 17:55:50.886, 56, 2932 MHz, 15016 MHz, 102.16 W, 0x0000000000000400
2026/09/23 17:55:51.888, 57, 2932 MHz, 15016 MHz, 98.46 W, 0x0000000000000400
2026/09/23 17:55:52.890, 57, 2932 MHz, 15016 MHz, 92.67 W, 0x0000000000000400
2026/09/23 17:55:53.892, 58, 2932 MHz, 15016 MHz, 104.48 W, 0x0000000000000400
2026/09/23 17:55:54.900, 58, 2932 MHz, 15016 MHz, 100.36 W, 0x0000000000000400
2026/09/23 17:55:55.901, 62, 2932 MHz, 15016 MHz, 104.60 W, 0x0000000000000400
2026/09/23 17:55:56.903, 58, 2932 MHz, 15016 MHz, 101.40 W, 0x0000000000000400
2026/09/23 17:55:57.909, 64, 2925 MHz, 15016 MHz, 107.37 W, 0x0000000000000400
2026/09/23 17:55:58.910, 57, 2932 MHz, 15016 MHz, 98.46 W, 0x0000000000000400
2026/09/23 17:55:59.912, 59, 2932 MHz, 15016 MHz, 105.44 W, 0x0000000000000400
2026/09/23 17:56:00.913, 58, 2932 MHz, 15016 MHz, 108.08 W, 0x0000000000000400
2026/09/23 17:56:01.915, 58, 2932 MHz, 15016 MHz, 105.38 W, 0x0000000000000400
2026/09/23 17:56:02.917, 59, 2925 MHz, 15016 MHz, 105.96 W, 0x0000000000000400
2026/09/23 17:56:03.918, 62, 2932 MHz, 15016 MHz, 103.85 W, 0x0000000000000400
2026/09/23 17:56:04.920, 58, 2932 MHz, 15016 MHz, 106.30 W, 0x0000000000000400
2026/09/23 17:56:05.927, 58, 2932 MHz, 15016 MHz, 95.02 W, 0x0000000000000400
2026/09/23 17:56:06.938, 58, 2932 MHz, 15016 MHz, 105.87 W, 0x0000000000000400
2026/09/23 17:56:07.945, 58, 2932 MHz, 15016 MHz, 108.41 W, 0x0000000000000400
2026/09/23 17:56:08.948, 59, 2932 MHz, 15016 MHz, 105.42 W, 0x0000000000000400
2026/09/23 17:56:09.949, 59, 2925 MHz, 15016 MHz, 109.52 W, 0x0000000000000400
2026/09/23 17:56:10.955, 64, 2925 MHz, 15016 MHz, 108.97 W, 0x0000000000000400
2026/09/23 17:56:11.956, 58, 2932 MHz, 15016 MHz, 111.79 W, 0x0000000000000400
2026/09/23 17:56:12.958, 59, 2932 MHz, 15016 MHz, 95.74 W, 0x0000000000000400
2026/09/23 17:56:13.964, 59, 2932 MHz, 15016 MHz, 109.42 W, 0x0000000000000400
2026/09/23 17:56:14.965, 60, 2925 MHz, 15016 MHz, 109.07 W, 0x0000000000000400
2026/09/23 17:56:15.967, 60, 2932 MHz, 15016 MHz, 109.57 W, 0x0000000000000400
2026/09/23 17:56:18.584, 61, 2917 MHz, 15016 MHz, 107.05 W, 0x0000000000000400
2026/09/23 17:56:19.586, 59, 2932 MHz, 15016 MHz, 111.27 W, 0x0000000000000400
2026/09/23 17:56:20.589, 59, 2932 MHz, 15016 MHz, 100.88 W, 0x0000000000000400
2026/09/23 17:56:21.600, 59, 2932 MHz, 15016 MHz, 109.95 W, 0x0000000000000400
2026/09/23 17:56:22.601, 60, 2925 MHz, 15016 MHz, 109.82 W, 0x0000000000000400
2026/09/23 17:56:23.602, 63, 2917 MHz, 15016 MHz, 112.41 W, 0x0000000000000400
2026/09/23 17:56:24.603, 59, 2932 MHz, 15016 MHz, 112.74 W, 0x0000000000000400
2026/09/23 17:56:25.605, 59, 2925 MHz, 15016 MHz, 103.90 W, 0x0000000000000400
2026/09/23 17:56:26.607, 60, 2932 MHz, 15016 MHz, 100.20 W, 0x0000000000000400
2026/09/23 17:56:27.608, 60, 2932 MHz, 15016 MHz, 113.33 W, 0x0000000000000400
2026/09/23 17:56:28.609, 60, 2925 MHz, 15016 MHz, 112.78 W, 0x0000000000000400
2026/09/23 17:56:29.610, 66, 2910 MHz, 15016 MHz, 112.69 W, 0x0000000000000400
2026/09/23 17:56:30.611, 60, 2932 MHz, 15016 MHz, 100.63 W, 0x0000000000000400
2026/09/23 17:56:31.613, 60, 2925 MHz, 15016 MHz, 111.29 W, 0x0000000000000400
2026/09/23 17:56:32.615, 61, 2925 MHz, 15016 MHz, 113.39 W, 0x0000000000000400
2026/09/23 17:56:33.616, 66, 2917 MHz, 15016 MHz, 115.36 W, 0x0000000000000400
2026/09/23 17:56:34.622, 60, 2925 MHz, 15016 MHz, 113.79 W, 0x0000000000000400
2026/09/23 17:56:35.624, 61, 2925 MHz, 15016 MHz, 99.97 W, 0x0000000000000400
2026/09/23 17:56:36.625, 61, 2925 MHz, 15016 MHz, 110.25 W, 0x0000000000000400
2026/09/23 17:56:37.627, 61, 2925 MHz, 15016 MHz, 114.64 W, 0x0000000000000400
2026/09/23 17:56:38.628, 62, 2917 MHz, 15016 MHz, 114.44 W, 0x0000000000000400
2026/09/23 17:56:39.629, 60, 2925 MHz, 15016 MHz, 109.26 W, 0x0000000000000400
2026/09/23 17:56:40.630, 60, 2925 MHz, 15016 MHz, 101.09 W, 0x0000000000000400
2026/09/23 17:56:41.631, 61, 2925 MHz, 15016 MHz, 114.42 W, 0x0000000000000400
2026/09/23 17:56:42.641, 66, 2910 MHz, 15016 MHz, 115.55 W, 0x0000000000000400
2026/09/23 17:56:43.643, 60, 2932 MHz, 15016 MHz, 116.52 W, 0x0000000000000400
2026/09/23 17:56:44.644, 60, 2925 MHz, 15016 MHz, 99.54 W, 0x0000000000000400
2026/09/23 17:56:45.646, 60, 2932 MHz, 15016 MHz, 115.25 W, 0x0000000000000400
2026/09/23 17:56:46.647, 60, 2925 MHz, 15016 MHz, 113.50 W, 0x0000000000000400
2026/09/23 17:56:47.648, 64, 2917 MHz, 15016 MHz, 115.38 W, 0x0000000000000400
2026/09/23 17:56:48.650, 66, 2910 MHz, 15016 MHz, 177.93 W, 0x0000000000000400
2026/09/23 17:56:49.652, 67, 2910 MHz, 15016 MHz, 196.52 W, 0x0000000000000400
2026/09/23 17:56:52.273, 68, 2902 MHz, 15016 MHz, 196.56 W, 0x0000000000000400
2026/09/23 17:56:53.275, 65, 2917 MHz, 15016 MHz, 160.75 W, 0x0000000000000400
2026/09/23 17:56:54.276, 61, 2925 MHz, 15016 MHz, 132.80 W, 0x0000000000000400
2026/09/23 17:56:55.278, 63, 2925 MHz, 15016 MHz, 111.57 W, 0x0000000000000400
2026/09/23 17:56:56.280, 64, 2910 MHz, 15016 MHz, 114.57 W, 0x0000000000000400
2026/09/23 17:56:57.286, 59, 2932 MHz, 15016 MHz, 116.57 W, 0x0000000000000400
2026/09/23 17:56:58.295, 63, 2917 MHz, 15016 MHz, 124.13 W, 0x0000000000000400
2026/09/23 17:56:59.296, 64, 2910 MHz, 15016 MHz, 112.73 W, 0x0000000000000400
2026/09/23 17:57:00.297, 59, 2917 MHz, 15016 MHz, 113.48 W, 0x0000000000000400
2026/09/23 17:57:01.305, 61, 2917 MHz, 15016 MHz, 145.60 W, 0x0000000000000400
2026/09/23 17:57:02.306, 58, 2917 MHz, 15016 MHz, 159.33 W, 0x0000000000000400
2026/09/23 17:57:03.307, 69, 2887 MHz, 15016 MHz, 270.70 W, 0x0000000000000400
2026/09/23 17:57:04.308, 69, 2895 MHz, 15016 MHz, 252.74 W, 0x0000000000000400
2026/09/23 17:57:05.310, 70, 2895 MHz, 15016 MHz, 244.70 W, 0x0000000000000400
2026/09/23 17:57:06.311, 70, 2895 MHz, 15016 MHz, 239.60 W, 0x0000000000000400
2026/09/23 17:57:07.320, 70, 2910 MHz, 15016 MHz, 235.11 W, 0x0000000000000400
2026/09/23 17:57:08.322, 70, 2902 MHz, 15016 MHz, 237.31 W, 0x0000000000000400
2026/09/23 17:57:09.323, 70, 2902 MHz, 15016 MHz, 226.17 W, 0x0000000000000400
2026/09/23 17:57:10.329, 67, 2910 MHz, 15016 MHz, 222.10 W, 0x0000000000000400
2026/09/23 17:57:11.331, 69, 2902 MHz, 15016 MHz, 211.68 W, 0x0000000000000400
2026/09/23 17:57:12.332, 67, 2910 MHz, 15016 MHz, 206.26 W, 0x0000000000000400
2026/09/23 17:57:13.333, 70, 2910 MHz, 15016 MHz, 207.11 W, 0x0000000000000400
2026/09/23 17:57:14.335, 67, 2910 MHz, 15016 MHz, 195.71 W, 0x0000000000000400
2026/09/23 17:57:15.336, 66, 2910 MHz, 15016 MHz, 198.58 W, 0x0000000000000400
2026/09/23 17:57:16.337, 64, 2910 MHz, 15016 MHz, 197.26 W, 0x0000000000000400
2026/09/23 17:57:17.338, 66, 2902 MHz, 15016 MHz, 189.32 W, 0x0000000000000400
2026/09/23 17:57:18.340, 66, 2902 MHz, 15016 MHz, 197.35 W, 0x0000000000000400
2026/09/23 17:57:19.341, 66, 2902 MHz, 15016 MHz, 199.44 W, 0x0000000000000400
2026/09/23 17:57:20.342, 67, 2910 MHz, 15016 MHz, 197.31 W, 0x0000000000000400
2026/09/23 17:57:21.344, 65, 2902 MHz, 15016 MHz, 195.92 W, 0x0000000000000400
2026/09/23 17:57:22.345, 66, 2902 MHz, 15016 MHz, 189.93 W, 0x0000000000000400
2026/09/23 17:57:23.346, 65, 2910 MHz, 15016 MHz, 196.22 W, 0x0000000000000400
2026/09/23 17:57:25.969, 66, 2902 MHz, 15016 MHz, 195.94 W, 0x0000000000000400
2026/09/23 17:57:26.972, 65, 2910 MHz, 15016 MHz, 188.95 W, 0x0000000000000400
2026/09/23 17:57:27.974, 66, 2910 MHz, 15016 MHz, 196.12 W, 0x0000000000000400
2026/09/23 17:57:28.976, 65, 2902 MHz, 15016 MHz, 190.29 W, 0x0000000000000400
2026/09/23 17:57:29.977, 64, 2910 MHz, 15016 MHz, 187.42 W, 0x0000000000000400
2026/09/23 17:57:30.979, 64, 2910 MHz, 15016 MHz, 194.49 W, 0x0000000000000400
2026/09/23 17:57:31.981, 63, 2910 MHz, 15016 MHz, 189.83 W, 0x0000000000000400
2026/09/23 17:57:32.983, 65, 2902 MHz, 15016 MHz, 189.48 W, 0x0000000000000400
2026/09/23 17:57:33.985, 64, 2902 MHz, 15016 MHz, 187.15 W, 0x0000000000000400
2026/09/23 17:57:34.995, 64, 2902 MHz, 15016 MHz, 193.75 W, 0x0000000000000400
2026/09/23 17:57:35.996, 64, 2902 MHz, 15016 MHz, 193.79 W, 0x0000000000000400
2026/09/23 17:57:36.999, 64, 2902 MHz, 15016 MHz, 187.74 W, 0x0000000000000400
2026/09/23 17:57:38.000, 64, 2902 MHz, 15016 MHz, 187.33 W, 0x0000000000000400
2026/09/23 17:57:39.003, 64, 2902 MHz, 15016 MHz, 187.22 W, 0x0000000000000400
2026/09/23 17:57:40.005, 64, 2902 MHz, 15016 MHz, 186.92 W, 0x0000000000000400
2026/09/23 17:57:41.007, 65, 2910 MHz, 15016 MHz, 188.09 W, 0x0000000000000400
2026/09/23 17:57:42.008, 63, 2910 MHz, 15016 MHz, 188.02 W, 0x0000000000000400
2026/09/23 17:57:43.012, 63, 2910 MHz, 15016 MHz, 186.62 W, 0x0000000000000400
2026/09/23 17:57:44.014, 63, 2910 MHz, 15016 MHz, 186.66 W, 0x0000000000000400
2026/09/23 17:57:45.016, 63, 2902 MHz, 15016 MHz, 187.23 W, 0x0000000000000400
2026/09/23 17:57:46.018, 63, 2910 MHz, 15016 MHz, 182.39 W, 0x0000000000000400
2026/09/23 17:57:47.019, 63, 2910 MHz, 15016 MHz, 186.63 W, 0x0000000000000400
2026/09/23 17:57:48.021, 63, 2910 MHz, 15016 MHz, 186.41 W, 0x0000000000000400
2026/09/23 17:57:49.024, 62, 2910 MHz, 15016 MHz, 183.01 W, 0x0000000000000400
2026/09/23 17:57:50.026, 63, 2910 MHz, 15016 MHz, 184.66 W, 0x0000000000000400
2026/09/23 17:57:51.027, 62, 2910 MHz, 15016 MHz, 186.10 W, 0x0000000000000400
2026/09/23 17:57:52.028, 62, 2910 MHz, 15016 MHz, 185.69 W, 0x0000000000000400
2026/09/23 17:57:53.030, 61, 2895 MHz, 15016 MHz, 194.04 W, 0x0000000000000400
2026/09/23 17:57:54.031, 67, 2902 MHz, 15016 MHz, 261.10 W, 0x0000000000000400
2026/09/23 17:57:55.032, 61, 2887 MHz, 15016 MHz, 196.50 W, 0x0000000000000004
2026/09/23 17:57:56.037, 68, 2895 MHz, 15016 MHz, 292.99 W, 0x0000000000000400
2026/09/23 17:57:57.046, 67, 2902 MHz, 15016 MHz, 264.64 W, 0x0000000000000400
2026/09/23 17:57:58.048, 67, 2902 MHz, 15016 MHz, 253.35 W, 0x0000000000000400
2026/09/23 17:58:00.732, 63, 2910 MHz, 15016 MHz, 234.30 W, 0x0000000000000400
2026/09/23 17:58:01.733, 56, 2917 MHz, 15016 MHz, 192.96 W, 0x0000000000000004
2026/09/23 17:58:02.734, 69, 2895 MHz, 15016 MHz, 289.22 W, 0x0000000000000400
2026/09/23 17:58:03.735, 68, 2902 MHz, 15016 MHz, 263.81 W, 0x0000000000000004
2026/09/23 17:58:04.736, 68, 2910 MHz, 15016 MHz, 251.88 W, 0x0000000000000004
2026/09/23 17:58:05.738, 69, 2910 MHz, 15016 MHz, 244.55 W, 0x0000000000000400
2026/09/23 17:58:06.745, 69, 2910 MHz, 15016 MHz, 238.72 W, 0x0000000000000004
2026/09/23 17:58:07.746, 67, 2902 MHz, 15016 MHz, 234.50 W, 0x0000000000000400
2026/09/23 17:58:08.747, 68, 2902 MHz, 15016 MHz, 228.00 W, 0x0000000000000400
2026/09/23 17:58:09.749, 65, 2902 MHz, 15016 MHz, 216.07 W, 0x0000000000000400
2026/09/23 17:58:10.750, 67, 2910 MHz, 15016 MHz, 205.71 W, 0x0000000000000004
2026/09/23 17:58:11.753, 64, 2902 MHz, 15016 MHz, 207.73 W, 0x0000000000000400
2026/09/23 17:58:12.761, 64, 2902 MHz, 15016 MHz, 202.14 W, 0x0000000000000400
2026/09/23 17:58:13.763, 64, 2902 MHz, 15016 MHz, 203.57 W, 0x0000000000000400
2026/09/23 17:58:14.764, 63, 2902 MHz, 15016 MHz, 196.13 W, 0x0000000000000400
2026/09/23 17:58:15.770, 63, 2902 MHz, 15016 MHz, 187.80 W, 0x0000000000000400
2026/09/23 17:58:16.772, 63, 2902 MHz, 15016 MHz, 196.68 W, 0x0000000000000400
2026/09/23 17:58:17.773, 63, 2902 MHz, 15016 MHz, 195.16 W, 0x0000000000000400
2026/09/23 17:58:18.781, 61, 2925 MHz, 15016 MHz, 158.65 W, 0x0000000000000400
2026/09/23 17:58:19.789, 56, 2932 MHz, 15016 MHz, 114.99 W, 0x0000000000000400
2026/09/23 17:58:20.798, 56, 2932 MHz, 15016 MHz, 111.64 W, 0x0000000000000400
2026/09/23 17:58:21.808, 54, 2932 MHz, 15016 MHz, 127.04 W, 0x0000000000000400
2026/09/23 17:58:22.809, 58, 2932 MHz, 15016 MHz, 120.66 W, 0x0000000000000400
2026/09/23 17:58:23.811, 60, 2925 MHz, 15016 MHz, 110.48 W, 0x0000000000000400
2026/09/23 17:58:24.816, 54, 2932 MHz, 15016 MHz, 114.76 W, 0x0000000000000400
2026/09/23 17:58:25.818, 55, 2925 MHz, 15016 MHz, 122.62 W, 0x0000000000000400
2026/09/23 17:58:26.819, 59, 2910 MHz, 15016 MHz, 181.04 W, 0x0000000000000400
2026/09/23 17:58:27.825, 65, 2887 MHz, 15016 MHz, 217.29 W, 0x0000000000000400
2026/09/23 17:58:28.831, 68, 2895 MHz, 15016 MHz, 270.58 W, 0x0000000000000400
2026/09/23 17:58:29.837, 66, 2902 MHz, 15016 MHz, 258.06 W, 0x0000000000000400
2026/09/23 17:58:30.845, 66, 2910 MHz, 15016 MHz, 243.87 W, 0x0000000000000004
2026/09/23 17:58:31.851, 66, 2902 MHz, 15016 MHz, 242.76 W, 0x0000000000000400
2026/09/23 17:58:34.428, 67, 2910 MHz, 15016 MHz, 240.73 W, 0x0000000000000400
2026/09/23 17:58:35.429, 66, 2910 MHz, 15016 MHz, 224.23 W, 0x0000000000000400
2026/09/23 17:58:36.431, 65, 2910 MHz, 15016 MHz, 225.90 W, 0x0000000000000400
2026/09/23 17:58:37.435, 64, 2902 MHz, 15016 MHz, 205.82 W, 0x0000000000000400
2026/09/23 17:58:38.437, 66, 2910 MHz, 15016 MHz, 209.51 W, 0x0000000000000400
2026/09/23 17:58:39.439, 63, 2902 MHz, 15016 MHz, 206.20 W, 0x0000000000000400
2026/09/23 17:58:40.440, 62, 2902 MHz, 15016 MHz, 200.44 W, 0x0000000000000400
2026/09/23 17:58:41.442, 65, 2910 MHz, 15016 MHz, 200.85 W, 0x0000000000000004
2026/09/23 17:58:42.443, 60, 2910 MHz, 15016 MHz, 189.24 W, 0x0000000000000400
2026/09/23 17:58:43.444, 62, 2910 MHz, 15016 MHz, 191.50 W, 0x0000000000000004
2026/09/23 17:58:44.447, 62, 2902 MHz, 15016 MHz, 196.63 W, 0x0000000000000400
2026/09/23 17:58:45.459, 62, 2910 MHz, 15016 MHz, 193.41 W, 0x0000000000000004
2026/09/23 17:58:46.463, 62, 2902 MHz, 15016 MHz, 193.27 W, 0x0000000000000400
2026/09/23 17:58:47.464, 65, 2910 MHz, 15016 MHz, 195.50 W, 0x0000000000000400
2026/09/23 17:58:48.466, 62, 2902 MHz, 15016 MHz, 195.65 W, 0x0000000000000400
2026/09/23 17:58:49.467, 63, 2910 MHz, 15016 MHz, 192.53 W, 0x0000000000000400
2026/09/23 17:58:50.468, 62, 2910 MHz, 15016 MHz, 194.85 W, 0x0000000000000400
2026/09/23 17:58:51.469, 62, 2910 MHz, 15016 MHz, 192.41 W, 0x0000000000000400
2026/09/23 17:58:52.471, 63, 2902 MHz, 15016 MHz, 195.26 W, 0x0000000000000400
2026/09/23 17:58:53.477, 62, 2902 MHz, 15016 MHz, 192.30 W, 0x0000000000000400
2026/09/23 17:58:54.478, 62, 2910 MHz, 15016 MHz, 186.37 W, 0x0000000000000400
2026/09/23 17:58:55.480, 61, 2910 MHz, 15016 MHz, 189.95 W, 0x0000000000000400
2026/09/23 17:58:56.482, 63, 2902 MHz, 15016 MHz, 188.06 W, 0x0000000000000400
2026/09/23 17:58:57.483, 62, 2902 MHz, 15016 MHz, 187.46 W, 0x0000000000000400
2026/09/23 17:58:58.485, 62, 2902 MHz, 15016 MHz, 185.99 W, 0x0000000000000400
2026/09/23 17:58:59.486, 62, 2902 MHz, 15016 MHz, 185.76 W, 0x0000000000000400
2026/09/23 17:59:00.495, 62, 2902 MHz, 15016 MHz, 188.23 W, 0x0000000000000400
2026/09/23 17:59:01.501, 62, 2902 MHz, 15016 MHz, 187.36 W, 0x0000000000000400
2026/09/23 17:59:02.510, 62, 2902 MHz, 15016 MHz, 188.61 W, 0x0000000000000400
2026/09/23 17:59:03.512, 62, 2902 MHz, 15016 MHz, 186.64 W, 0x0000000000000400
2026/09/23 17:59:04.513, 63, 2902 MHz, 15016 MHz, 186.74 W, 0x0000000000000400
2026/09/23 17:59:05.518, 63, 2910 MHz, 15016 MHz, 187.15 W, 0x0000000000000400
2026/09/23 17:59:08.177, 62, 2910 MHz, 15016 MHz, 188.43 W, 0x0000000000000400
2026/09/23 17:59:09.186, 62, 2910 MHz, 15016 MHz, 184.81 W, 0x0000000000000400
2026/09/23 17:59:10.187, 62, 2910 MHz, 15016 MHz, 185.64 W, 0x0000000000000004
2026/09/23 17:59:11.189, 62, 2902 MHz, 15016 MHz, 185.16 W, 0x0000000000000400
2026/09/23 17:59:12.190, 65, 2910 MHz, 15016 MHz, 185.46 W, 0x0000000000000400
2026/09/23 17:59:13.192, 61, 2910 MHz, 15016 MHz, 186.78 W, 0x0000000000000400
2026/09/23 17:59:14.194, 62, 2910 MHz, 15016 MHz, 185.44 W, 0x0000000000000400
2026/09/23 17:59:15.195, 61, 2910 MHz, 15016 MHz, 179.53 W, 0x0000000000000400
2026/09/23 17:59:16.197, 62, 2910 MHz, 15016 MHz, 183.45 W, 0x0000000000000400
2026/09/23 17:59:17.199, 62, 2910 MHz, 15016 MHz, 184.90 W, 0x0000000000000400
2026/09/23 17:59:18.200, 61, 2910 MHz, 15016 MHz, 180.79 W, 0x0000000000000400
2026/09/23 17:59:19.201, 61, 2910 MHz, 15016 MHz, 199.20 W, 0x0000000000000400
2026/09/23 17:59:20.203, 52, 2932 MHz, 15016 MHz, 61.71 W, 0x0000000000000400
2026/09/23 17:59:21.205, 50, 2947 MHz, 15016 MHz, 53.38 W, 0x0000000000000400
2026/09/23 17:59:22.206, 48, 420 MHz, 7001 MHz, 30.56 W, 0x0000000000000400
2026/09/23 17:59:23.207, 48, 345 MHz, 810 MHz, 28.03 W, 0x0000000000000400
2026/09/23 17:59:24.209, 47, 277 MHz, 810 MHz, 20.28 W, 0x0000000000000400
2026/09/23 17:59:25.211, 46, 277 MHz, 405 MHz, 18.46 W, 0x0000000000000400
2026/09/23 17:59:26.214, 46, 277 MHz, 405 MHz, 20.34 W, 0x0000000000000400
