1790235583 2, 16303
1790235584 2, 16303
1790235585 2, 16303
1790235586 2, 16303
1790235587 2, 16303
1790235588 2, 16303
1790235589 2, 16303
1790235590 2, 16303
1790235591 2, 16303
1790235593 338, 16303
1790235594 338, 16303
1790235595 950, 16303
1790235596 1694, 16303
1790235597 3048, 16303
1790235598 3048, 16303
1790235599 3048, 16303
1790235600 3066, 16303
1790235601 3074, 16303
1790235602 3074, 16303
1790235603 3074, 16303
1790235604 3074, 16303
1790235605 3074, 16303
1790235606 3074, 16303
1790235608 3074, 16303
1790235609 3074, 16303
1790235610 3074, 16303
1790235611 3074, 16303
1790235612 3074, 16303
1790235613 3074, 16303
1790235614 3074, 16303
1790235615 3074, 16303
1790235616 3074, 16303
1790235617 3074, 16303
1790235618 3074, 16303
1790235619 3074, 16303
1790235620 3074, 16303
1790235622 3074, 16303
1790235623 15038, 16303
1790235624 15038, 16303
1790235625 15038, 16303
1790235626 15038, 16303
1790235627 15038, 16303
1790235628 15038, 16303
1790235629 15038, 16303
1790235630 15038, 16303
1790235631 15038, 16303
1790235632 15038, 16303
1790235633 15038, 16303
1790235634 15038, 16303
1790235636 15038, 16303
1790235637 12636, 16303
1790235638 12636, 16303
1790235639 12636, 16303
1790235640 12636, 16303
1790235641 12636, 16303
1790235642 12636, 16303
1790235643 12636, 16303
1790235644 12636, 16303
1790235645 12636, 16303
1790235646 12636, 16303
1790235647 12636, 16303
1790235648 12636, 16303
1790235649 12636, 16303
1790235650 12666, 16303
1790235652 12670, 16303
1790235653 12676, 16303
1790235654 12676, 16303
1790235655 12676, 16303
1790235656 12676, 16303
1790235657 12676, 16303
1790235658 12676, 16303
1790235659 12676, 16303
1790235660 12676, 16303
1790235661 12676, 16303
1790235662 12676, 16303
1790235663 12676, 16303
1790235664 12676, 16303
1790235665 12676, 16303
1790235666 12676, 16303
1790235668 12676, 16303
1790235669 12676, 16303
1790235670 12676, 16303
1790235671 12676, 16303
1790235672 12676, 16303
1790235673 12676, 16303
1790235674 12676, 16303
1790235675 12676, 16303
1790235676 12676, 16303
1790235677 12722, 16303
1790235678 12726, 16303
1790235679 12726, 16303
1790235680 12726, 16303
1790235681 12726, 16303
1790235683 12726, 16303
1790235684 12726, 16303
1790235685 12726, 16303
1790235686 12726, 16303
1790235687 12726, 16303
1790235688 12726, 16303
1790235689 12726, 16303
1790235690 12726, 16303
1790235691 13702, 16303
1790235692 13702, 16303
1790235693 13702, 16303
1790235694 13702, 16303
1790235695 13702, 16303
1790235696 13702, 16303
1790235698 13702, 16303
1790235699 13702, 16303
1790235700 13702, 16303
1790235701 13702, 16303
1790235702 13702, 16303
1790235703 13702, 16303
1790235704 13702, 16303
1790235705 13702, 16303
1790235706 13702, 16303
1790235707 13702, 16303
1790235708 14708, 16303
1790235709 14708, 16303
1790235710 14708, 16303
1790235711 14708, 16303
1790235713 14708, 16303
1790235714 14708, 16303
1790235715 14754, 16303
1790235716 14754, 16303
1790235717 14754, 16303
1790235718 14754, 16303
1790235719 14754, 16303
1790235720 14754, 16303
1790235721 14754, 16303
1790235722 14754, 16303
1790235723 14754, 16303
1790235724 14754, 16303
1790235725 14754, 16303
1790235726 14754, 16303
1790235727 14754, 16303
1790235729 14754, 16303
1790235730 14754, 16303
1790235731 14754, 16303
1790235732 14754, 16303
1790235733 14754, 16303
1790235734 14754, 16303
1790235735 14754, 16303
1790235736 15714, 16303
1790235737 15714, 16303
1790235738 15714, 16303
1790235739 15734, 16303
1790235740 15734, 16303
1790235741 15734, 16303
1790235742 15734, 16303
1790235743 15734, 16303
1790235745 15734, 16303
1790235746 15734, 16303
1790235747 15734, 16303
1790235748 15734, 16303
1790235749 15734, 16303
1790235750 15734, 16303
1790235751 15734, 16303
1790235752 15734, 16303
1790235753 15734, 16303
1790235754 15734, 16303
1790235755 15734, 16303
1790235756 15734, 16303
1790235757 15734, 16303
1790235758 15734, 16303
1790235759 15734, 16303
1790235760 15734, 16303
1790235761 15734, 16303
1790235763 15734, 16303
1790235764 15734, 16303
1790235765 15734, 16303
1790235766 15734, 16303
1790235767 15734, 16303
1790235768 15734, 16303
1790235769 14708, 16303
1790235770 15700, 16303
1790235771 15700, 16303
1790235772 15700, 16303
1790235773 15700, 16303
1790235774 15700, 16303
1790235775 15700, 16303
1790235776 15700, 16303
1790235777 15692, 16303
1790235778 15692, 16303
1790235779 15692, 16303
1790235781 15692, 16303
1790235782 15692, 16303
1790235783 15692, 16303
1790235784 15692, 16303
1790235785 15692, 16303
1790235786 15692, 16303
1790235787 15692, 16303
1790235788 15692, 16303
1790235789 15692, 16303
1790235790 15692, 16303
1790235791 15692, 16303
1790235792 15692, 16303
1790235793 15692, 16303
1790235794 15692, 16303
1790235795 15692, 16303
1790235796 15692, 16303
1790235798 15692, 16303
1790235799 15702, 16303
1790235800 15702, 16303
1790235801 15702, 16303
1790235802 15702, 16303
1790235803 15702, 16303
1790235804 15702, 16303
1790235805 15702, 16303
1790235806 15702, 16303
1790235807 15702, 16303
1790235808 15702, 16303
1790235809 15702, 16303
1790235810 15702, 16303
1790235811 15702, 16303
1790235812 15702, 16303
1790235813 15702, 16303
1790235815 15702, 16303
1790235816 15702, 16303
1790235817 15702, 16303
1790235818 15702, 16303
1790235819 15702, 16303
1790235820 15702, 16303
1790235821 15702, 16303
1790235822 15702, 16303
1790235823 15702, 16303
1790235824 15702, 16303
1790235825 15702, 16303
1790235826 15702, 16303
1790235827 15702, 16303
1790235828 15702, 16303
1790235830 15702, 16303
1790235831 15702, 16303
1790235832 15702, 16303
1790235833 15692, 16303
1790235834 15692, 16303
1790235835 15692, 16303
1790235836 15692, 16303
1790235837 15692, 16303
1790235838 15692, 16303
1790235839 15692, 16303
1790235840 15692, 16303
1790235841 15692, 16303
1790235842 15692, 16303
1790235843 15692, 16303
1790235844 15692, 16303
1790235846 15692, 16303
1790235847 15692, 16303
1790235848 15692, 16303
1790235849 15692, 16303
1790235850 15692, 16303
1790235851 15692, 16303
1790235852 15692, 16303
1790235853 15692, 16303
1790235854 15692, 16303
1790235855 15692, 16303
1790235856 15692, 16303
1790235857 15692, 16303
1790235858 15692, 16303
1790235859 15692, 16303
1790235860 15692, 16303
1790235862 15692, 16303
1790235863 15692, 16303
1790235864 15692, 16303
1790235865 15692, 16303
1790235866 15702, 16303
1790235867 15702, 16303
1790235868 15702, 16303
1790235869 15702, 16303
1790235870 15702, 16303
1790235871 15702, 16303
1790235872 15702, 16303
1790235874 15692, 16303
1790235875 15692, 16303
1790235876 15692, 16303
1790235877 15692, 16303
1790235878 15692, 16303
1790235879 15692, 16303
1790235880 15692, 16303
1790235881 15692, 16303
1790235882 15692, 16303
1790235883 15692, 16303
1790235884 15692, 16303
1790235885 15692, 16303
1790235886 15692, 16303
1790235887 15692, 16303
1790235889 15692, 16303
1790235890 15692, 16303
1790235891 15692, 16303
1790235892 15692, 16303
1790235893 15692, 16303
1790235894 15662, 16303
1790235895 15702, 16303
1790235896 15702, 16303
1790235897 15702, 16303
1790235898 15702, 16303
1790235899 15702, 16303
1790235900 15702, 16303
1790235901 15702, 16303
1790235902 15702, 16303
1790235903 15702, 16303
1790235905 15702, 16303
1790235906 15702, 16303
1790235907 15702, 16303
1790235908 15702, 16303
1790235909 15702, 16303
1790235910 15702, 16303
1790235911 15702, 16303
1790235912 15702, 16303
1790235913 15702, 16303
1790235914 15702, 16303
1790235915 15702, 16303
1790235916 15702, 16303
1790235917 15702, 16303
1790235918 15702, 16303
1790235919 15702, 16303
1790235920 15702, 16303
1790235922 15702, 16303
1790235923 15702, 16303
1790235924 15702, 16303
1790235925 15702, 16303
1790235926 15702, 16303
1790235927 15702, 16303
1790235928 15704, 16303
1790235929 15694, 16303
1790235930 2, 16303
