1790234408 2, 16303
1790234409 2, 16303
1790234410 2, 16303
1790234411 2, 16303
1790234412 2, 16303
1790234413 2, 16303
1790234414 2, 16303
1790234415 2, 16303
1790234416 2, 16303
1790234417 330, 16303
1790234419 338, 16303
1790234420 950, 16303
1790234421 1694, 16303
1790234422 3048, 16303
1790234423 3048, 16303
1790234424 3048, 16303
1790234425 3064, 16303
1790234426 14618, 16303
1790234427 14618, 16303
1790234428 14618, 16303
1790234429 14618, 16303
1790234430 14618, 16303
1790234431 14618, 16303
1790234432 14618, 16303
1790234433 14618, 16303
1790234435 14618, 16303
1790234436 14618, 16303
1790234437 14618, 16303
1790234438 14618, 16303
1790234439 14618, 16303
1790234440 12080, 16303
1790234441 12634, 16303
1790234442 12634, 16303
1790234443 12634, 16303
1790234444 12634, 16303
1790234445 12634, 16303
1790234446 12634, 16303
1790234447 12634, 16303
1790234448 12634, 16303
1790234449 12634, 16303
1790234451 12634, 16303
1790234452 12634, 16303
1790234453 12664, 16303
1790234454 12666, 16303
1790234455 12674, 16303
1790234456 12674, 16303
1790234457 12674, 16303
1790234458 12674, 16303
1790234459 12674, 16303
1790234460 12674, 16303
1790234461 12674, 16303
1790234462 12674, 16303
1790234463 12674, 16303
1790234464 12674, 16303
1790234466 12674, 16303
1790234467 12674, 16303
1790234468 12674, 16303
1790234469 12674, 16303
1790234470 12674, 16303
1790234471 12674, 16303
1790234472 12674, 16303
1790234473 12674, 16303
1790234474 12674, 16303
1790234475 12674, 16303
1790234476 12674, 16303
1790234477 12674, 16303
1790234478 12674, 16303
1790234480 12674, 16303
1790234481 12720, 16303
1790234482 12724, 16303
1790234483 12724, 16303
1790234484 12724, 16303
1790234485 12724, 16303
1790234486 12724, 16303
1790234487 12724, 16303
1790234488 12724, 16303
1790234489 12724, 16303
1790234490 12724, 16303
1790234491 12724, 16303
1790234492 12724, 16303
1790234493 12724, 16303
1790234494 13660, 16303
1790234496 13700, 16303
1790234497 13680, 16303
1790234498 13700, 16303
1790234499 13700, 16303
1790234500 13700, 16303
1790234501 13700, 16303
1790234502 13700, 16303
1790234503 13700, 16303
1790234504 13700, 16303
1790234505 13700, 16303
1790234506 13700, 16303
1790234507 13700, 16303
1790234508 13700, 16303
1790234509 13700, 16303
1790234510 13700, 16303
1790234512 14708, 16303
1790234513 14708, 16303
1790234514 14708, 16303
1790234515 14754, 16303
1790234516 14754, 16303
1790234517 14754, 16303
1790234518 14754, 16303
1790234519 14754, 16303
1790234520 14754, 16303
1790234521 14754, 16303
1790234522 14754, 16303
1790234523 14754, 16303
1790234524 14754, 16303
1790234525 14754, 16303
1790234526 14754, 16303
1790234528 14754, 16303
1790234529 14754, 16303
1790234530 14754, 16303
1790234531 14754, 16303
1790234532 14754, 16303
1790234533 14754, 16303
1790234534 14754, 16303
1790234535 14754, 16303
1790234536 14754, 16303
1790234537 14754, 16303
1790234538 14754, 16303
1790234539 15714, 16303
1790234540 15714, 16303
1790234541 15714, 16303
1790234542 15734, 16303
1790234544 15734, 16303
1790234545 15734, 16303
1790234546 15734, 16303
1790234547 15734, 16303
1790234548 15734, 16303
1790234549 15734, 16303
1790234550 15734, 16303
1790234551 15734, 16303
1790234552 15734, 16303
1790234553 15734, 16303
1790234554 15734, 16303
1790234555 15734, 16303
1790234556 15734, 16303
1790234557 15734, 16303
1790234558 15734, 16303
1790234560 15734, 16303
1790234561 15734, 16303
1790234562 15734, 16303
1790234563 15734, 16303
1790234564 15734, 16303
1790234565 15734, 16303
1790234566 15734, 16303
1790234567 15734, 16303
1790234568 15734, 16303
1790234569 15734, 16303
1790234570 15734, 16303
1790234571 15734, 16303
1790234572 15734, 16303
1790234573 15700, 16303
1790234574 15700, 16303
1790234575 15700, 16303
1790234576 15700, 16303
1790234578 15700, 16303
1790234579 15700, 16303
1790234580 15700, 16303
1790234581 15690, 16303
1790234582 15690, 16303
1790234583 15690, 16303
1790234584 15690, 16303
1790234585 15690, 16303
1790234586 15690, 16303
1790234587 15690, 16303
1790234588 15690, 16303
1790234589 15690, 16303
1790234590 15690, 16303
1790234591 15690, 16303
1790234592 15690, 16303
1790234593 15690, 16303
1790234594 15690, 16303
1790234595 15690, 16303
1790234597 15690, 16303
1790234598 15690, 16303
1790234599 15690, 16303
1790234600 15690, 16303
1790234601 15690, 16303
1790234602 15702, 16303
1790234603 15702, 16303
1790234604 15702, 16303
1790234605 15702, 16303
1790234606 15702, 16303
1790234607 15702, 16303
1790234608 15702, 16303
1790234609 15702, 16303
1790234610 15702, 16303
1790234611 15702, 16303
1790234613 15702, 16303
1790234614 15702, 16303
1790234615 15702, 16303
1790234616 15702, 16303
1790234617 15702, 16303
1790234618 15702, 16303
1790234619 15702, 16303
1790234620 15702, 16303
1790234621 15702, 16303
1790234622 15702, 16303
1790234623 15702, 16303
1790234624 15702, 16303
1790234625 15702, 16303
1790234626 15702, 16303
1790234627 15702, 16303
1790234628 15702, 16303
1790234629 15702, 16303
1790234631 15702, 16303
1790234632 15702, 16303
1790234633 15702, 16303
1790234634 15702, 16303
1790234635 15702, 16303
1790234636 15690, 16303
1790234637 15690, 16303
1790234638 15690, 16303
1790234639 15690, 16303
1790234640 15690, 16303
1790234641 15690, 16303
1790234642 15690, 16303
1790234643 15690, 16303
1790234644 15690, 16303
1790234645 15690, 16303
1790234647 15690, 16303
1790234648 15690, 16303
1790234649 15690, 16303
1790234650 15690, 16303
1790234651 15690, 16303
1790234652 15690, 16303
1790234653 15690, 16303
1790234654 15690, 16303
1790234655 15690, 16303
1790234656 15690, 16303
1790234657 15690, 16303
1790234658 15690, 16303
1790234659 15690, 16303
1790234660 15690, 16303
1790234661 15690, 16303
1790234663 15690, 16303
1790234664 15690, 16303
1790234665 15690, 16303
1790234666 15690, 16303
1790234667 15690, 16303
1790234668 15690, 16303
1790234669 15702, 16303
1790234670 15702, 16303
1790234671 15702, 16303
1790234672 15702, 16303
1790234673 15702, 16303
1790234674 15702, 16303
1790234675 15702, 16303
1790234676 15702, 16303
1790234677 15690, 16303
1790234679 15690, 16303
1790234680 15690, 16303
1790234681 15690, 16303
1790234682 15690, 16303
1790234683 15690, 16303
1790234684 15690, 16303
1790234685 15690, 16303
1790234686 15690, 16303
1790234687 15690, 16303
1790234688 15690, 16303
1790234689 15690, 16303
1790234690 15690, 16303
1790234691 15690, 16303
1790234692 15690, 16303
1790234693 15690, 16303
1790234694 15690, 16303
1790234696 15690, 16303
1790234697 15690, 16303
1790234698 15702, 16303
1790234699 15702, 16303
1790234700 15702, 16303
1790234701 15702, 16303
1790234702 15702, 16303
1790234703 15702, 16303
1790234704 15702, 16303
1790234705 15702, 16303
1790234706 15702, 16303
1790234707 15702, 16303
1790234708 15702, 16303
1790234709 15702, 16303
1790234710 15702, 16303
1790234711 15702, 16303
1790234713 15702, 16303
1790234714 15702, 16303
1790234715 15702, 16303
1790234716 15702, 16303
1790234717 15702, 16303
1790234718 15702, 16303
1790234719 15702, 16303
1790234720 15702, 16303
1790234721 15702, 16303
1790234722 15702, 16303
1790234723 15702, 16303
1790234724 15702, 16303
1790234725 15702, 16303
1790234726 15702, 16303
1790234727 15702, 16303
1790234729 15702, 16303
1790234730 15702, 16303
1790234731 15704, 16303
1790234732 15692, 16303
1790234733 15664, 16303
1790234734 2, 16303
